url,category,title,date,text,title_length,text_length
https://sport.detik.com/raket/d-8656258/mens-world-tennis-championship-rifqi-dan-rafalentino-tembus-babak-kedua,sport,Men's World Tennis Championship: Rifqi dan Rafalentino Tembus Babak Kedua,"Kamis, 10 Sep 2026 04:42 WIB","Dua petenis Indonesia, Muhammad Rifqi Fitriadi dan Rafalentino Ali Da Costa, melangkah ke Babak Kedua Seri V Men's World Tennis Championship 2026.
Pada laga Babak pertama tunggal putra ITF World Tennis Tour M-15 di Bali Beach Country Club, Nusa Dua, Rabu (9/9/2026) Rafalentino menghadapi petenis India Shanker Heisnam.
Petenis 16 tahun itu dengan mudah menang dua set langsung, 6-4 dan 6-1, dalam tempo 59 menit. Ini mengulangi kemenangan atas Shanker di seri IV pekan lalu.
""Saya sudah mengalahkan Shanker pekan lalu sehingga termotivasi untuk mengulanginya. Saya tetap bermain tanpa beban di babak berikutnya dan fokus dengan strategi agar mendapat hasil maksimal,"" ujar Rafalentino dalam rilis kepada detikSport.
Langkah serupa dilakoni Rifqi Fitriadi yang bermain di lapangan F menghadapi wakil Swedia Eric Ahren Moonga. Rifqi dengan karakternya menyerang dari garis belakang mendominasi permainan sebelum menang 6-2 dan 6-2 dalam tempo 1 jam 8 menit.
Pada babak kedua, Rifqi bertemu petenis kualifikasi asal Australia Hayden Jones yang menang 6-1 6-1 dari Raghav Jaysinghani.
Sementara itu tuan rumah harus kehilangan satu wakilnya di babak utama, setelah perjuangan Anthony Susanto selama 2 jam 53 menit saat menantang unggulan keenam asal Selandia Baru, Isaac Becroft, gagal membuahkan kemenangan.
Keunggulan 7-6 tiebreak 4 di set pertama, ternyata tak mampu di pertahankan oleh petenis 29 tahun itu. Isaac yang merupakan runner-up Seri IV menang rubber rame 6-2 dan 7-5.
(mrp/yna)",73,1489
https://sport.detik.com/raket/d-8656218/kevin-sanjaya-antusias-lihat-semangat-talenta-bulutangkis-indonesia,sport,Kevin Sanjaya Antusias Lihat Semangat Talenta Bulutangkis Indonesia,"Kamis, 10 Sep 2026 01:15 WIB","Audisi Umum PB Djarum 2026 sedang berlangsung di Kudus. Kevin Sanjaya jadi teringat momen saat dirinya berupaya mengejar mimpi.
Audisi Umum PB Djarum 2026 Kudus dihelat di GOR Djarum, Jati, pada Rabu (9/9) hingga Minggu (13/9). Tak kurang, sebanyak 1.601 peserta yang berasal dari berbagai penjuru Indonesia mulai dari Sumatera hingga Papua.
Mantan atlet bulutangkis Indonesia ternama, Kevin Sanjaya, ikut terlibat dalam Tim Pencari Bakat PB Djarum. Dia juga merupakan sosok legenda di PB Djarum.
""Hadir di GOR Jati membuat saya bernostalgia semasa pertama kali mengikuti Audisi Umum PB Djarum di tahun 2006 lalu. Saya senang melihat perjuangan adik-adik yang begitu gigih. Menurut saya, mentalitas bertanding dan siap akan hasil apapun di lapangan menjadi poin penting untuk menjadi pebulutangkis andal. Jadi antara keinginan untuk menang dan rasa takut kalah itu harus seimbang,"" kata Kevin dalam rilis yang diterima detikSport.
""Melihat antusiasme yang luar biasa dari adik-adik di audisi kali ini, saya rasa ini merupakan angin segar bagi regenerasi bulutangkis kita karena merekalah calon-calon pahlawan olahraga untuk Indonesia di masa depan,"" sambungnya.
Para bibit potensial ini tersebar di tiga kategori usia yaitu U-11, KU-11, dan KU-12 baik putra maupun putri. Adapun Kudus menjadi kota ketiga pelaksanaan proses seleksi pebulutangkis muda berkualitas super setelah lebih dahulu diadakan di Pekanbaru (Juli) dan Makassar (Agustus).
""Bertepatan dengan Hari Olahraga Nasional, kami ingin terus mengambil peran dalam mendukung kemajuan olahraga Indonesia melalui pembinaan atlet sejak usia dini. Audisi Umum PB Djarum menjadi salah satu langkah untuk menemukan talenta-talenta muda potensial dari berbagai daerah,"" kata Program Director Bakti Olahraga Djarum Foundation sekaligus Ketua PB Djarum, Yoppy Rosimin.
(ran/ran)",67,1829
https://sport.detik.com/sport-lain/d-8656170/atlet-muda-modern-pentathlon-punya-kesempatan-karier-di-militer,sport,Atlet Muda Modern Pentathlon Punya Kesempatan Karier di Militer,"Rabu, 09 Sep 2026 23:50 WIB","Modern Pentathlon akan dipertandingkan dalam momen Hari Ulang Tahun (HUT) TNI ke-81. Ketua Umum Pengurus Pusat Modern Pentathlon Indonesia (PP MPI), Marsekal Muda (Marsda) TNI Purwoko Aji Prabowo, menyampaikan apresiasi.
Modern Pentathlon adalah cabang olahraga Olimpiade yang menggabungkan lima disiplin berbeda: anggar, renang, lari, menembak, dan rintangan (obstacle) yang menggantikan disiplin berkuda mulai tahun 2025.
Modern Pentathlon Indonesia Open 2026 yang memperebutkan Piala Panglima TNI ini dijadwalkan akan berlangsung di Akademi Angkatan Udara (AAU) Yogyakarta, 23-25 September 2026.
""Merupakan suatu kehormatan modern pentathlon menjadi satu dari delapan cabang olahraga yang dipertandingkan dalam rangka memperingati HUT ke-81 TNI tahun 2026. Kami siap mensukseskan Modern Pentathlon Indonesia Open 2026 memperebutkan Piala Panglima TNI,"" kata Purwoko Aji Prabowo yang mendampingi Panglima Koopsudnas (Pangkoopsudnas) Marsekal Madya (Marsdya) TNI Minggit Tribowo.
""Keberadaan Modern Pentathlon Indonesia Open 2026 ini mewujudkan keinginan kami untuk terus menggemakan pembinaan Modern Pentathlon yang mampu membentuk karakter generasi muda yang berdisiplin tinggi, berdaya juang, dan bertalenta juara,"" sambungnya dalam wawancara dengan medai di Ruang Leo Watimena Koopsudnas, Lanud Halim Perdanakusuma, Jakarta Timur, Selasa (8/9/2026).
Purwoko Aji Prabowo juga menyampaikan kabar gembira bagi para atlet muda Modern Pentathlon yang tampil dalam perebutan Piala Panglima TNI. Dia memastikan PP MPI akan mengawal serta memfasilitasi para pemenang di kategori U-19 yang memiliki minat untuk melanjutkan karier di dunia militer melalui jalur prestasi.
""Kami membuka kesempatan bagi para juara di kategori U-19, jika tertarik bergabung menjadi anggota TNI, akan coba kami fasilitasi. Kesempatan dari Panglima TNI ini terbuka lebar bagi bibit-bibit muda berprestasi,"" pungkas Marsda TNI Purwoko Aji.
Kejuaraan Piala Panglima TNI 2026 membuka persaingan untuk kategori Senior serta U-19 (putra dan putri). Tiga nomor utama yang siap menguji ketahanan fisik dan mental para atlet meliputi: Pentathlon, Triathle, dan Biathle.
Lebih jauh Purwoko Aji menyampaiakan, perkembangan prestasi Modern Pentathlon Indonesia mengalami peningkatan prestasi cukup signifikan. Pada SEA Games Thailand 2025 lalu, Timnas Modern Pentathlon Indonesia telah menyumbangkan 1 medali emas, 3 perak, dan 1 perunggu. Kini, PP MPI sudah menyiapkan 5 atlet yang bakal tampil di Asian Games Aichi-Nagoya 2026.
""Kita sudah mempersiapkan kelima atlet Modern Petathlon Indonesia dengan maksimal sehingga bisa memberikan yang terbaik pada saat tampil di Asian Games 2026 nanti. Khusus Modern Pentathlon Indonesia Open 2026 ini, kita berharap muncul bibit-bibit potensial yang akan dibina untuk persiapan menghadapi single dan multi event internasional ke depan,"" tutupnya.
(ran/aff)",63,2861
https://sport.detik.com/sport-lain/d-8656176/romy-tahrizi-juara-nasional-shifter-2026-bersama-dewa-united,sport,Romy Tahrizi Juara Nasional Shifter 2026 Bersama Dewa United,"Rabu, 09 Sep 2026 23:15 WIB","Kejuaraan Nasional Gokart 2026 yang berlangsung dalam enam putaran menghadirkan persaingan ketat hingga seri terakhir. Romy Tahrizi berhasil menjadi Juara Nasional Shifter 150 tahun 2026 bersama Dewa United Motorsport setelah melalui perjuangan sepanjang musim.
Kepastian tersebut diraih Romy pada Final Race Round 6 yang berlangsung pada 5-6 September 2026. Sebelumnya, pembalap yang juga berprofesi sebagai Lawyer di Kantor AHHN Lawyers tersebut masih menempati posisi kedua klasemen sementara dengan selisih 15 poin dari pemuncak klasemen.
Dengan tampil konsisten dan mampu mengamankan posisinya hingga balapan berakhir, Romy berhasil mengungguli pesaing terdekatnya sekaligus mengumpulkan poin terbanyak sepanjang musim. Hasil tersebut mengantarkannya menjadi pemuncak klasemen akhir Kejuaraan Nasional Gokart 2026 kelas Shifter 150.
Pencapaian ini menjadi hasil dari proses panjang yang tidak mudah. Sebagai pembalap dengan usia 37 tahun sekaligus salah satu pembalap paling senior di kelas Shifter 150, Romy harus mempersiapkan kondisi fisik dan mental secara optimal. Balapan gokart dengan intensitas tinggi membutuhkan stamina, konsentrasi, serta daya tahan fisik yang prima, terutama dalam menghadapi rangkaian kompetisi selama satu musim.
Sepanjang enam putaran yang berlangsung sejak Januari hingga September 2026, Romy mencatatkan empat kemenangan, satu kali finis sebagai runner-up, dan satu kali gagal menyelesaikan balapan. Dengan torehan tersebut, Romy berhasil mengoleksi lima podium dan memastikan gelar Juara Nasional Shifter 150 tahun 2026.
Performa Romy tidak terlepas dari dukungan penuh Dewa United Motorsport yang secara konsisten memberikan persiapan dan setting gokart terbaik di setiap putaran. Kolaborasi antara pembalap dan tim menjadi salah satu faktor penting dalam menjaga performa hingga akhirnya mampu mengamankan gelar juara nasional.
Kebahagiaan semakin lengkap karena keberhasilan Romy juga turut mengantarkan Dewa United Motorsport menjadi Juara Nasional Tim pada Kejuaraan Nasional Gokart 2026. Romy bersama para pembalap Dewa United Motorsport yang dikenal dengan sebutan ""Anak Dewa"" berhasil memberikan kontribusi penting terhadap pencapaian tersebut.
Persaingan pada putaran terakhir juga berlangsung dalam kondisi yang penuh tantangan. Balapan sempat terancam ditiadakan akibat abu vulkanik dari erupsi Anak Krakatau yang mencapai kawasan Sentul Karting Circuit. Kondisi tersebut membuat permukaan lintasan menjadi berdebu dan jarak pandang pembalap sangat terbatas.
Setelah mengalami penundaan selama hampir empat jam, balapan akhirnya dapat dilangsungkan setelah dilakukan penanggulangan oleh pihak organizer bersama petugas pemadam kebakaran yang melakukan penyemprotan di seluruh permukaan lintasan. Kondisi tersebut menambah tantangan bagi para pembalap dalam menentukan strategi dan menjaga konsentrasi hingga balapan berakhir.
""Gelar ini tentu sangat berarti bagi saya karena perjuangannya tidak mudah. Sepanjang musim kami harus menjaga konsistensi, mempersiapkan fisik, menjaga fokus, dan terus melakukan evaluasi dari satu seri ke seri berikutnya. Apalagi persaingan di kelas Shifter 150 sangat ketat dan saya juga harus mampu menjaga kondisi di tengah kesibukan sebagai lawyer,"" kata Romy Tahrizi dalam pernyataan resminya.
""Saya bersyukur kerja keras bersama tim akhirnya membuahkan hasil. Terima kasih yang sebesar-besarnya untuk Dewa United Motorsport yang selalu memberikan support dan setting terbaik di setiap seri. Gelar ini bukan hanya milik saya, tetapi juga milik seluruh tim, keluarga, sponsor, dan semua pihak yang terus memberikan dukungan,"" lanjutnya.
Romy juga menegaskan bahwa keberhasilan meraih gelar juara nasional bukan menjadi akhir dari perjalanan, melainkan motivasi untuk menghadapi tantangan berikutnya.
""Saya ingin menjadikan pencapaian tahun ini sebagai motivasi untuk terus berkembang. Target ke depan tentu mempertahankan gelar dan, jika ada kesempatan, mencoba berkompetisi di level internasional. Saya percaya selama kita mau bekerja keras, terus belajar, dan tidak mudah menyerah, masih banyak hal yang bisa dicapai. Mudah-mudahan saya bisa terus memberikan prestasi terbaik bersama Dewa United Motorsport,"" kata Romy.
Ke depan, Romy Tahrizi bertekad mempertahankan gelar Juara Nasional sekaligus membuka peluang untuk tampil di kompetisi gokart internasional. Komitmen tersebut akan terus dijalankan bersama Dewa United Motorsport yang telah memberikan kepercayaan dan dukungan sepanjang musim 2026.
Atas pencapaian tersebut, Romy menyampaikan apresiasi kepada seluruh jajaran Dewa United Motorsport, sponsor, keluarga, kerabat, serta seluruh pihak yang telah memberikan dukungan dan kepercayaan selama perjalanan kompetisinya hingga berhasil meraih gelar Juara Nasional Shifter 150 tahun 2026.
(ran/ran)",60,4791
https://sport.detik.com/sport-lain/d-8656181/asian-games-ketum-pbti-yakin-taekwondo-bisa-berkontribusi-untuk-indonesia,sport,Asian Games: Ketum PBTI Yakin Taekwondo Bisa Berkontribusi untuk Indonesia,"Rabu, 09 Sep 2026 22:22 WIB","Asian Games 2026 tak lama lagi akan dimulai. Ketua Umum Pengurus Besar Taekwondo Indonesia (PBTI), Letjen TNI Richard Tampubolon, menyampaikan optimismennya terkait cabang olahraga yang dia pimpin.
Asian Games 2026 berlangsung di Aichi-Nagoya, Jepang. Ajang multi-event olahraga Asia itu akan resmi dibuka pada 19 September dan ditutup pada 4 Oktober 2026.
Presiden RI Prabowo Subianto secara resmi melepas kontingen Indonesia di Istana Kepresidenan, Jakarta Pusat, Rabu (9/9/2026). Ketua Umum Pengurus Besar Taekwondo Indonesia (PBTI) Letjen TNI Richard Tampubolon turut hadir dalam acara tersebut.
Dalam kesempatan tersebut, Prabowo berpesan kepada para atlet untuk menjaga konsistensi latihan. Orang nomor satu di Indonesia itu juga berharap para perwakilan Indonesia bisa memperlihatkan karakter bangsa.
""Kunci utama untuk meraih prestasi tertinggi adalah konsistensi dalam berlatih dan semangat pantang menyerah. Ia berharap para atlet dapat menunjukkan karakter bangsa Indonesia yang tangguh saat bertanding di Jepang nanti,"" kata PRabowo.
Pesan tersebut menjadi motivasi bagi para atlet Indonesia, termasuk para wakil Taekwondo Indonesia yang akan membawa Merah Putih di Aichi-Nagoya.
""Dengan persiapan dan evaluasi yang berkesinambungan, saya yakin para atlet Taekwondo dapat memberikan kontribusi maksimal untuk kejayaan Indonesia,"" kata Richard Tampubolon.
Asian Games Aichi-Nagoya 2026 akan menjadi salah satu panggung penting bagi Taekwondo Indonesia. Hasil baik nantinya bisa menjadibukti keberhasilanPBTI dalam pembinaan dan persiapan yang telah dilakukan sebelum menghadapi persaingan di level Asia.
(ran/krs)",74,1624
https://sport.detik.com/raket/d-8656150/bni-dukung-skuad-bulutangkis-indonesia-menuju-asian-games-2026,sport,BNI Dukung Skuad Bulutangkis Indonesia Menuju Asian Games 2026,"Rabu, 09 Sep 2026 21:53 WIB","PT Bank Negara Indonesia (Persero) Tbk atau BNI kembali memberikan dukungan terhadap perjuangan bulutangkis Indonesia di panggung internasional. Hal ini seiring ditetapkannya 20 pebulu tangkis yang akan memperkuat Merah Putih pada Asian Games 2026 Aichi-Nagoya, Jepang.
Dari 20 pemain yang dipilih Persatuan Bulutangkis Seluruh Indonesia (PP PBSI), sebanyak 13 pemain akan menjalani debut di Asian Games. Mereka antara lain Alwi Farhan, Moh Zaki Ubaidillah, Muhammad Shohibul Fikri, Nikolaus Joaquin, Mutiara Ayu Puspitasari, Rachel Allessya Rose, hingga Nita Violina Marwah.
Sementara itu, tujuh pemain lainnya telah memiliki pengalaman tampil di Asian Games, yakni Jonatan Christie, Fajar Alfian, Leo Rolly Carnando, Daniel Marthin, Putri Kusuma Wardani, Febriana Dwipuji Kusuma, dan Siti Fadia Silva Ramadhanti.
Corporate Secretary BNI Okki Rushartomo mengatakan komposisi pemain berpengalaman dan debutan menunjukkan proses regenerasi yang terus berlangsung dalam bulutangkis Indonesia. Asian Games Aichi-Nagoya menjadi kesempatan bagi para pemain untuk menguji kemampuan sekaligus menambah pengalaman di level internasional.
""BNI berharap seluruh atlet yang memperkuat Indonesia dapat memberikan kemampuan terbaiknya. Kehadiran para pemain berpengalaman sekaligus debutan menunjukkan bahwa regenerasi terus berjalan dan menjadi bagian penting dalam menjaga kesinambungan prestasi bulutangkis Indonesia,"" ujar Okki dalam keterangan tertulis, Rabu (9/9/2026).
Asian Games 2026 juga menghadirkan kombinasi baru di sektor ganda campuran. Nikolaus Joaquin dan Siti Fadia Silva Ramadhanti dijadwalkan tampil sebagai pasangan pada ajang tersebut setelah sebelumnya masing-masing berkompetisi dengan pasangan berbeda.
Menurut Okki, hadirnya kombinasi pemain baru memberikan kesempatan untuk memperluas pengalaman bertanding sekaligus menambah alternatif bagi Indonesia dalam menghadapi persaingan di level Asia.
""Yang paling utama, kami berharap tim Indonesia dapat tampil maksimal pada nomor beregu, baik putra maupun putri. Setelah itu, kami juga berharap para atlet mampu menunjukkan performa terbaik pada nomor perorangan,"" kata Okki.
Nomor beregu bulutangkis Asian Games 2026 dijadwalkan berlangsung pada 20-24 September 2026, kemudian dilanjutkan dengan nomor perorangan pada 25-29 September 2026.
Dukungan terhadap perjuangan para atlet tersebut juga bertepatan dengan momentum Hari Olahraga Nasional (Haornas) yang diperingati setiap 9 September. Bagi BNI, Haornas menjadi pengingat pentingnya dukungan berkelanjutan terhadap pembinaan atlet dan pengembangan olahraga nasional.
BNI meyakini perjuangan para atlet di Asian Games 2026 dapat menjadi inspirasi bagi generasi muda untuk terus berprestasi sekaligus membawa nama Indonesia di tingkat Asia dan dunia.
(prf/ega)",62,2774
https://sport.detik.com/moto-gp/d-8656147/tebak-sirkuit-motogp-bisa-dapat-saldo-e-wallet-rp-750-ribu-mau,sport,"Tebak Sirkuit MotoGP Bisa Dapat Saldo E-Wallet Rp 750 Ribu, Mau?","Rabu, 09 Sep 2026 21:49 WIB","Buat kamu yang mengikuti MotoGP dan merasa hafal dengan karakter berbagai sirkuit, ada tantangan menarik yang bisa diikuti. Bold Riders bersama detikcom menghadirkan kuis tebak sirkuit MotoGP dengan hadiah saldo e-wallet total Rp750 ribu.
Dalam kuis ini, peserta ditantang menebak nama-nama sirkuit berdasarkan siluet pada postingan kuis. Tantangan tersebut bisa menjadi kesempatan untuk menguji seberapa jauh pengetahuan peserta terhadap berbagai lintasan MotoGP.
Menariknya, kuis ini tidak hanya mengandalkan jawaban yang tepat. Peserta juga perlu mengikuti sejumlah mekanisme yang telah ditentukan agar dapat mengikuti kuis sesuai ketentuan.
Cara Ikut Kuis Tebak Sirkuit MotoGP
Untuk mengikuti kuis, peserta perlu memastikan beberapa persyaratan telah dilakukan. Berikut mekanismenya:
- Follow akun Instagram @detikcom dan @boldriders.
- Tulis nama-nama sirkuit yang sesuai dengan siluet pada slide 2 postingan kuis di kolom komentar.
- Mention @detikcom, @boldriders, dan dua teman terdekat untuk ikut meramaikan kuis.
- Pastikan jawaban dan seluruh mekanisme telah dilakukan sesuai ketentuan.
Kuis ini menguji kemampuan peserta dalam mengenali sirkuit hanya melalui tampilan siluet. Bagi penggemar yang terbiasa mengikuti balapan MotoGP, bentuk lintasan dan karakter tikungan dapat menjadi petunjuk untuk menentukan jawaban.
Ada Hadiah Saldo E-Wallet Rp750 Ribu
Selain menguji pengetahuan tentang sirkuit MotoGP, kuis ini juga menawarkan hadiah menarik. Tiga detikers dengan jawaban yang benar akan mendapatkan saldo e-wallet.
Masing-masing pemenang berhak mendapatkan saldo e-wallet sebesar Rp250 ribu, sehingga total hadiah yang disiapkan mencapai Rp750 ribu.
Jadi, buat kamu yang merasa jago mengenali sirkuit MotoGP, jangan lewatkan kesempatan untuk ikut menjawab tantangan ini. Siapkan jawaban terbaik, ikuti seluruh mekanisme yang berlaku, dan buktikan seberapa kenal kamu dengan berbagai lintasan MotoGP.
Bold Riders hadir sebagai wadah komunitas motor multigenre. Apa pun brand atau jenis motornya, semua bisa bergabung di bawah satu semangat yang sama: brotherhood. Sejalan dengan keberanian memacu adrenalin dan mengambil risiko di sirkuit, Bold Riders juga dengan bangga menjadi sponsor resmi Gresini Racing Team di ajang MotoGP.
Lebih dari sekadar komunitas, Bold Riders mendukung penuh nilai-nilai yang menjadi jiwa dari MotoGP dan para pecinta roda dua untuk selalu berani tampil beda (Live Bold):
- Keberanian mengambil keputusan dalam hitungan detik.
- Mentalitas untuk terus maju dan berkembang.
- Passion yang kuat terhadap dunia roda dua.
- Dedikasi dalam menghargai proses, latihan, dan disiplin.
- Prinsip untuk menjadikan setiap perjalanan sebagai pengalaman yang berarti.
- Semangat brotherhood yang solid dan merangkul semua genre motor tanpa sekat.
Jangan sampai ketinggalan keseruannya! Follow akun @boldriders sekarang untuk update info terbaru seputar dunia motor dan MotoGP.
(prf/ega)",64,2918
https://sport.detik.com/sport-lain/d-8655872/pelatih-timnas-voli-putra-ri-targetkan-medali-di-asian-games-2026,sport,Pelatih Timnas Voli Putra RI Targetkan Medali di Asian Games 2026,"Rabu, 09 Sep 2026 20:50 WIB","Pelatih Timnas voli putra Indonesia, Reidel Toiran, memasang target medali di Asian Games 2026. Dia optimistis timnya bisa memberikan kejutan besar.
Timnas voli putra Indonesia saat ini diperkuat 12 pemain. Sejumlah pemain berpengalaman tetap menjadi bagian dari skuad, di antaranya Dio Zulfikri, Farhan Halim, dan Fahri Septian.
""Target kami dapat medali. Anak-anak semangat semua. Jadi, optimis nanti kompetisi ini kita bisa surprise (memberi kejutan) besar,"" kata Reidel saat ditemui di Wisma Serba Guna, GBK, Rabu (9/9/2026).
Menurut Reidel, timnya masih menjalani latihan berat. Waktu kurang dari dua pekan akan dimanfaatkan untuk memaksimalkan kondisi fisik para pemain sebelum berangkat ke Asian Games 2026.
""Sekarang masih latihan berat, masih ada panjang latihan, jadi belum lepas fisik. Ya, maksimalkan waktu karena kita ada evaluasi fisik kurang. Sekarang di fase untuk memaksimalkan taktik kita,"" kata Reidel.
Reidel Waspadai Jepang, India, dan China
Menyoal persaingan, Reidel menyebut Jepang, India, dan China bakal menjadi lawan berat Indonesia. Di sisi lain dia juga menilai performa timnya juga terus mengalami peningkatan.
Indonesia sebelumnya berhasil menjuarai AVC Men's Cup 2026. Tim Merah Putih mengalahkan Korea Selatan 3-0 pada pertandingan final di India.
""Ya, ada tim-tim terbaik. Ada Jepang, ada India, ada China juga lumayan bagus. Dan kita sudah mulai naik,"" tuturnya.
Pada Asian Games 2026, Indonesia tergabung di Pool B bersama Iran, Thailand, dan Kirgizstan. Reidel berharap dukungan masyarakat Indonesia untuk perjuangan timnas voli putra di Asian Games 2026.
""Ya, untuk masyarakat Indonesia terima kasih sampai sekarang sudah mendukung. Kami akan maksimal di pertandingan dan berharap maju,"" ujar Reidel.
(mcy/krs)",65,1748
https://sport.detik.com/sport-lain/d-8656039/ketum-koi-memastikan-atlet-terlayani-dengan-baik-di-nagoya,sport,Ketum KOI Memastikan Atlet Terlayani dengan Baik di Nagoya,"Rabu, 09 Sep 2026 20:22 WIB","Ketua Umum Komite Olimpiade Indonesia (KOI), Raja Sapta Oktohari, memastikan atlet terlayani dengan baik setibanya di Nagoya, Jepang. Ini untuk menjawab kondisi yang tengah terjadi di kota tersebut.
Nagoya tengah diterpa banjir besar yang mengakibatkan ratusan atlet Asian Games di Jepang dievakuasi dari tempat penginapan mereka.
Bahkan, menurut prakiraan cuaca menunjukkan akan ada lebih banyak hujan dalam beberapa hari ke depan, padahal pertandingan Asian Games akan dimulai 10 September, dan pembukaan resmi multievent empat tahunan itu baru dilakukan 19 September.
""Hubungan kami dengan NOC Jepang cukup baik. Koordinasi tetap kami lakukan dan khusus Nagoya, tim CdM cukup intensif berkomunikasi, baik dengan pemerintahnya mapun LOC Aichi-Nagoya,"" kata Okto saat ditemui di Wisma Serba Guna, GBK, Rabu (9/9/2026).
""InsyaAllah kita akan berupaya terus supaya ada kepastian para atlet bisa terlayani dengan baik,"" tambahnya.
Selain banjir besar di wilayah Asian Games akan berlangsung, faktanya Indonesia juga diterpa tantangan lain.
Mulai dari kebakaran di Kalimantan, banjir di Sumatra, hingga gunung erupsi di beberapa titik di Indonesia. Namun begitu, Okto berharap, tantangan ini bisa dijawab atlet dengan prestasi olahraga Indonesia.
""Kami menyampaikan kepada para atlet bahwa semua tantangan ini harus dijawab dengan prestasi. Harapannya dari prestasi itu bisa menjadi penguat semangat masyarakat Indonesia menghadapi semua tantangan yang sedang kita hadapi ini,"" ujarnya.
""Kita bangsa besar, kita tak mungkin akan menjadi kecil, cuma karena tantangan-tantangan ini. Jawabannya harus menang,"" tegas Okto.
Okto juga menilai tim CdM memiliki rencana cadangan dalam setiap situasi yang dihadapi. Termasuk terkait Timnas basket yang turut berdampak karena adanya banjir besar di Nagoya.
""Hal seperti ini bukan pertama kali. Saya pernah jadi CdM di Olimpiade 2016, setiap situasi ada kondisi plan. Dan saya yakin pak Todotua Padaribu dari olahraga basket, sehingga saya sangat pede pasti setiap permasalahan akan dicarikan solusinya yang terbaik untuk para atletnya,"" tegasnya.
Begitu pun soal skema keberangkatan tim Asian Games untuk kloter berikutnya.
""Skemanya memaksimalkan menyesuaikan keadaan. Bahwa kemarin pada saat mau berangkat airport ditutup, kami cari solusi dan komunikasikan dengan atlet dan ofisial. Jika mereka setuju dengan skema itu kami laksanakan karena yang paling utama memastikan pelayanan kepada atlet sehingga mereka bisa tampil maksimal,"" kata Okto.
(mcy/ran)",58,2493
https://sport.detik.com/sportstyle/d-8655787/dari-hyrox-ke-10k-fanny-ghassani-pilih-pace-santai,sport,"Dari Hyrox ke 10K, Fanny Ghassani Pilih Pace Santai","Rabu, 09 Sep 2026 18:50 WIB","Demam olahraga lari terus menjalar ke kalangan selebritas. Salah satu yang kini menggemari olahraga tersebut adalah Fanny Ghassani.
Setelah dua kali menjajal race, Fanny kini naik level. Sports enthusiast itu akan menjalani debut di nomor 10K RunXperience yang digelar pada awal Oktober 2026.
""Saya lari 5K sudah, 8K sudah, jadi habis itu 10K saja. Ini perdana bagi saya ikut di nomor tersebut,"" kata Fanny saat ditemui di kawasan Semanggi, Rabu (9/9/2026).
Bagi Fanny, 10K menjadi langkah sebelum nantinya mencoba Half Marathon atau Full Marathon. Namun, dia belum memasang target waktu dan memilih menikmati perlombaan.
""Enggak ada target sih. Saya kalau lari tuh inginnya menganggap lari tuh sesuatu yang fun gitu. Tidak pernah ada target. Saya belum sampai di tahap misalnya lari 10K harus satu jam gitu,"" dia mengungkapkan.
Kesibukan sebagai artis menjadi salah satu alasan Fanny tidak bisa memiliki waktu latihan yang teratur seperti pelari yang serius menekuni olahraga tersebut.
""Daripada saya terbebani dengan berapa waktu yang akan saya capai nanti, lebih baik yang penting larinya fun aja. Karena mengingat waktu latihan itu juga enggak akan bisa sama kayak mereka yang serius lari. Kerjaan kita kan tidak kayak pekerja kantoran pada umumnya,"" kata Fanny.
Fanny Ghassani Mulai Serius Lari karena Hyrox
Kegemaran Fanny terhadap lari juga didorong kebutuhannya meningkatkan kemampuan fisik untuk mengikuti Hyrox, kompetisi kebugaran yang memadukan lari dan latihan fungsional.
Sadar membutuhkan fisik yang lebih kuat untuk Hyrox, Fanny mau tak mau menambah latihan, khususnya dalam program lari. Dia bahkan sudah dua kali menjajal race untuk meningkatkan kemampuan fisiknya.
""Sebenarnya dari dulu aku penasaran kenapa tidak bisa lari. Karena kayak kok aku bisa enggak suka lari, di saat semua orang suka lari,"" tuturnya.
""Sampai akhirnya aku seriusi lari karena hyrox. Di hyrox itu aku harus delapan kali lari, delapan kali station, jadi mau enggak mau, aku harus belajar bagaimana caranya lari cepat. Di situ lah aku memaksa diri lari.""
""Jadi kalau ditanya siapa yang ajak (lari)? Enggak ada, dari diri sendiri saja. Kalau tak latihan lari, aku pasti KO. Sebab, habis lari, lalu narik, jadi harus di-combine,"" tegasnya.
Fanny Tak Mau Ngoyo
Meski kini mulai serius berlari, selebritas berusia 35 tahun itu tidak ingin terlalu ngoyo dalam mengikuti kompetisi lari, terutama dalam mengejar catatan waktu.
Fanny menyadari tujuan utama olahraga yang dilakukannya adalah menjaga kebugaran dan kesehatan.
""Aku ekspetasinya gitu (berdampak pada hyrox) tapi lebih dari itu lari buat kesehatan otot jantung. Sementara angkat beban lebih ke tulang, otot, yang dibentuk. Jadi aku juga perlu latihan untuk cardionya. Jadi aku mau,"" ujarnya.
""Tapi aku tak mau memaksakan diri mengingat aku bukan atlet atau waktu aku. Ini bukan pekerjaan aku, ya sadar diri saja. Jadi pace santai-santai tapi enggak pelan, enggak kencang juga,"" pungkasnya.
RunXperience 2026 Digelar di Dua Kota
RunXperience 2026 digelar di dua kota. Setelah Surabaya pada 19 Juli 2026, gelaran tersebut akan berlanjut di Jakarta pada 4 Oktober 2026.
Di Surabaya, RunXperience digelar di kawasan Balai Kota Surabaya dan diikuti 3.500 peserta. Ajang tersebut mempertandingkan kategori 2,5K, 5K, dan 10K. Sementara di Jakarta, kategori yang tersedia adalah 2,5K Fun Run, 5K, 10K, dan 21K atau Half Marathon.
(mcy/krs)",51,3377
https://sport.detik.com/sport-lain/d-8655779/asian-games-2026-prabowo-janjikan-bonus-rp-3-m-untuk-peraih-emas,sport,Asian Games 2026: Prabowo Janjikan Bonus Rp 3 M untuk Peraih Emas,"Rabu, 09 Sep 2026 18:10 WIB","Kontingen Indonesia bersiap menatap Asian Games 2026 di Jepang. Presiden RI, Prabowo Subianto, menjanjikan bonus Rp 3 miliar untuk peraih medali emas.
Asian Games 2026 berlangsung di Aichi-Nagoya, Jepang. Ajang multi-event olahraga Asia itu akan resmi dibuka pada 19 September dan ditutup pada 4 Oktober 2026.
Prabowo secara resmi melepas kontingen Indonesia di Istana Kepresidenan, Jakarta Pusat, Rabu (9/9/2026). Pada momen itu, Prabowo berpidato dan menyampaikan bonus untuk atlet peraih medali emas.
""Dan saya nggak lupa, saya diberi laporan Pak Erick, pak untuk Sea Games medali emas dapat Rp 1 miliar, tapi ini Asian Games medali Rp 3 miliar,"" kata Prabowo.
""Tanya semua pemimpin olahraga yang kemarin medali perak, medali perunggu pun karier-kariernya kita semua percepat. Ada yang 'Pak saya sudah sekian tahun belum baik pangkat', termasuk pelatih-pelatih,"" sambungnya.
Sebagai catatan, pada edisi Asian Games sebelumnya, pemerintah memberikan bonus kepada peraih emas nomor perorangan Rp 1.575.000.000, perak mendapatkan Rp 525.000.000, lalu perunggu mendapatkan Rp 262.500.000.
Tidak hanya kepada atlet, pelatih dan asisten pelatih juga pada saat itu diganjar bonus oleh pemerintah. Jumlahnya untuk pelatih yang atletnya meraih medali emas perorangan/ganda sebesar Rp 472.500.000, kemudian perak Rp 157.500.000, sementara perunggu sebesar Rp 78.750.000.
(ran/aff)",65,1373
https://sport.detik.com/sport-lain/d-8655636/rizki-juniansyah-siap-debut-di-asian-games-2026-naik-kelas-ke-85-kg,sport,"Rizki Juniansyah Siap Debut di Asian Games 2026, Naik Kelas ke 85 Kg","Rabu, 09 Sep 2026 17:30 WIB","Rizki Juniansyah siap menjalani debut di Asian Games 2026. Peraih medali emas Olimpiade Paris 2024 itu mengaku sudah pulih 100 persen setelah sempat mengalami cedera bahu bulan lalu.
Rizki akan tampil di kelas 85 kg putra. Dia menjadi salah satu andalan angkat besi Indonesia untuk meraih medali di Asian Games Aichi-Nagoya 2026, Jepang.
""Alhamdullilah cukup baik. Untui Asian Games ini, saya baru pemulihan lagi, angkatan juga sudah balik lagi, insyaAllah saya akan bertanding maksimal di Asian Games nanti,"" ujar Rizki saat ditemui di Wisma Serba Guna, GBK, Rabu (9/9/2026).
Berbeda dengan Olimpiade Paris 2024, Rizki akan turun di kelas 85 kg pada Asian Games 2026. Saat meraih emas Olimpiade, dia tampil di kelas 73 kg.
""Di Asian Games 2023 memang saya tidak main karena usus buntu (absen) alhamdullilah ini Asian Games pertama saya. Saya turun di kelas 85kg karena saya change dengan senior saya (Rahmat Erwin Abdullah), dan memang jatahnya satu orang satu kelas dan akhirnya saya yang 85kg,"" jelasnya.
Rizki Juniansyah Harus Tambah Berat Badan dan Power
Bagi Rizki, yang kini berusia 23 tahun, kenaikan kelas bukan perkara mudah. Dia harus menyesuaikan berat badan sekaligus meningkatkan power untuk menghadapi persaingan di kelas 85 kg.
""Yang pasti lebih berat lagi lawan-lawannya. Saya harus menjaga pola makan karena menaikkan berat badan harus (meningkatkan) seperti apa, nutrisi, protein dan lain-lainnya,"" ujarnya.
""Pertama makanan, kedua latihan harus full power lagi, ketiga kondisinya harus lebih baik lagi karena menaikkan berat badan bukan asal naik saja tapi kita harus punya power yang bermanfaat buat tanding,"" tuturnya.
Rizki mengungkapkan berat badannya saat ini masih 78 kg. Dia pun belum mencapai 80 kg. ""Jujur berat badan saya 78kg, enggak nyampe 80kg. Tapi tak masalah bagi saya, yang penting nanti pertandingan bisa maksimal dengan keadaan dan berat badan saya seperti ini,"" katanya.
Rizki Waspadai Lima Negara
Menyoal peta persaingan di kelas 85 kg, Rizki menyoroti lima negara yang dinilainya bakal menjadi tantangan berat. Mereka adalah Korea Utara, China, Iran, Thailand, dan Korea Selatan.
Meski persaingan berat, Rizki bertekad memberikan performa terbaik. Statusnya sebagai peraih medali emas Olimpiade juga membuat ekspektasi terhadap dirinya cukup tinggi.
""Ya sebenarnya bukan beban bagi saya tapi motivasi untuk semangat bertanding karena buat apa dijadikan beban. Kalau beban saya akan jelek di pertandingan.""
""Jadi saya tetap enjoy, walau negara menargetkan harus emas atau apa, lalu PB PABSI juga harus ini, yang penting saya enjoy dan jalan sendiri, dan berusaha yang terbaik buat Indonesia,"" pungkasnya.
(mcy/krs)",68,2655
https://sport.detik.com/sport-lain/d-8655308/cdm-todotua-kami-monitoring-terus-kondisi-di-nagoya,sport,CdM Todotua: Kami Monitoring Terus Kondisi di Nagoya,"Rabu, 09 Sep 2026 14:30 WIB","Chef de Mission (CdM) Indonesia Todotua Pasaribu terus memonitoring kondisi di Nagoya, Jepang jelang Asian Games 2026. Itu setelah adanya banjir besar yang menimpa kota tersebut.
Hal tersebut ditekankan Todo, sapaan karibnya, karena berkaitan dengan kontingen Indonesia yang akan tampil di Asian Games 2026.
Mengutip laman Straitstimes, ratusan atlet Asian Games di Jepang sempat dievakuasi dari tempat penginapan mereka akibat hujan lebat yang melanda kota tuan rumah Nagoya dengan kompetisi yang akan dimulai pada 10 September.
Air hujan juga merembes ke beberapa venue pertandingan, sementara prakiraan cuaca menunjukkan akan ada lebih banyak hujan dalam beberapa hari ke depan.
Sekitar 104 mm hujan turun dalam satu jam di Nagoya pada 8 September, yang mendorong pejabat pemerintah kota untuk mengeluarkan perintah evakuasi bagi beberapa wilayah di kota tersebut.
""Kami memonitoring terus sejak tadi malam. Memang kondisi pagi ini dari pemerintah Nagoya, ofisial dari pemerintah provinsi Nagoya sudah mengeluarkan warning untuk me-lock seluruh kegiatan yang ada di Nagoya,"" kata Todotua saat ditemui di Wisma Serba Guna, GBK, pada Rabu (9/9/2026).
Kondisi ini, kata Todo, tak hanya berdampak pada kontingen Indonesia, tapi semua yang hadir di Nagoya.
Diketahui, Timnas basket menjadi kontingen cabor pertama dari Indonesia yang terbang ke Nagoya. Mereka bertolak pada Senin (7/9) malam dari Surabaya, kemudian ke Singapura, dan tiba di Jepang pada Selasa (8/9).
""Jadi impact-nya bukan cuma kita tapi semua yang hadir di sana. Kami dengan tim manajer di sana memikirkan untuk mencari tempat latihan darurat,"" tuturnya.
""Tapi secara prinsip ini keputusan pemerintah setempat provinsi Nagoya memang lock semua, tak hanya sport tapi tempat pelayanan umum, sekolah juga,"" kata Todo.
Ia juga menegaskan pihaknya akan terus memonitor perkembangan bersama panitia.
""Seperti Pak Menpora sampaikan ini bukan hal dibuat-buat, kita tetap memonitor kondisi yang ada,"" pungkas Todotua.
Simak juga Video Bicara Kesiapan Atlet untuk Asian Games, Mensesneg: Persiapan Sangat Baik",52,2066
https://sport.detik.com/sport-lain/d-8655303/asian-games-2026-banjir-landa-nagoya-menpora-yakin-jepang-punya-plan-b,sport,"Asian Games 2026: Banjir Landa Nagoya, Menpora Yakin Jepang Punya Plan B","Rabu, 09 Sep 2026 13:50 WIB","Banjir besar melanda Nagoya, Jepang, menjelang Asian Games 2026. Kondisi tersebut menjadi perhatian Menteri Pemuda dan Olahraga (Menpora) Erick Thohir. Tapi ia yakin pemerintah Jepang sudah menyiapkan langkah antisipasi.
Asian Games 2026 akan digelar di Aichi-Nagoya pada 19 September hingga 4 Oktober mendatang. Banjir yang melanda Nagoya menyebabkan sejumlah aktivitas dan transportasi di kota tersebut terganggu. Meski demikian, kondisi venue Asian Games dilaporkan tetap aman dan penyelenggaraan masih berjalan sesuai rencana.
Erick mengatakan pihaknya telah mendapat penjelasan mengenai rencana pemerintah Jepang untuk menghadapi situasi tersebut.
""Alhamdulillah kemarin CdM, Ketua Komite Olimpiade Indonesia (KOI), kami, diundang oleh duta besar Jepang, serta dijelaskan plan A dan plan B dari pemerintah Jepang,"" kata Erick saat ditemui di Wisma Serba Guna, GBK, Rabu (9/9/2026).
""Saya yakin pemerintah Jepang adalah pemerintah yang sama seperti pemerintah Indonesia yang mawas dan peduli pada rakyatnya,"" ujarnya.
Erick juga menilai Jepang memiliki pengalaman dalam menggelar ajang olahraga internasional besar sehingga diyakini sudah memiliki persiapan menghadapi kondisi darurat.
""Dan tentu ketika ada event sebesar ini mereka punya pengalaman. Kita dukung lah. Yang penting tadi CdM, Ketua KOI, sudah sampaikan tadi untuk fokus (karena) tinggal 10 hari lagi. Jaga makan, kesehatan, yang lain-lain serahkan kepada ahlinya,"" tegasnya.
Erick turut meminta masyarakat Indonesia memberikan dukungan kepada tuan rumah Asian Games 2026.
""Saya kira kita harus dukung juga tuan rumah pemerintah Jepang. Pasti mereka ada kendala, kita harus dukung. Nanti apa keputusan panitia, CdM akan melobi dan beri pandangan seperti apa solusinya,"" kata Erick.
Erick menegaskan kontingen Indonesia saat ini perlu tetap fokus mempersiapkan diri menghadapi Asian Games. Keputusan terkait kondisi di lapangan nantinya diserahkan kepada pihak yang berwenang. Indonesia sendiri akan ambil bagian dalam Asian Games 2026 yang digelar di Aichi-Nagoya mulai 19 September mendatang.
Simak juga Video: Bicara Kesiapan Atlet untuk Asian Games, Mensesneg: Persiapan Sangat Baik",72,2153
https://sport.detik.com/sport-lain/d-8655067/ketum-koi-dan-menpora-mengukuhkan-tim-indonesia-untuk-asian-games-2026,sport,Ketum KOI dan Menpora Mengukuhkan Tim Indonesia untuk Asian Games 2026,"Rabu, 09 Sep 2026 11:50 WIB","Ketua Umum Komite Olimpiade Indonesia (KOI) Raja Sapta Oktohari dan Menpora Erick Thohir mengukuhkan Tim Indonesia untuk Asian Games Aichi-Nagoya 2026. Siap beraksi!
Pelaksanaan pengukuhan berlangsung di Wisma Serba Guna, Gelora Bung Karno (GBK), pada Rabu (9/9/2026). Indonesia akan mengirimkan 430 atlet, 145 ofisial dari 35 cabang olahraga.
""Dengan mengucapkan Bismillahirrahmanirrahim maka Tim Indonesia untuk Asian Games Aichi-Nagoya dikukuhkan,"" ucap Okto.
Dalam kesempatan tersebut, Menpora Erick Thohir yang turut hadir juga memberikan pesan dan harapannya kepada para atlet dari 35 cabang olahraga yang akan tampil di multievent terbesar se-Asia tersebut.
""Indonesia sudah banyak mengibarkan Merah Putih di manca negara. Kita mendapatkan 98 emas, ini karena para pendahulu kita, dan tentu sebagian yang ada di sini. Tepuk tangan untuk kalian semua,"" buka Erick.
""Namun, kita belum pantas berpuas diri. Kalau kita lihat negara tetangga, selama Asian Games mereka sudah mengumpulkan 141 emas. Kalau kita bicara besarnya negara Indonesia, kita yang terbesar di Asian Games, baik segi penduduk, politik, ekonomi, kita ada semua.""
""Karena itu saya menatang semua yang hadir termasuk saya bisa enggak kita mempersiapkan Asian Games ini dengan baik, bisa tidak mengibarkan Merah Putih sebanyak-banyaknya di Asian Games ini?"" ajaknya.
Menpora berusia 56 tahun itu kemudian menanyakan kepada atlet yang hadir. 'Siapa yang mau dapat medali emas?' tanyanya. Seraya kemudian atlet menunjuk tangan secara serempak.
""Buktikan, buktikan buat diri Anda yang sudah berjuang meninggalkan hidup keseharian, keluarga, letih, tangis, cedera, tinggal 10 hari lagi,"" tegas Erick.
""Yang belum merasa berpotensi medali tantang diri Anda. Anda bisa. Yang potensi perunggu tantang diri Anda untuk dapat perak. Yang potensi perak tantang diri Anda dapat emas.""
""Yang potensi emas, persaingan sangat ketat. Banyak negara yang sudah berinvestasi di olahraga. Itu kenapa kami Kemenpora berintropeksi diri. Kita ubah pola pikir kita.""
""Arahan Presiden RI Prabowo Subianto, olahraga adalah duta bangsa, dan mencerminkan kehidupan bangsa. Oleh karena itu Asian Games jadi pantau terdekat menuju olimpiade.""
""Tak lama lagi, tinggal dua tahun. Kita juga siapkan Pelatnas kesinambungan, ada indeks prestasi, dan kalau ada yang main-main dengan anggaran, saya yang bawa ke hukum. Jangan main-main dengan kita,"" tegasnya.
Erick pun berharap, seluruh atlet dapat menyatukan komitmen sebelum berjumpa Presiden RI Prabowo Subianto.
""Saya berharap dengan kita menyatukan komitmen sebelum ketemu Bapak Presiden, kita bulatkan tekad. Kita adalah negara yang terbesar di Asia Tenggara, kita patut rebut emas sebanyak-banyaknya. Kita bisa, kita bisa. Salam olahraga,"" ucap Erick.
Simak juga Video Bicara Kesiapan Atlet untuk Asian Games, Mensesneg: Persiapan Sangat Baik",70,2832
https://sport.detik.com/moto-gp/d-8654776/motogp-san-marino-2026-jaga-puncak-klasemen-bukan-prioritas-jorge-martin,sport,MotoGP San Marino 2026: Jaga Puncak Klasemen Bukan Prioritas Jorge Martin,"Rabu, 09 Sep 2026 08:52 WIB","Persaingan titel juara dunia semakin ketat menuju MotoGP San Marino 2026. Jorge Martin percaya, menjaga puncak klasemen bukanlah yang prioritas di fase ini.
Pebalap Aprilia asal Spanyol itu dibayangi Marc Marquez dan Marco Bezzecchi di klasemen. Martin masih menempati peringkat teratas dengan perolehan 256 poin, selisih 19 poin dari Marquez dan 24 poin dari Bezzecchi.
Dengan demikian, ada potensi besar singgasana itu berganti pemilik setelah gelaran MotoGP San Marino nanti. Jorge Martin hanya mementingkan hasil di akhir kejuaraan.
""Grand prix Misano itu selalu istimewa ketika Anda berada di sebuah tim Italia dan, bersama dengan fans Aprilia, aku yakin ini akan jadi akhir pekan yang hebat,"" cetus juara MotoGP 2024 itu diwartakan Crash.
""Kami menuju sebuah lintasan yang kusukai setelah melakukan sebuah pekerjaan yang bagus di Aragon, dan kami punya target-target yang jelas,"" sambung Jorge Martin.
""Memimpin klasemen memang penting untuk tim Aprilia secara keseluruhan, tapi kita sudah melihat bahwa, mengingat selisih angka yang begitu tipis, itu bukanlah sebuah prioritas ataupun faktor yang menentukan.""
""Kami mesti terus fokus pada pekerjaan kami. Aku enggak sabar untuk menunggangi RS-GP26 dan melakukan yang terbaik di balapan kandang Aprilia,"" Martinantor menambahkan.
Jorge Martin baru sekali memenangi balapan grand prix (seri Prancis) di MotoGP 2026 sejauh ini. Martin akan merupaya mematahkan dominasi Ducati di Misano, yang berturut-turut memenangi lima balapan terakhir.
(rin/adp)",73,1503
https://sport.detik.com/raket/d-8654666/ganda-campuran-indonesia-kembali-rombak-pemain,sport,Ganda Campuran Indonesia Kembali Rombak Pemain,"Rabu, 09 Sep 2026 06:45 WIB","Sektor ganda campuran kembali mengalami perombakan pemain. Kali ini, Dejan Ferdinansyah dipasangkan dengan Felisha Alberta Nathaniel Pasaribu.
Pengumuman disampaikan PBSI melalui Kepala Pelatih Ganda Campuran Nova Widianto. Selain Dejan/Felisha, perubahan juga terjadi pada Bagas Maulana yang sebelumnya tandem dengan Indah Cahya Sari Jamil.
Kini, eks ganda putra itu dipasangkan dengan Apriyani Rahayu. Sedangkan Indah akan berpartner dengan N. Nawaf Khoiriyansyah.
Ketiga racikan baru ini masing-masing akan debut di turnamen internasional bulutangkis. Seperti Dejan/Felisha akan tampil Denmark Open, Bagas Apri di Indonesia International Challenge 2026 (Surabaya), dan Nawaf/Indah akan memulai laga perdana sebagai pasangan di Malaysia Super 100.
""Sekarang kami sedang mencari format terbaik untuk sektor ganda campuran. Karena itu, beberapa kombinasi pasangan seperti Dejan/ Felisha, Bagas/Apriyani dan Nawaf/ Indah akan kami coba,"" kata Nova dalam keterangan PBSI, Selasa (8/9/2026).
""Mereka akan bermain di beberapa turnamen untuk melihat bagaimana hasilnya, termasuk chemistry, komunikasi, pola permainan, dan konsistensi mereka di lapangan. Dari situ nanti akan kami evaluasi,"" tuturnya.
Nova menegaskan, perombakan ini menjadi bagian dari program jangka panjang menuju Olimpiade mendatang.
""Mudah-mudahan dari proses ini kami bisa mendapatkan format pasangan yang paling tepat dan kompetitif untuk ke depannya,"" harap Nova.
(mcy/pur)",46,1442
https://sport.detik.com/sport-lain/d-8654641/ambisi-morgan-holindo-jadi-juara-nasional-eshark-rok-cup-2027,sport,Ambisi Morgan Holindo Jadi Juara Nasional Eshark Rok Cup 2027,"Rabu, 09 Sep 2026 02:10 WIB","Pegokar muda Indonesia, Morgan Holindo, tak puas cuma jadi runner-up di Eshark Rok Cup tahun ini. Morgan ingin jadi juara tahun depan.
Pada putaran keenam kelas Mini Rok di Sirkuit Karting Internasional Sentul, Bogor, Minggu (6/9), Morgan yang memperkuat Dewa United Motorsport Team ini bernasib sial karena mengalami masalah mesin sehingga harus finis posisi ke-15.
Padahal Morgan meraih posisi pertama di kualifikasi, lalu berlanjut finis kelima di sesi Heat dan Pre-Final.
Namun, Morgan yang sudah ngegas sejak putaran pertama berhasil mengamankan poin untuk finis runner-up National Championship. Hasil yang bikin pelajar kelas 6 SD Tzu Chi itu senang karena ini merupakan musim debutnya.
Alhasil, Morgan makin percaya diri untuk bisa tampil lebih baik musim depan dan meraih gelar juara nasional.
""Ya itu harapan saya. Semoga tak ada aral melintang hingga saya bisa muwujudkan keinginan itu,"" tutur Morgan dalam keterangan kepada detikSport.
Morgan sejatinya bisa mengikuti Kejuaraan Dunia di Italia tahun ini, karena juara nasional kelas Mini Rok Michael Vino menolak tampil. Tapi, Morgan juga menolak karena bakal menghadapi ujian nasional tahun ini
""Morgan saat ini kelas P6 dan akan menghadapi ujian nasional untuk ke tingkat selanjutnya. Jadi, pastinya kami akan lebih memprioritaskan sekolah dulu. Semoga saja tahun depan bisa juara nasional sehingga bisa berangkat dengan tiket dari hasil usaha sendiri sebagai juara nasional,"" tutur ayah Morgan Merlion Sonmoahi.
Morgan kini akan fokus menuntaskan pendidikan dasar sebelum mempersiapkan diri meraih gelar juara nasional tahun depan. Tetap semangat, Morgan!
(mrp/rin)",61,1629
https://sport.detik.com/raket/d-8654637/mens-world-tennis-championship-hari-baik-untuk-wakil-ri,sport,Men's World Tennis Championship: Hari Baik untuk Wakil RI,"Rabu, 09 Sep 2026 01:10 WIB","Seri V Men's World Tennis Championship 2026 sudah memasuki hari kedua. Para petenis Indonesia meraih hasil maksimal. Top!
Pada Babak pertama ITF World Tennis Tour M-15 di Bali Beach Country Club, Nusa Dua, Selasa (8/9/2026), Nathan Barki menghadapi petenis Taiwan Kai-i Wang di Babak pertama.
Nathan tampil cerdik dengan terus memaksa Kai-i Wang untuk bermain dengan pola reli-reli panjang kesukaannya. Alhasil, petenis 23 tahun ini sering melakukan kesalahan sendiri dan membuatnya takluk 2-6, 2-6 dalam tempo 52 menit.
""Saya bermain dengan sangat nyaman dan rileks sehingga strategi tim pelatih bisa berjalan sesuai rencana. Lawan pun tertekan dan tidak dapat mengeluarkan permainan terbaiknya,"" ujar Nathan dalam rilis kepada detikSport.
Sementara itu di sektor ganda putra, penampilan impresif Rafalentino Ali Da Costa/Ethan David Zapp terus berlanjut di seri ini. Mereka lolos usai mengalahkan Anthony Susanto/Yan Chen Cheng.
Ethan dan Rafalentino yang merupakan finalis seri IV pekan lalu, tampil begitu dominan lewat serangan-serangan yang terpola serta pengembalian bola servis yang menyulitkan, sebelum menang 6-2 7-5.
Sayang, sukses Rafalentino/Ethan belum dapat diikuti kompatriotnya seperti Ethan Jake Frans/M. Ragil Putra maupun Kareem Abdul Hakim yang berpartner dengan petenis Hungaria Andrez Nech, yang langsung kandas di babak pertama.
Bertanding di lapangan E, Ethan/Ragilyang menantang unggulan ketiga, Nick Beamish/Matthew Shearer dari Selandia Baru, kalah 3-6 dan 4-6 dalam tempo 1 jam 9 menit.
Sedangkan pasangan gado-gado Indonesia dan Hungaria, Kareem Abdul Hakim/Andrez Nech takluk dari unggul keempat, Arjun Mehrotra/Ryotaro Taguchi dengan skor 4-6 2-6.
(mrp/bay)",57,1689
https://sport.detik.com/g-sport/d-8654605/hut-tni-akan-dimeriahkan-kejuaraan-tingkat-nasional-di-8-cabor,sport,HUT TNI Akan Dimeriahkan Kejuaraan Tingkat Nasional di 8 Cabor,"Selasa, 08 Sep 2026 23:50 WIB","Memperingati Hari Ulang Tahun (HUT) ke-81 TNI tahun 2026, Komando Operasi Udara Nasional (Koopsudnas) resmi mengagendakan serangkaian kejuaraan olahraga tingkat nasional.
TNI Angkatan Udara (AU) menghadirkan berbagai kompetisi bergengsi, mulai dari Modern Pentathlon Open 2026 hingga Panahan Open 2026 untuk memperebutkan Piala Panglima TNI. akan ada delapan cabang olahraga nasional yang diselenggarakan.
""Bapak Panglima TNI memberikan kesempatan kepada Kotama untuk menggelar kejuaraan tingkat nasional memperebutkan Piala Panglima TNI. Dalam rangka HUT TNI ke-81 ini, TNI AU mendapat amanat menggelar 8 cabang olahraga, termasuk modern pentathlon dan panahan,"" ujar Marsdya TNI Minggit Tribowo dalam konferensi pers di Ruang Leo Watimena Koopsudnas, Lanud Halim Perdanakusuma, Jakarta Timur, Selasa (8/9/2026).
Dalam acara itu, Pangkoopsudnas Marsdya TNI Minggit Tribowo didampingi Ketum MPI Marsda TNI Dr. Ir. Purwoko Aji Prabowo M.M,MDS dan Askomlek Kaskoopsudnas, Marsma TNI Ida Bagus Ngurah Mardika Putra S.T., MM. Menurut Marsdya TNI Minggit Tribowo, rangkaian kejuaraan ini dirancang bukan sekadar kompetisi rutin, melainkan sarana pembinaan atlet muda dari seluruh pelosok Tanah Air.
""Kami memberikan kesempatan kepada seluruh daerah untuk mencari bibit-bibit atlet yang dapat dibina, tidak hanya di tingkat lokal tetapi juga nasional hingga internasional. Harapan kita bersama, kesempatan ini dapat dimanfaatkan semaksimal mungkin sehingga melahirkan atlet-atlet yang menjadi kebanggaan bangsa,"" pungkas Pangkoopsudnas.
Berikut adalah agenda lengkap kejuaraan tingkat nasional 8 Cabor:
• Tenis Open Piala Panglima TNI 2026: Berlangsung hingga 14 September 2026 di Lapangan Tenis Kawasan Halim Perdanakusuma, Jakarta.
• Sepakbola Nasional Piala Kasau Cup Angkasa Open 2026: Berlangsung 23 September - 4 Oktober 2026 di Lapangan Koopsudnas Halim Perdanakusuma, Jakarta.
• Modern Pentathlon Open Piala Panglima TNI 2026: Berlangsung 25 - 27 September 2026 di Akademi Angkatan Udara (AAU), Yogyakarta.
• Aeromodelling: Berlangsung 26 - 27 September 2026.
• Drone Race: Berlangsung 10 - 11 Oktober 2026.
• Panahan Open Piala Panglima TNI 2026: Berlangsung 23 - 25 Oktober 2026 di Lapangan Panahan Arjuna, Halim Perdanakusuma, Jakarta.
• Sebelumnya sudah dilaksanakan kejuaraan cabang olahraga paralayang yang telah dilaksanakan di Solo pada Agustus lalu).
(ran/bay)",62,2371
https://sport.detik.com/sport-lain/d-8654586/ihr-2026-perluas-olahraga-pacuan-kuda-indonesia,sport,IHR 2026 Perluas Olahraga Pacuan Kuda Indonesia,"Selasa, 08 Sep 2026 22:52 WIB","Pacuan kuda Indonesia mulai diarahkan menuju panggung dunia melalui Indonesia's Horse Racing (IHR) 2026. Hal ini dikembangkan oleh Sarga.co dengan konsep olahraga, hiburan, pariwisata, dan ekonomi kreatif.
IHR dikembangkan bukan hanya sebagai kompetisi untuk menentukan kuda tercepat. Platform tersebut dirancang menjadi bagian dari ekosistem yang menghubungkan olahraga berkuda dengan potensi daerah di berbagai wilayah Indonesia.
Sarga.co hadir sebagai promotor pacuan kuda profesional pertama dan satu-satunya di Indonesia melalui IP Indonesia's Horse Racing. Kehadiran IHR menjadi bagian dari upaya mengubah cara pacuan kuda dikelola, dikemas, dan diperkenalkan kepada masyarakat.
Olahraga yang memiliki sejarah panjang di Indonesia tersebut kini mendapatkan pendekatan baru agar semakin dekat dengan generasi masa kini. Pada 2025, IHR menggelar sembilan event dengan tema ""The Race of Rising Stars"".
Memasuki 2026, Sarga.co membawa ambisi lebih besar melalui tema ""Race to the World Stage"". Tema tersebut menjadi landasan pengembangan IHR menuju kompetisi yang lebih profesional sekaligus memiliki jangkauan penonton yang lebih luas.
Bersama PP Persatuan Olahraga Berkuda Seluruh Indonesia (PORDASI), Sarga.co menghadirkan delapan kejuaraan dalam kalender IHR 2026. Rangkaian kompetisi tersebut digelar di sejumlah wilayah dengan karakter dan tradisi berkuda yang berbeda.
Agenda IHR 2026 dibuka melalui IHR Jateng Derby 2026 di Gelanggang Pacuan Kuda Tegalwaton, Kabupaten Semarang, pada 15 Februari. Setelah itu, kompetisi berlanjut lewat IHR Triple Crown Serie 1 & Pertiwi Cup di Stadion Sultan Agung, Bantul, pada 4 April.
Pada 10 Mei, giliran IHR Triple Crown Serie 2 & Piala Raja Mangkunegaran digelar di Gelanggang Pacuan Kuda Tegalwaton. Rangkaian tersebut kemudian berlanjut pada Juni melalui IHR Piala Paku Alam di Stadion Sultan Agung, Bantul.
Agenda utama lainnya hadir lewat IHR Indonesia Derby 2026 di Gelanggang Pacuan Kuda Legokjawa, Pangandaran, Jawa Barat, pada 26 Juli. Memasuki Agustus, kompetisi dilanjutkan melalui IHR Merdeka Cup 2026 di Sumatera Barat.
Rangkaian IHR 2026 selanjutnya dijadwalkan menuju Kejurnas Seri II di Sulawesi Utara pada Oktober. Kompetisi kemudian ditutup dengan Piala Hamengku Buwono X di DI Yogyakarta pada November 2026.
""Kami sangat bersyukur dan mengapresiasi antusiasme masyarakat terhadap penyelenggaraan IHR sepanjang 2026. Bagi kami, IHR bukan hanya mengenai siapa yang menjadi juara di lintasan, melainkan juga bagian dari perjalanan untuk membangun pacuan kuda Indonesia menjadi semakin profesional dan modern, sekaligus tetap menghargai tradisi dan kearifan lokal,"" kata Direktur Komersial Sarga.co, Diana Airin.
Melalui Indonesia's Horse Racing, tradisi dipadukan dengan pendekatan industri modern. Kompetisi dikembangkan secara profesional, produksi siaran ditingkatkan, pengalaman penonton diperluas, dan peluang komersial dibuka lebih jauh.
(ran/bay)",47,2918
https://sport.detik.com/sport-lain/d-8654342/menuju-asian-games-2026-ketum-koi-tekankan-kolaborasi,sport,"Menuju Asian Games 2026, Ketum KOI Tekankan Kolaborasi","Selasa, 08 Sep 2026 19:25 WIB","Jelang Asian Games 2026, dukungan untuk 432 atlet Indonesia terus mengalir. Momentum ini jadi pengingat bahwa jalan menuju podium adalah hasil kolaborasi.
Hal itu ditegaskan Ketua Umum Komite Olimpiade Indonesia (NOC Indonesia), Raja Sapta Oktohari, yang menekankan pentingnya keberlanjutan dukungan bagi atlet.
""Perjalanan menuju podium tidak pernah dibangun dalam waktu singkat. Atlet membutuhkan dukungan yang konsisten, mulai dari proses persiapan hingga saat mereka bertanding membawa Merah Putih,"" ujar Okto dalam keterangan tertulisnya, Selasa (8/9/2026).
Bagi Okto, kolaborasi antara pemerintah, federasi, dunia usaha, dan masyarakat adalah kunci membangun ekosistem olahraga yang kuat.
""Ketika dunia usaha, federasi, pemerintah, masyarakat, dan seluruh pemangku kepentingan bergerak bersama, kita tidak hanya berbicara tentang medali, tetapi juga membangun ekosistem olahraga yang berkelanjutan. Kami berharap kolaborasi seperti ini terus tumbuh dan memberikan dampak positif bagi atlet serta olahraga Indonesia,"" tambahnya.
Ia lantas mengapresiasi semua pihak yang terus hadir mendampingi perjuangan atlet sejak Olimpiade Paris 2024, SEA Games 2025, hingga Asian Games nanti.
Hal senada disampaikan Direktur PT Tim Indonesia Emas, Richard Sam Bera. Ia menilai konsistensi dukungan menjadi bahan bakar penting bagi mental atlet.
Richard menyebut Asian Games Aichi-Nagoya 2026 sebagai panggung pembuktian dari proses panjang yang sudah dijalani.
""Para atlet sudah bekerja keras dalam persiapan mereka. Sekarang saatnya kita memberikan dukungan penuh agar mereka bisa bertanding dengan percaya diri dan membawa semangat Merah Putih,"" ujarnya.
Atlet panjat tebing Veddriq Leonardo berterima kasih atas dukungan masyarakat hingga pihak swasta yang diberikan kepadanya dan para atlet.
""Kami tentu sangat berterima kasih atas dukungan masyarakat Indonesia yang terus mendampingi perjalanan kami. Dukungan seperti ini menjadi motivasi tambahan bagi kami untuk memberikan yang terbaik. Mohon doa dan dukungannya agar kami bisa berjuang maksimal dan membawa hasil terbaik untuk Merah Putih di Asian Games,"" ucap peraih medali emas Olimpiade 2024 ini.
(mcy/aff)",54,2160
https://sport.detik.com/raket/d-8654261/nova-widianto-mulai-tangani-ganda-campuran-pelatnas-pbsi,sport,Nova Widianto Mulai Tangani Ganda Campuran Pelatnas PBSI,"Selasa, 08 Sep 2026 18:50 WIB","Nova Widianto mulai menangani tim ganda campuran Pelatnas PBSI pada hari Selasa (8/9/2026). Kehadiran Nova diumumkan PBSI melalui laman media sosial federasi bulutangkis Indonesia tersebut.
""He is here. Good luck, Coach Nova,"" tulis PBSI.
Nova sebelumnya telah resmi ditunjuk sebagai Kepala Pelatih Ganda Campuran Pelatnas pada 5 Agustus lalu. Ia kembali dipercaya menangani sektor tersebut untuk kali kedua setelah sebelumnya menduduki posisi yang sama pada 2021.
Kepala Bidang Pembinaan dan Prestasi Pelatnas PBSI, Eng Hian, mengatakan pengalaman dan rekam jejak Nova menjadi alasan kembalinya sang mantan pemain ke Pelatnas.
""Nova merupakan sosok yang memiliki pengalaman dan pemahaman yang sangat baik di sektor ganda, baik sebagai atlet maupun pelatih,"" kata Eng Hian.
Ganda campuran Indonesia memang tengah berupaya kembali bersaing di level tertinggi. PBSI berharap kehadiran Nova bisa memberikan energi baru bagi sektor tersebut.
""Kami berharap kehadirannya dapat membawa energi baru, meningkatkan kualitas pembinaan, memperkuat daya saing pasangan-pasangan ganda campuran Indonesia, serta mengantarkan mereka meraih prestasi terbaik di berbagai turnamen internasional,"" ujar Eng Hian kala itu.
Kali Kedua Nova Tangani Ganda Campuran Pelatnas
Kembalinya Nova ke lapangan Pelatnas menjadi periode keduanya menangani sektor ganda campuran. Sebelumnya, Nova menjadi asisten pelatih yang mendampingi Richard Mainaky sebagai kepala pelatih sejak 2013. Setelah Richard mengundurkan diri pada 2021, Nova kemudian dipercaya menjadi pelatih kepala ganda campuran.
Kini, ia kembali mendapat tugas untuk membangun sektor tersebut. Selama masih aktif sebagai atlet, Nova merupakan salah satu pemain ganda campuran terbaik yang dimiliki Indonesia.
Bersama Liliyana Natsir, Nova meraih gelar juara dunia pada 2005 dan 2007. Keduanya juga mempersembahkan medali perak Olimpiade Beijing 2008 dari nomor ganda campuran.
Setelah pensiun sebagai atlet, Nova melanjutkan kiprahnya sebagai pelatih dan turut berkontribusi melahirkan pasangan-pasangan berprestasi di level dunia. Pengalamannya juga berlanjut ketika menangani ganda campuran Malaysia. Nova mencetak sejarah dengan membawa Chen Tang Jie/Toh Ee Wei menjadi juara dunia pada 2025.
Pencapaian tersebut menjadi gelar juara dunia pertama bagi pasangan ganda campuran Malaysia tersebut. Kini, Nova kembali ke Pelatnas PBSI dengan tugas membenahi dan meningkatkan daya saing ganda campuran Indonesia.",56,2444
https://sport.detik.com/basket/d-8654249/timnas-basket-jadi-gelombang-pertama-datang-ke-asian-games-2026,sport,Timnas Basket Jadi Gelombang Pertama Datang ke Asian Games 2026,"Selasa, 08 Sep 2026 18:15 WIB","Timnas basket putra Indonesia jadi rombongan pertama kontingen Merah Putih terbang ke Nagoya untuk Asian Games 2026. Semoga jadi awal yang baik!
Timnas basket bertolak ke Nagoya pada Senin (7/9/2026) malam. Mereka terbang dari Surabaya kemudian transit di Singapura, lalu ke Nagoya, Jepang.
Yudha Saputera dkk berangkat lebih awal karena pertandingan pertama penyisihan grup akan dimulai Kamis (10/9). Sementara pembukaan Asian Games berlangsung 19 September.
Sebab jadi kontingen pertama yang bertanding membuat CdM Indonesia Todotua Pasaribu punya harapan khusus.
""Harapannya, tim basket kita bisa menjadi endorsement yang positif. Jadi ketika pembukaan, kita yakin dan percaya tim basket kita sudah bisa memberikan yang terbaik, sehingga pada saat pembukaan Asian Games pun kita sudah punya kabar yang baik,"" kata CdM Indonesia Todotua Pasaribu kepada pewarta saat ditemui di kawasan Jakarta Selatan.
Menurutnya ini adalah momentum yang harus dimanfaatkan betul bagi Timnas. Apalagi lolosnya basket Indonesia ke Asian Games setelah ada slot terbuka.
""Ini rombongan yang pertama. Walaupun memang ini adalah slot yang bisa kita masuk, tapi dari CdM sendiri, kami, sudah sekitar dua atau tiga kali melihat tim ini. Kebetulan saya juga bagian dari keluarga besar Perbasi,"" tuturnya.
Timnas basket Indonesia sendiri dikabarkan sudah tiba di Nagoya pada Selasa (8/9). Mereka akan langsung masuk ke kompleks Athlete Village untuk adaptasi. CdM memastikan timnya sudah berada di sana untuk menyambut Timnas basket putra.
""Persiapan di sana, mereka nanti akan masuk ke kompleks Athlete Village sebagai persiapan. Kami dari CdM juga akan memberikan dukungan dan backup. Pada saat mereka masuk, official team dari CdM juga sudah akan stand by,"" kata Todotua.
Adapun keberangkatan kontingen secara keseluruhan, ia menyebut akan ada empat sampai lima kloter. Hal ini berkaitan dengan aturannya keberangkatan tiap cabor dua hari sebelum pertandingan. Indonesia mengikuti 35 cabang olahraga.
""Jadirata-rata kami berangkat H-2 atau H-3 sebelum pertandingan pertama dari setiap cabor itu rombongannya sudah masuk. Tapi kurang lebih paling maksimal empat sampai lima kloter,"" pungkas Todotua.
(mcy/aff)",63,2187
https://sport.detik.com/sportstyle/d-8653975/nikmati-keseruan-lari-di-solo-run-fest-2026-beli-tiketnya-via-brimo,sport,"Nikmati Keseruan Lari di Solo Run Fest 2026, Beli Tiketnya via BRImo!","Selasa, 08 Sep 2026 15:47 WIB","Bagi pelari urban, lari kini bukan lagi sekadar mengejar catatan waktu atau mencapai garis finis. Pengalaman selama berlari pun menjadi bagian yang tak kalah penting.
Mulai dari menikmati suasana kota, mengenal budaya lokal, hingga mencicipi kuliner khas daerah menjadi alasan mengapa konsep sportourism semakin diminati. Tren ini membuat ajang lari tidak lagi sekadar arena kompetisi, melainkan juga cara baru bagi masyarakat urban untuk menikmati destinasi wisata sambil berolahraga.
Konsep inilah yang dihadirkan dalam Solo Run Fest 2026, sebuah festival lari yang memadukan olahraga, budaya, dan pariwisata dalam satu rangkaian acara. Festival ini mengajak peserta menjelajahi berbagai daya tarik Kota Solo sambil menikmati pengalaman berlari, mulai dari kekayaan budaya hingga geliat ekonomi kreatif masyarakat setempat.
Melalui konsep tersebut, peserta tidak hanya diajak untuk mencetak waktu tempuh terbaik, tetapi juga merasakan langsung suasana Kota Solo dari sudut pandang yang berbeda. Hal ini sejalan dengan semangat sportourism yang belakangan semakin digemari oleh para pelari di berbagai kota besar.
Ajang yang sebelumnya dikenal sebagai SHA Run for Solo ini kini berkembang menjadi festival olahraga dan budaya yang lebih besar. Solo Run Fest 2026 akan digelar pada 25-27 September 2026 di Kota Solo, Jawa Tengah.
Rangkaian acara akan dimulai dengan Race Pack Collection dan Race Village Festival pada 25-26 September 2026. Area Race Village tidak hanya menjadi tempat pengambilan race pack, tetapi juga menghadirkan beragam aktivitas menarik yang membuat suasana festival semakin hidup sejak sebelum hari perlombaan dimulai.
Kehadiran Race Village Festival ini sekaligus menjadi ajang pemanasan bagi peserta untuk mengenal lebih dekat suasana Solo Run Fest 2026 sebelum memasuki hari perlombaan utama. Peserta bisa memanfaatkan momen ini untuk bersosialisasi sesama pelari sambil menikmati berbagai aktivitas pendukung yang disediakan panitia.
Memasuki Race Day pada 27 September 2026, peserta dapat mengikuti berbagai kategori lomba sesuai kemampuan masing-masing. Kategori yang tersedia yaitu, Half Marathon (HM), 10K, 5K Umum dan 5K Pelajar. Sehingga bisa diikuti oleh pelari dari berbagai latar belakang dan tingkat pengalaman, mulai dari pelari kompetitif hingga pemula.
Selain kompetisi lari, pengunjung juga dapat menikmati berbagai aktivitas pendukung seperti UMKM Bazaar, Sportswear Expo, Live Music Performance, dan Entertainment Stage. Rangkaian acara juga dimeriahkan dengan pengumuman pemenang beserta doorprize, hingga Cultural Running Festival yang semakin memperkuat nuansa khas Kota Solo.
Keberadaan UMKM Bazaar menjadi daya tarik tersendiri karena memberikan kesempatan bagi peserta untuk mengenal sekaligus mendukung produk-produk lokal. Kehadiran bazaar ini sekaligus menghidupkan sisi ekonomi kreatif masyarakat Solo di tengah gelaran festival, sekaligus memberi ruang promosi bagi para pelaku usaha kecil setempat.
Sementara itu, Sportswear Expo menghadirkan berbagai kebutuhan olahraga yang dapat melengkapi perlengkapan para pelari. Kehadiran expo ini memudahkan peserta yang masih membutuhkan perlengkapan tambahan sebelum atau saat hari perlombaan, tanpa perlu mencarinya jauh-jauh dari lokasi acara.
Menariknya, pelari juga bisa mendapatkan diskon tiket sebesar 20% untuk pembelian melalui BRImo. Diskon ini menjadi nilai tambah tersendiri bagi peserta yang melakukan transaksi lewat kanal resmi tersebut.
Bagi para pelari yang ingin ikut merasakan pengalaman tersebut, proses pendaftaran kini semakin praktis. BRImo menjadi metode pembayaran resmi sekaligus kanal eksklusif untuk pembelian tiket Solo Run Fest 2026.
Melalui aplikasi ini, peserta dapat melakukan registrasi secara digital dengan proses transaksi yang lebih mudah dan nyaman. Dengan kemudahan akses tersebut, pelari tidak perlu lagi melalui proses pendaftaran yang rumit untuk bisa ambil bagian dalam festival lari sekaligus budaya ini.
Informasi lebih lengkap dapat dicek melalui bbri.id/solorun2026.
(akd/akd)",69,4021
https://sport.detik.com/basket/d-8653694/timnas-basket-putra-di-asian-games-2026-menangi-laga-pertama-dulu,sport,"Timnas Basket Putra di Asian Games 2026, Menangi Laga Pertama Dulu","Selasa, 08 Sep 2026 14:30 WIB","Pelatih Timnas basket putra Indonesia David Singleton menegaskan target timnya saat ini adalah menang di pertandingan pertama Asian Games 2026. Fokus satu satu!
Hal itu disampaikan David menyoal target basket putra di Asian Games 2026 Aichi-Nagoya.
""Saya rasa pertanyaan itu memang selalu muncul. Tetapi bagi saya, prosesnya adalah menjalani pertandingan satu per satu. Target kami adalah memenangkan pertandingan pertama. Itulah target kami,"" kata Singleton kepada pewarta.
Bagi Singleton laga pertama merupakan poin penting dalam menentukan langkah Indonesia berikutnya. Yudha Saputera dkk langsung menghadapi tuan rumah di Aichi-Nagoya pada 10 September 2026.
Kemudian melawan Korea Selatan pada keesokan harinya, dan bertemu Arab Saudi usai istirahat sehari (13/9).
""Kami ingin keluar, memenangkan pertandingan pertama, mengawali turnamen dengan catatan 1-0, kemudian melihat sejauh mana kami bisa melangkah dari sana,"" lanjutnya.
Singleton realistis melihat peta kekuatan di Asian Games. Lawan-lawan Indonesia seperti Jepang dan Korea Selatan berada di jajaran 20-30 besar dunia.
""Beberapa tim yang akan kami hadapi berada di peringkat 20 besar atau 30 besar dunia. Sebagai sebuah negara, kami memang belum berada di level tersebut,"" ujarnya.
Namun kehadiran pemain-pemain tambahan di skuad Garuda membuat ia optimistis, skuadnya mampu bersaing di lingkungan kompetisi sekelas Asia.
""Kami percaya dengan tambahan pemain yang kami miliki, kami bisa berada di level dan lingkungan kompetisi tersebut,"" ujarnya.
""Kali ini ada beberapa pemain baru yang bergabung, yaitu Lester, Bram, Vincent, Prastawa, dan Derrick. Jadi, ada lima pemain baru yang masuk ke dalam tim.""
""Saya pikir ini memberi kami kesempatan besar untuk tampil lebih baik. Pada turnamen pertama, kami belajar banyak hal tentang diri kami sendiri. Kami beradaptasi sambil bermain, tetapi saat itu prosesnya sedikit terlambat,"" lanjut pelatih yang karib disapa Dave ini.
""Sekarang saya merasa kami sudah memiliki pengalaman dan pemahaman yang lebih baik. Kami lebih siap untuk menghadapi turnamen ini dan bersaing di level tinggi untuk Indonesia melawan tim-tim yang sangat tangguh,"" tegas Singleton.
Berikut Daftar Atlet Timnas Basket Putra di Asian Games
Derrick Michael
Abraham Grahita
Ali Bagir
Andakara Prastawa
Yudha Saputera (C)
Vincent Kosasih
Hendrick Yonga
Lester Prosper
Dame Diagne
Pandu Wiguna
Fhirdan Guntara
Tonton juga Video: Melihat Perjuangan Ratusan Atlet Basket di DBL Camp 2024
(mcy/aff)",66,2474
https://sport.detik.com/raket/d-8653585/asian-games-2026-putri-kw-pede-dengan-komposisi-beregu-putri,sport,Asian Games 2026: Putri KW Pede dengan Komposisi Beregu Putri,"Selasa, 08 Sep 2026 12:50 WIB","Putri Kusuma Wardani percaya diri dengan komposisi beregu putri yang dipilih PBSI untuk Asian Games 2026. Dia juga menyebut chemistry satu sama lain sudah klop.
Bulutangkis Indonesia mengirimkan 20 wakil untuk tampil di Aichi-Nagoya, 19 September hingga 4 Oktober mendatang. 10 Atlet di antaranya merupakan sektor beregu putri.
Yaitu Putri KW, Thalita R. Wiryawan, Ni Kadek Dhinda, Mutiara Ayu Puspitasari, Rachel Allessya Rose, Febi Setianingrum, Febriana Dwipuji Kusuma, Meilysa Trias Puspitasari, Siti Fadia Silva Ramadhanti, dan Nita Violina Marwah.
Putri menilai komposisi skuad bulutangkis Indonesia yang mengombinasikan pemain senior dan junior, tidak menemukan kendala dalam membangun koneksi di dalam tim.
Pengalaman berlaga bersama dalam beberapa kejuaraan beregu sebelumnya dinilai telah membentuk kekompakan antar-atlet.
""Dengan tim komposisi yang ada cukup kuat sih. Kita juga sudah lumayan dua atau tiga kali beregu bersama-sama, jadi sudah ketemu chemistry-nya di antara satu dan yang lain, baik tunggal maupun ganda,"" kata Putri dalam keterangannya dikutip Selasa (8/9/2026).
Tak hanya itu, seluruh rangkaian program latihan di Pelatnas sejauh ini berjalan dengan lancar dan kondusif. Sampai menjelang hari keberangkatan menuju Jepang, porsi latihan tim nasional kini lebih difokuskan pada penguatan di masing-masing sektor di bawah arahan tim pelatih.
""Yang pasti, kekurangan dari pertandingan sebelumnya menuju pertandingan Asian Games lebih ditingkatkan lagi,"" tambahnya.
Terkait peta persaingan di Asian Games 2026, Putri KW menilai kekuatan di sektor tunggal putri kawasan Asia tergolong sangat merata. Dia mewaspadai kekuatan para pemain dari negara-negara papan atas seperti China, Jepang, dan Korea Selatan.
""Kalau kekuatan sendiri di Asian Games menurut aku cukup merata ya dari Asia sendiri, terutama dari China, Jepang, dan Korea Selatan sih cukup kuat,"" tuturnya.
Pebulutangkis peringkat ke-7 dunia itu memasang target tinggi pada ajang Asian Games 2026.
Secara pribadi, Putri berambisi untuk dapat melangkah hingga ke babak akhir dan berdiri di atas podium. Hal ini juga sejalan dengan target medali yang dicanangkan oleh PP PBSI.
""Harapannya semoga tim bulu tangkis Indonesia bisa mendapatkan medali, dan terutama untuk pribadi aku sendiri, aku bisa menyumbangkan medali untuk Indonesia di ajang Asian Games,"" pungkas Putri.
Lihat juga Video; Hong Kong Open 2024: Sabar/Reza dan Putri KW Tumbang di Final",61,2434
https://sport.detik.com/raket/d-8653493/tekad-alwi-farhan-lampaui-batas-di-asian-games-2026,sport,Tekad Alwi Farhan Lampaui Batas di Asian Games 2026,"Selasa, 08 Sep 2026 11:50 WIB","Momen debut di Asian Games 2026 tak mau disia-siakan Alwi Farhan. Pebulutangkis tunggal putra Indonesia itu bertekad habis-habisan menguras kemampuan demi hasil terbaik di Aichi-Nagoya.
""Saya selalu nge-push diri saya to the limit setiap harinya,"" kata Alwi dalam keterangannya, Selasa (8/9/2026).
Bagi Alwi, Asian Games bukan turnamen biasa. Statusnya merupakan multievent terbesar se-Asia membuat atmosfernya terasa berbeda.
""Semuanya sakral bagi saya dan bagi semuanya, karena kami sangat amat berambisi untuk mencapai target,"" kata pebulutangkis 21 tahun itu.
Ia pun menyebut multievent ini sebagai panggung istimewa yang tidak semua orang bisa dapatkan.
""Di multievent ini tidak sembarang orang yang dipilih oleh Tuhan untuk bisa menjadi seorang juara. Selagi masih ada waktu, saya berdoa dan berusaha untuk bisa mendapatkan hasil terbaik,"" ucap Alwi.
Duduk di peringkat 11 dunia BWF, Alwi mengaku sudah mematangkan seluruh aspek persiapan menjelang debutnya.
""Alhamdulillah sejauh ini persiapannya cukup bagus. Persiapan dari segi mental, fisik, dan pikiran menjadi fokus utama menjelang kejuaraan pesta olahraga Asia itu,"" jelasnya.
Dia pun berharap bisa melampaui batas maksimal kemampuannya saat bertanding nanti.
Terlebih, PBSI mematok target emas di nomor beregu putra. Sementara untuk perorangan, Alwi memasang target pribadi yaitu medali.
""Di sektor ini semuanya bisa memberikan kejutan, baik yang di atas maupun di bawah. Jadi tidak menutup kemungkinan siapa pun bisa meraih gelar juara kalau dari dirinya sendiri memang siap dan matang dari segi mental,"" tuturnya.
""Mohon doa dan dukungannya,"" pungkas Alwi.
Asian Games 2026 akan berlangsung di Aichi-Nagoya pada 19 September hingga 4 Oktober. Bulutangkis Indonesia menurunkan 20 wakilnya dari putra dan putri.
Simak juga Video Alwi: Tak Pernah Terbayangkan Bisa Juara Indonesia Masters",51,1851
https://sport.detik.com/sport-lain/d-8653123/wrt-32-di-lone-star-le-mans-startnya-sudah-bagus-tapi,sport,"WRT 32 di Lone Star Le Mans: Startnya Sudah Bagus, tapi...","Selasa, 08 Sep 2026 08:10 WIB","Pupus sudah harapan Sean Gelael dan rekan-rekannya di Team WRT 32 meraih podium Lone Star Le Mans 2026. Kendala teknis bikin mereka gagal dapat poin.
Setelah meraih posisi start ketujuh di kualifikasi kelas LMGT3, Sean dkk.dalam kepercayaan diri tinggi menghadapi balapan di COTA, Senin (7/9) dini hari WIB. Bahkan posisi mereka naik satu strip karena penalti AF Cose 21.
Pada balapan yang berlangsung di trek basah, Darren Leung sebagai starting driver langsung melesat ke posisi keenam dari urutan keempat saat start.
Leung bahkan sempat naik ke P2, walau persaingan ketat membuat pebalap Inggris ini lalu tertahan di P4.
Setelah itu tiba-tiba Leung mundur teratur, dari P4 ke P6, P7, hingga mesti masuk pit karena problem teknis terdeteksi. Ternyata as-roda mobil BMW M4 GT3 yang dikendarainya bermasalah sehingga mesti diganti.
Penggantian membutuhkan waktu cukup lama, 25 menit, sebelum Sean mengambil alih balapan dari Leung. Akan tetapi Sean tidak bisa berbuat banyak karena Team WRT 32 sudah tertinggal 10 lap dari mobil terdepan kelas LMGT3.
Walau begitu, guna menuntaskan perjuangan, Sean, Leung, dan Augusto Farfus tetap berlaga hingga finis di P16. Bukan hasil yang diharapkan memang, tapi mereka sudah memberikan segalanya.
""Bukan hasil yang kami inginkan. Tapi, ya, balapan memang terkadang seperti ini,"" ujar Sean dalam rilis kepada detikSport.
Balapan Lone Start Le Mans atau 6 Hours of COTA penuh drama sejak awal. Safety Car (SC) dan Full Course Yellow (FCY) berulangkali mesti diberlakukan untuk menetralisir lomba.
Kelas LMGT3 jadi milik tim Heart of Racing Team #27. Sementara itu Ferrari akhirnya pecah telur di kelas Hypercar tahun ini lewat mobil nomor 50.
Putaran kelima FIA WEC 2026 digelar di Sirkuit Fuji, Jepang, 27 September.
(mrp/rin)",58,1765
https://sport.detik.com/sportstyle/d-8653121/setelah-9-tahun-gelar-basket-kini-ljk-2026-rambah-padel,sport,"Setelah 9 Tahun Gelar Basket, Kini LJK 2026 Rambah Padel","Selasa, 08 Sep 2026 07:11 WIB","Liga Jasa Keuangan (LJK) yang lebih dikenal dengan kompetisi basket kini mulai merambah ke padel. LJK untuk pertama kalinya menggelar padel mulai tahun ini.
Sebanyak 20 tim dari 20 institusi keuangan mengikuti rangkaian kompetisi yang dibuka oleh Wakil Ketua Dewan Komisioner Otoritas Jasa Keuangan (OJK) Hernawan Bekti Sasongko di Milo's Padel Kemang, Jakarta, Minggu (6/9/2026).
Opening ceremony menghadirkan parade tim, pertandingan eksibisi level eksekutif, serta pertandingan awal fase grup. Kegiatan turut dihadiri Deputi Gubernur Bank Indonesia Solikin M. Juhro dan jajaran pimpinan dari berbagai institusi peserta.
Peserta datang dari tiga kelompok utama; Sektor perbankan diwakili 13 institusi, sektor asuransi dan keuangan nonbank, dan kelompok regulator serta lembaga terkait. Setiap institusi menurunkan satu tim yang terdiri atas lima pemain putra dan lima pemain putri, serta didampingi maksimal tiga ofisial, dengan total sebanyak 200 pemain tercatat mengikuti turnamen.
""Masuknya padel sebagai cabang baru menunjukkan bahwa Liga Jasa Keuangan terus berkembang mengikuti minat insan jasa keuangan. Namun, yang paling penting bukan sekadar cabang olahraganya, melainkan semangat yang dibawa: berani bertanding, menjunjung sportivitas, dan membangun kekompakan,"" kata Ketua Pengurus LJK Insan Hasani.
Dalam setiap pertemuan beregu, tim bertanding pada tiga kategori: Men's Doubles, Women's Doubles, dan Mixed Doubles. Kompetisi dimulai dari fase kualifikasi dan grup, kemudian berlanjut ke perempat final, semifinal, perebutan tempat ketiga, dan final.
Format berjenjang tersebut membuat setiap hasil pada fase grup menentukan langkah tim menuju babak gugur. Penyelenggaraan juga didukung perangkat pertandingan profesional, pengaturan level pemain, sistem skor, dan publikasi kegiatan.
""Kami merancang kompetisi ini dalam format beregu agar setiap tim tampil sebagai satu kesatuan sehingga strategi, kedalaman skuad, dan konsistensi menjadi penentu. Harapannya, turnamen ini berlangsung kompetitif, fair, dan memberikan pengalaman pertandingan yang baik dan dapat dinikmati bagi seluruh peserta,"" ujar Ketua Pelaksana LJK Padel Greatman Rajab.
LJK pertama kali diselenggarakan pada 2017 sebagai wadah olahraga bagi regulator, pelaku industri, dan pemangku kepentingan sektor jasa keuangan. Memasuki penyelenggaraan ke delapan pada 2026, penambahan padel memperluas cabang yang dipertandingkan sekaligus merespons minat komunitas terhadap olahraga tersebut.
Mengusung tema ""Play Bold, Build Bonds"", LJK Padel 2026 memadukan persaingan yang sehat dengan sportivitas dan kekompakan tim. Penutupan pada 27 September 2026 akan menjadi momentum penyerahan penghargaan sekaligus apresiasi kepada seluruh tim yang mengikuti penyelenggaraan perdana cabang padel.
Lebih dari sekadar kompetisi, LJK Padel 2026 diharapkan menjadi medium yang efektif untuk memperkuat konektivitas dan kolaborasi antarinsan industri jasa keuangan. Di saat yang sama, sportivitas yang tumbuh dalam pertandingan-melalui disiplin, integritas, kerja sama tim, dan sikap saling menghormati-mencerminkan nilai-nilai yang juga dibutuhkan dalam membangun ekosistem jasa keuangan yang sehat, solid, dan berkelanjutan.
(mro/bay)",56,3202
https://sport.detik.com/sportstyle/d-8653076/ngedadak-padel-ketika-padel-jadi-ajang-reuni,sport,Ngedadak Padel: Ketika Padel Jadi Ajang Reuni,"Selasa, 08 Sep 2026 04:15 WIB","Padel kini sudah jadi gaya hidup masyarakat urban di Indonesia. Tidak cuma untuk berolahraga, padel bisa jadi ajang reunian.
Hal ini yang dilakukan oleh alumni Fakultas Hukum (FH) Universitas Trisakti angkatan 1999. Pada Minggu (6/9/2026) kemarin, berlokasi HQ Padel & Tennis, Pesanggrahan, Jakarta Selatan, mereka melakukan kegiatan gathering namun dikemas dalam bentuk turnamen padel bertajuk ""Ngedadak Padel"".
Para alumni FH Trisakti tersebut juga diperbolehkan membawa pasangan mereka masing-masing untuk bersaing dalam pertandingan nomor campuran.
Turnamen padel ini diikuti oleh 16 fixed partners dan mixed partners yang terbagi ke dalam 4 grup. Para peserta pun terlihat tampil antusias dan kompetitif.
""Intinya ini untuk menjaga silaturahmi. Kami angkatan 99 FH Trisakti memang sering membuat kegiatan kumpul-kumpul, dan salah satunya ini adalah padel. Apalagi padel juga sedang digemari, baik laki-laki maupun perempuan,"" ujar salah seorang panitia, Mega Ruhapy, dalam keterangan kepada media
Kegiatan ini memang hanyalah ajang silaturahmi. Namun, panitia tampak begitu serius dalam menyelenggarakan acara.
Podium untuk juara pertama, peringkat runner-up, dan ketiga disiapkan. Pemenang juga berhak mendapatkan penghargaan, medali, dan hadiah.
Arie Pujianto, salah seorang alumni yang menjadi motor penggerak aktivitas olahraga di kalangan alumni FH Universitas Trisakti, menyebut angkatannya memang tergolong cukup aktif menggelar kegiatan seperti ini.
Kegiatan olahraga seperti padel ini diyakini Arie menjadi pilihan yang tepat untuk bersilaturahmi karena baik alumni laki-laki maupun perempuan bisa berpartisipasi.
""Kami dari zaman kuliah, udah lebih dari 25 tahun lalu, memang akur ya. Alhamdulillah masih berhubungan baik. Akhirnya sekarang kami coba main padel, karena para istri juga bisa main,"" kata Arie.
""Mudah-mudahan, dengan adanya turnamen padel perdana kami ini, bisa juga mengangkat kemauan dari angkatan FH Trisakti yang lain. Pastinya seru kalau seluruh FH Trisakti bisa melakukan gathering,"" sambungnya.
Arie menyebut alumni angkatan 99 FH Trisakti juga berencana menggelar turnamen padel ke depannya, tetapi diadakan di Asha Beach Club & Resort di Pulau Payung, Kepulauan Seribu.
Tak Cuma Padel
Arie dan para alumni FH Trisakti rupanya juga tergabung dalam klub sepak bola Inkracht Sakti FC, yang dijadwalkan mengikuti kejuaraan dunia antar advokat atau Mundiavocat 2027 di Bali, 21-25 April 2027.
""Mundiavocat ini juga jadi salah satu fokus kita. Kami dari Inkracht Sakti FC memang basicnya adalah para lawyer lulusan Trisakti. Namun, mungkin kami juga membuka peluang untuk mengajak pemain dari Peradi FC,"" ucap Arie.
Arie yang menjabat sebagai kapten tim Inkracht Sakti FC, menambahkan, untuk menghadapi Mundiavocat tahun depan, skuad sudah harus terbentuk pada bulan November 2026 sehingga tim bisa lebih berkonsentrasi melakukan persiapan.
Inkracht Sakti FC sendiri telah menunjuk seorang pelatih profesional yang dikenal di kalangan olahraga futsal, yakni Mario Silitonga.
Mario memang sudah berkali-kali membawa tim advokat Indonesia berkompetisi di kejuaraan dunia sepak bola antar advokat. Tangan dingin dan pengalaman Mario diharapkan bisa membawa Inkracht Sakti FC mencapai prestasi membanggakan.
""Untuk Mundiavocat, biasanya negara unggulan dari Asia itu adalah Thailand, Iran, dan Jepang. Dulu saya pernah membawa tim sepak bola advokat Indonesia sampai ke peringkat ketiga,"" kata Mario.
Agenda terdekat, Inkracht Sakti FC akan menggelar pertandingan pemanasan menghadapi para mantan pemain profesional Malaysia, Sabah FC, di Jakarta, 20 September.
(mrp/bay)",45,3600
https://sport.detik.com/sportstyle/d-8653072/menjaga-gaya-hidup-sehat-lewat-hyrox,sport,Menjaga Gaya Hidup Sehat Lewat Hyrox,"Selasa, 08 Sep 2026 03:20 WIB","Hyrox tak dipungkiri lagi naik daun di dunia, terutama di Indonesia. Olahraga ini memang punya peran penting dalam menjaga stamina tubuh.
Hyrox adalah kompetisi kebugaran global yang mengombinasikan lari jarak jauh dengan latihan fungsional dalam satu rangkaian perlombaan yang intens.
Olahraga ini pertama kali diluncurkan di Jerman pada tahun 2017 dan dengan cepat berkembang menjadi fenomena internasional. Tujuan utama dari kompetisi ini adalah untuk menguji daya tahan (endurance) serta kekuatan (strength) peserta secara menyeluruh.
Berbeda dengan kompetisi atletik lainnya yang sering kali ditujukan hanya untuk profesional, Hyrox dirancang agar inklusif bagi semua tingkat kebugaran.
Peserta pemula hingga atlet elit dapat berkompetisi di bawah standar yang sama dengan waktu penyelesaian yang tercatat secara digital. Hal ini menjadikan Hyrox sebagai salah satu jenis kompetisi fitness race yang paling populer di dunia saat ini.
Itulah mengapa banyak pusat kebugaran di kota-kota besar di Indonesia memasukkan Hyrox sebagai salah satu ""jualan"" karena tingginya peminat. Apalagi saat ini sudah sering dilihat kompetisi hyrox dipertandingkan.
Tidak cuma dipertandingkan secara resmi, Hyrox juga kerap dijadikan sebagai gimmick dalam sebuah seremoni, salah satunya seperti di Hari Kemerdekaan ke-81 RI bulan lalu.
Synergy Worldwide Indonesia, perusahaan yang bergerak di bidang nutrisi dan wellness Synergy, berkolaborasi dengan South Barn menghadirkan sebuah kompetisi fitness yang memadukan semangat olahraga, kompetisi, dan tradisi perayaan 17 Agustus melalui acara ""17 Agustusan Throwdown""
Mengusung konsep kompetisi bergaya HYROX, 17 Agustusan Throwdown menghadirkan tantangan fisik yang menguji kekuatan, daya tahan, kecepatan, dan ketangguhan peserta. Namun, berbeda dari kompetisi fitness pada umumnya, acara ini juga membawa suasana khas perayaan kemerdekaan Indonesia melalui berbagai lomba 17 Agustusan, seperti lomba makan kerupuk, dan mengigit sendok dengan kelereng.
""Kami ingin menghadirkan sesuatu yang berbeda dalam menyambut Hari Kemerdekaan. Fitness dan olahraga memiliki nilai yang sangat dekat dengan semangat perjuangan, konsistensi, disiplin, keberanian untuk menghadapi tantangan, dan tidak mudah menyerah. Melalui 17 Agustusan Throwdown, kami ingin menggabungkan nilai-nilai tersebut dengan keceriaan dan kebersamaan yang menjadi ciri khas perayaan 17 Agustus di Indonesia, Produk-produk Synergy Indonesia juga hadir untuk mendukung performa para pecinta Olahraga & Fitness"" ujar Dina Yuliyanti selaku Senior Marketing Manager Synergy Worldwide Indonesia dalam keterangan kepada detikSport.
Kolaborasi bersama South Barn juga menjadi bagian dari upaya menghadirkan pengalaman olahraga yang lebih inklusif dan menyenangkan bagi komunitas.
Para peserta tidak hanya ditantang untuk menunjukkan kemampuan fisik mereka dalam arena kompetisi, tetapi juga diajak untuk menikmati suasana perayaan kemerdekaan bersama komunitas dan rekan-rekan sesama pecinta olahraga.
Konsep ""work hard, play hard"" menjadi salah satu semangat utama acara ini. Yang menggabungkan antara tantangan fisik dalam kompetisi dan permainan-permainan khas 17 Agustus yang menghadirkan suasana santai, penuh tawa, dan kompetisi yang bersahabat.
Kehadiran 17 Agustusan Throwdown sekaligus mencerminkan semakin berkembangnya budaya fitness dan olahraga fungsional di Indonesia. Kompetisi seperti Hyrox menggabungkan berbagai elemen latihan, mulai dari kekuatan, kardio, hingga functional movements, sehingga menuntut peserta untuk memiliki kemampuan fisik yang menyeluruh.
Melalui kegiatan ini, Synergy Worldwide Indonesia dan South Barn berharap semangat kemerdekaan tidak hanya dirayakan melalui seremonial, tetapi juga diwujudkan melalui gaya hidup aktif, sehat, sportif, dan penuh kebersamaan.
(mrp/bay)",36,3802
https://sport.detik.com/raket/d-8653071/mens-world-tennis-championship-3-wakil-ri-gagal-ke-babak-utama-seri-v,sport,Men's World Tennis Championship: 3 Wakil RI Gagal ke Babak Utama Seri V,"Selasa, 08 Sep 2026 02:56 WIB","Men's World Tennis Championship 2026 sudah memasuki seri V. Sayang, tiga petenis tuan rumah gagal melaju ke babak utama.
Pada putaran final kualifikasi Seri V M-15 Men's World Tennis Championship 2026, Senin (7/9/2026), Indonesia menurunkan tiga wakilnya, yakni Ethan Jake Frans, Ethan David Zapp, dan Kareem Abdul Hakim.
Tapi ketiganya malah gagal menuntaskan misinya lolos ke babak utama turnamen yang berhadiah total 20 ribu dolar AS. Ada total 32 petenis dari 14 negara yang tampil di babak kualifikasi.
Bertanding di lapangan A, Bali Beach Country Club, Nusa Dua, Ethan baru saja merayakan ulang tahun ke-17 itu harus tumbang dari unggulan keempat Shanker Heisnam.
Ethan yang akhir pekan lalu jadi runner-up Seri IV bersama Rafalentino Da Costa kalah dengan skor 2-6 dan 3-6 dalam waktu 1,5 jam.
Ethan Jake, 14 tahun, yang merupakan putra eks petenis Indonesia Wyne Prakusya kalah dari unggulan ketujuh asal Amerika Serikat Stefan Menichell, dengan skor 6-7 tiebreak 3 dan 3-6 dalam waktu 2 jam 4 menit.
""Saya tetap puas dengan performa saya di final kualifikasi ini. Apalagi saya kalah dari petenis asing seperti Stefan yang unggul teknik dan pengalaman serta peringkat ATP yang lebih tinggi,"" ujar Ethan Jake dalam rilis kepada detikSport.
Wakil RI ketiga yang gagal adalah Kareem Abdul Hakim. Dia takluk dari unggulan kelima dari Selandia Baru, Matthew Shearer, 2-6 dan 5-7.
Dengan hasil itu, Indonesia cuma punya empat wakil di babak utama, yakni unggulan kedua M Rifqi Fitriadi, serta Anthony Susanto, Nathan Bark, dan Rafalentino Ali Da Costa yang masuk ke babak utama dengan fasilitas wild card.
Sementara itu di sektor ganda putra, Indonesia akan diperkuat oleh Rafalentino Ali Dacosta/Ethan David Zapp, Ethan Jake Frans/M. Ragil Putra, Anthony Susanto yang menggandeng petenis Taiwan Yang Cheng Chen sebagai pasangannya serta Kareem Abdul Hakim yang berpartner dengan Andrez Nech dari Hungaria.
(mrp/rin)",71,1918
https://sport.detik.com/sport-lain/d-8653014/debut-di-rok-cup-indonesia-2026-barra-ghaisan-torehkan-catatan-positif,sport,"Debut di Rok Cup Indonesia 2026, Barra Ghaisan Torehkan Catatan Positif","Senin, 07 Sep 2026 23:38 WIB","Barra Ghaisan Zeinatma menunjukkan perkembangan positif pada musim debutnya di ESHARK Rok Cup Indonesia 2026. Turun di kelas Mini Rok, Pembalap muda Indonesia ini mampu mengoleksi sejumlah podium setelah menjalani proses adaptasi sepanjang musim.
Pebalap berusia 13 tahun yang memperkuat Avenue Rising Star Racing Team itu baru tampil mulai Round 2 karena harus beradaptasi dengangokartbaru. Pada Seri 2, Barra finis di posisi ke-12, sebelum meningkat ke peringkat ke-10 pada Seri 3.
Performa Barra semakin menonjol pada Seri 4. Ia meraih posisi kelima kategori Mini Newbie dan peringkat ketiga Mini Rok Rising Star.
Memasuki Seri 5, Barra kembali naik podium dengan menjadi juara pertama kategori Mini Newbie dan runner-up Mini Rok B. Performa tersebut berlanjut pada Seri 6 yang berlangsung 5-6 September 2026. Ia meraih posisi kedua Mini Newbie, posisi kelima Mini Rok, dan posisi keempat Mini Rok Rising Star.
""Musim pertama ini menjadi proses belajar yang sangat penting bagi Barra. Setiap seri memberikan pengalaman dan tantangan baru,"" kata ayah Barra, Jeffri Ardiatma, kepada awak media.
Jeffri juga mengingatkan Barra untuk tetap memperhatikan pendidikan. Saat ini, Barra tercatat sebagai siswa kelas 7 SMP Labschool Cirendeu.
""Yang penting juga untuk Barra agar fokus dengan sekolahnya. Kami selalu berharap yang terbaik untuk Barra,"" lanjutnya.
Setelah menyelesaikan musim pertamanya di kelas Mini Rok, Barra diproyeksikan naik ke kelas Junior Rok pada ESHARK Rok Cup Indonesia 2027. Ia juga dijadwalkan mengikuti sejumlah seri Rok Cup Asia di Macau, Malaysia, dan Thailand.
(ran/yna)",71,1595
https://sport.detik.com/moto-gp/d-8652587/motogp-san-marino-antusiasme-bezzecchi-balapan-di-rumah-sendiri,sport,MotoGP San Marino: Antusiasme Bezzecchi Balapan di 'Rumah Sendiri',"Senin, 07 Sep 2026 21:30 WIB","Marco Bezzecchi tak sabar menghadapi MotoGP San Marino 2026. Bagi pebalap Aprilia itu, balapan di Sirkuit Misano punya arti khusus karena lokasinya sangat dekat dengan kampung halamannya, Rimini.
MotoGP San Marino akan berlangsung di Misano pada 11-13 September. Bezzecchi menyebut seri ini selalu terasa berbeda dibandingkan balapan lainnya.
""Grand Prix kandang selalu memiliki sesuatu yang ajaib dan spesial,"" kata Bezzecchi seperti dilansir Motosan.
Misano memang seperti rumah kedua bagi Bezzecchi. Sirkuit tersebut hanya berjarak beberapa kilometer dari Rimini, tempat kelahirannya.
Saking dekatnya, Bezzecchi bahkan masih akan tinggal di rumah hingga Kamis sebelum pindah ke motorhome untuk menjalani rangkaian akhir pekan balapan.
""Misano benar-benar wilayah rumah saya. Saya di rumah sampai Kamis. Jadi, ya, ini luar biasa; selalu menjadi perasaan yang luar biasa, selalu memiliki rasa yang spesial,"" ujarnya.
Bezzecchi Datang dengan Modal Bagus
Antusiasme Bezzecchi semakin besar setelah dua seri terakhir memberinya hasil positif. Ia berhasil mengumpulkan poin penting untuk tetap berada dalam persaingan gelar MotoGP 2026.
""Beberapa waktu terakhir memang cukup sulit, tetapi dua balapan terakhir berjalan dengan baik. Kami berhasil mendapatkan kembali beberapa poin,"" katanya.
Setelah MotoGP Aragon, Bezzecchi berada di posisi ketiga klasemen. Ia tertinggal 24 poin dari Jorge Martin yang memimpin, sementara Marc Marquez berada di posisi kedua dengan selisih 19 poin dari Martin.
Karena itu, balapan di Misano bukan sekadar home race bagi Bezzecchi. Pebalap Italia tersebut juga punya kesempatan untuk memangkas jarak dalam perebutan gelar di depan pendukungnya sendiri.
""Anda harus percaya pada diri sendiri, Anda harus berjuang. Kimi melakukannya, dan saya tentu akan berusaha memberikan yang terbaik,"" ujar Bezzecchi.",66,1832
https://sport.detik.com/moto-gp/d-8652425/dokter-perkirakan-kondisi-lengan-marc-marquez-sekitar-50-persen,sport,Dokter Perkirakan Kondisi Lengan Marc Marquez: Sekitar 50 Persen,"Senin, 07 Sep 2026 18:30 WIB","Marc Marquez masih harus beradaptasi dengan kondisi lengan kanan yang jauh dari normal. Dokter yang pernah mengoperasinya, Samuel Antuna, mengungkap kekuatan lengan tersebut kini hanya sekitar 50 persen.
Antuña menjelaskan kondisi itu merupakan dampak dari berbagai cedera dan operasi yang dijalani Marc. Kecelakaan di MotoGP Indonesia tahun lalu menjadi titik balik karena kembali memperburuk kondisi lengan kanannya.
""Sebelum kecelakaan di Indonesia, dia baik-baik saja. Dia bisa balapan, tidak merasakan sakit dan tidak mengeluhkan apa pun. Kecelakaan itu mengubah semuanya,"" kata Antuna kepada El Periodico yang dilansir Motosan.
Masalah Marc kemudian semakin rumit karena saraf radial di lengannya sempat tertekan serpihan tulang. Kondisi itu membuatnya kehilangan kendali atas lengan saat berada dalam posisi tertentu di atas motor dan berkontribusi terhadap sejumlah kecelakaan.
Setelah menjalani operasi untuk mengatasi masalah tersebut, kondisinya membaik. Namun, kekuatan lengan kanannya tetap jauh di bawah lengan kiri.
""Dia memiliki latissimus dorsi yang kuat, tetapi secara mekanis terganggu. Hal yang sama berlaku pada teres major. Namun, masalah utamanya adalah dia kehilangan kekuatan pada bisep,"" ujar Antuna.
""Lengan itu sangat terbatas dalam hal kekuatan, terutama pada bisep. Saya memperkirakan kekuatannya sekitar 50 persen dari kapasitasnya,"" lanjutnya.
Antuna menegaskan Marc tidak kehilangan otot. Namun, sejumlah otot seperti trisep, latissimus dorsi, teres major, dan pektoralis mayor terdampak berbagai operasi sehingga mengalami perubahan dan sedikit atrofi.
Kondisi tersebut membuat lengan kanan Marc tidak memiliki kekuatan yang sama dengan lengan kirinya. Meski begitu, pebalap Ducati itu mampu beradaptasi dengan keterbatasan fisiknya dan tetap kompetitif di MotoGP.",64,1798
https://sport.detik.com/f1/d-8651642/mamma-mia-antonelli,sport,"Mamma Mia, Antonelli","Senin, 07 Sep 2026 10:05 WIB","Pebalap Mercedes GP Kimi Antonelli tampil luar biasa untuk memenangi F1 GP Italia 2026. Tak cuma comeback, Antonelli bikin rekor baru.
Pada balapan di Sirkuit Monza, Minggu (6/92/206) malam WIB, Antonelli mendapat penalti sehingga harus start dari grid alias posisi ke-19.
Tapi, Antonelli cuma butuh dua lap untuk bisa mendekati posisi 10 besar dan kemudian mengambil alih balapan saat memasuki lap ke-18. Posisi itu dipertahankan Antonelli sampai akhir.
Kemenangan yang bikin Antonelli kukuh di puncak klasemen pebalap F1 dengan 267 poin, unggul 56 angka dari rekan setim George Russell di posisi kedua dan 76 angka dari Hamilton di posisi ketiga.
Ini merupakan kemenangan ketujuh Antonelli musim ini, paling banyak sepanjang sejarah keikutsertaan pebalap Italia di F1.
Hebatnya Antonelli juga menyudahi puasa panjang pebalap Italia di Monza, setelah terakhir Ludovico Scarfiotti bersama Ferrari tahun 1966.
Antonelli juga jadi pebalap termuda yang menang di Monza dalam usia 20 tahun 12 hari, sekaligus orang Italia pertama yang naik podium di balapan itu sejak 2005.
""Luar biasa! Saya senang sekali. Saya tidak pernah membayangkan bisa ada di sini hari ini, tapi kami mewujudkannya. Bak mimpi jadi nyata. Hari luar biasa. Saya tidak bisa melakukan ini tanpa bantuan tim, keluarga, dan semua yang mendukung saya,"" ujar Antonelli seperti dilansir Reuters.
""Masih ada beberapa balapan lagi, kami tidak boleh jemawa. Namun, kami akan menikmati dulu kemenangan hari ini,"" sambungnya.
(mrp/nds)",20,1491
https://sport.detik.com/raket/d-8651603/mens-world-tennis-championship-karan-singh-juara-seri-iv,sport,Men's World Tennis Championship: Karan Singh Juara Seri IV,"Senin, 07 Sep 2026 09:05 WIB","Selesai sudah Seri IV M-15 Men's World Tennis Championship 2026. Petenis India Karan Singh berjaya di nomor tunggal putra.
Pada pertandingan final di Lapangan A, Bali Beach Country, Nusa Dua, Minggu (6/9/2026), Karan menghadapi perlawanan Isaac Becroft yang merupakan juara seri kedua Agustus lalu.
Menyajikan dua karakter permainan yang berbeda, pertarungan keduanya seru dan menarik. Karan dengan gayanya yang tenang melawan kelincahan Isaac asal Selandia Baru. Karan akhirnya bisa menang 7-5 di set pertama.
Memasuki set kedua, intensitas pertandingan tetap berlangsung dengan tempo tinggi karena Isaac berupaya membalas kekalahan di set pertama. Karan merespons dengan baik dan terjadi susul-menyusul angka sampai laga harus dituntaskan dengan babak tiebreak karena sama kuat 6-6
Dengan kesabaran serta kelincahan dalam menutup area lapangan dari serangan lawan, Karan memenangi babak ini dengan skor 7-6 tiebreak 3.
Karan senang bukan main bisa meraih gelar Seri IV. Apalagi gelar itu didapat setelah melewati duel 2 jam 5 menit kontra Isaac yang dinilai sebagai lawan yang tangguh.
""Merupakan sebuah kebanggaan dapat menjadi yang terbaik di ajang M-15 Bali. Apalagi lawan (Isaac Becroft) juga bermain sangat luar biasa. Gelar ini semakin menambah motivasi tampil di seri kelima,"" ujar Karan dalam rilis kepada detikSport.
Karan berhak atas hadiah uang USD 2.160 serta tambahan 15 poin ATP, sementara Isaac mendapat USD 1.272 serta trofi. Penyerahan hadiah dilakukan Heru Gunawan selaku Area Business Team Leader BNI Kanwil Denpasar, yang didampingi Ketua Pelti periode 2018-2022 Rildo Ananda Anwar.
TITF World Tennis Tour M-15 Amman Mineral Men's World Tennis Championship 2026 langsung lanjut ke Seri V, Senin (7/9). Ada 32 petenis di babak kualifikasi yang memperebutkan delapan slot ke babak utama.
(mrp/nds)",58,1817
https://sport.detik.com/sportstyle/d-8651462/jete-run-festival-2026-selesai-masuk-rekor-muri,sport,"Jete Run Festival 2026 Selesai, Masuk Rekor MURI","Senin, 07 Sep 2026 00:35 WIB","Jete Run Festival 2026 baru saja selesai digelar akhir pekan ini. Event lari itu juga masuk buku rekor MURI.
Ajang lari itu digelar di kawasan Balai Kota Surabaya, Minggu, (6/9/2026). Sekitar 6.000 pelari ambil bagian dalam dua kategori, yakni 5K dan 10K. Start dibuka langsung oleh Wali Kota Surabaya Eri Cahyadi.
Jete Run tahun ini juga tampil dengan format yang lebih luas dan berbeda dari sebelumnya. Bukan hanya mengajak masyarakat berlari, penyelenggara mengemasnya menjadi festival olahraga dan gaya hidup dengan berbagai aktivitas pendukung.
Pemilihan Balai Kota Surabaya sebagai pusat Jete Run 2026 memberikan pengalaman berbeda bagi para peserta. Start dan finis berada di jantung kota, sementara rutenya membawa pelari melintasi sejumlah ruas jalan utama Surabaya yang penuh dengan lanskap ikonik Kota Pahlawan.
Untuk kategori 5K, peserta memulai perjalanan dari Balai Kota Surabaya sebelum menuju Jalan Pemuda. Rute kemudian berlanjut melewati Jalan Panglima Sudirman, Jalan Basuki Rahmat, Jalan Gubernur Suryo, hingga Jalan Wuni sebelum kembali menuju garis finis di Balai Kota.
Sedangkan untuk kategori 10K membawa pelari menjelajah area pusat kota dengan cakupan lebih luas. Selepas start dari Balai Kota, peserta bergerak menuju Jalan Pemuda, Jalan Panglima Sudirman, dan Jalan Basuki Rahmat.
Para pelari kemudian diajak menikmati lanskap lainnya melalui Jalan Embong Malang, kawasan Blauran, Jalan Bubutan, Jalan Pahlawan, hingga Jalan Yos Sudarso sebelum kembali menyelesaikan lomba di kawasan Balai Kota Surabaya.
Rute tersebut membuat peserta tidak sekadar menyelesaikan jarak. Mereka sekaligus melintasi sejumlah koridor pusat kota yang menjadi bagian dari wajah Surabaya. Di sepanjang jalur, penyelenggara turut menyediakan titik water station dan layanan medis untuk mendukung kebutuhan peserta selama kegiatan berlangsung.
""Jete Run tahun ini kita mengambil venue yang berbeda dari sebelum-sebelumnya di Citraland. Balai Kota jadi pilihan karena kita ingin menghadirkan nuansa lari dengan konsep lanskap kota modern khas Surabaya yang penuh nilai sejarah. Jadi, sepanjang rute, pelari akan melintasi jalanan dan tempat bersejarah di kota ini,"" ungkap Jhonny Thio Doran selaku CEO dan Founder Jete dalam rilis kepada detikSport.
Banyaknya kegiatan yang menyertai penyelenggaraan Jete Run Festival 2026 kemudian menghasilkan catatan tersendiri. MURI memberikan penghargaan kepada Jete untuk kategori ajang lari dengan ragam kegiatan pendukung terbanyak.
Jete Run Festival 2026 menghadirkan 21 kegiatan pendukung dalam berbagai kategori, mulai dari olahraga, wellness, kreativitas, hingga kegiatan yang mempertemukan berbagai komunitas. Rekor tersebut menjadi salah satu penanda perkembangan Jete Run dari sebuah kegiatan olahraga menuju festival dengan cakupan yang lebih luas.
""Terima kasih kepada seluruh masyarakat di Indonesia yang telah mendukung dan mempercayakan JETE sebagai pilihan Anda dalam beraktivitas sehari-hari. Mulai dari bekerja, berolahraga, dan menikmati hiburan di era digital. Pencapaian luar biasa ini mustahil tercapai tanpa adanya dukungan dari keluarga, tim, konsumen setia JETE dan masyarakat. Sekali lagi, terima kasih untuk semuanya,"" papar Jhonny.
""Piagam MURI yang didapat memang menjadi pencapaian terbaik di tahun ini. Namun, kita janganlah berada di atas angin dan melupakan kualitas. Ini adalah sebagai pengingat bagi brand untuk terus berinovasi di tengah teknologi yang terus berkembang dan memberikan yang terbaik. Terutama menjadikan Jete sebagai solusi kebutuhan produk aksesoris gadget, smarthome, dan wearable. Begitu juga dengan event olahraga dalam mendukung gaya hidup sehat,"" tutupnya.
(mrp/bay)",48,3663
https://sport.detik.com/advertorial-news-block/d-8651455/menkomdigi-imbau-warga-waspadai-dampak-erupsi-anak-krakatau,sport,Menkomdigi Imbau Warga Waspadai Dampak Erupsi Anak Krakatau,"Minggu, 06 Sep 2026 23:48 WIB","Menteri Komunikasi dan Digital (Menkomdigi) Meutya Hafid mengimbau masyarakat untuk tetap tenang dan meningkatkan kewaspadaan menyusul aktivitas erupsi Gunung Anak Krakatau di Selat Sunda. Ia juga meminta masyarakat memantau informasi dari sumber terpercaya.
""Yang paling penting adalah tetap tenang, tetapi jangan mengurangi kewaspadaan. Masyarakat perlu mengikuti arahan dari otoritas terkait dan memastikan informasi yang diterima berasal dari sumber yang dapat dipercaya,"" kata Meutya dalam keterangan tertulis, Minggu (6/9/2026).
Seperti diketahui, Gunung Anak Krakatau (GAK) menunjukkan aktivitas vulkanik yang sangat signifikan sejak Jumat (4/9) malam dan kini statusnya berada pada Level III atau Siaga. Abu vulkanik juga telah terdeteksi menyebar ke sejumlah wilayah, termasuk Banten, DKI Jakarta, dan Jawa Barat.
Erupsi GAK pun menyebabkan sejumlah penerbangan dibatalkan dan menimbulkan kekhawatiran masyarakat akibat isu potensi tsunami yang akan ditimbulkan. Dentuman dan getaran yang sempat terjadi di sebagian wilayah Jawa Barat akibat aktivitas GAK juga cukup membuat masyarakat khawatir.
Terkait hal ini, Meutya meminta masyarakat mengikuti perkembangan aktivitas Gunung Anak Krakatau dan kondisi sebaran abu vulkanik dari sumber-sumber resmi dan terpercaya, terutama melalui kanal resmi pemerintah, antara lain PVMBG, BMKG, BNPB, pemerintah daerah, serta instansi terkait lainnya.
""Pastikan keakuratan informasi dari pihak-pihak yang memiliki kewenangan terkait kebencanaan gunung berapi demi menghindari misinformasi atau informasi menyesatkan yang dapat menyebabkan keresahan,"" ungkapnya.
Lebih lanjut, Meutya mengingatkan masyarakat untuk tidak menyebarkan informasi yang belum terverifikasi kebenarannya terkait kondisi Gunung Anak Krakatau.
""Dalam situasi seperti ini, informasi yang tidak benar dapat menimbulkan kepanikan. Karena itu, saring sebelum sharing. Pastikan informasi yang kita terima berasal dari sumber resmi dan dapat dipertanggungjawabkan,"" tegas Meutya.
Meutya pun mendorong masyarakat agar tetap tenang, namun juga meningkatkan kewaspadaan, khususnya bagi warga yang tinggal di dekat GAK dan yang wilayahnya turut terdampak abu vulkanik.
""Tetap waspada, tetap tenang, dan jangan mudah percaya pada informasi yang belum jelas sumbernya dari mana,"" jelasnya.
Sementara bagi masyarakat yang berada di wilayah terdampak abu vulkanik, Meutya mengimbau untuk melakukan sejumlah langkah demi menjaga keselamatan dan kesehatan.
Pertama, gunakan masker yang tepat apabila harus beraktivitas di luar rumah, seperti masker N95 atau KN95, untuk membantu menyaring partikel abu vulkanik.
Kedua, gunakan kacamata pelindung dan hindari penggunaan lensa kontak atau softlens selama kondisi udara masih dipengaruhi abu vulkanik.
Ketiga, kurangi aktivitas di ruang terbuka. Apabila tidak ada keperluan mendesak, masyarakat disarankan untuk tetap berada di dalam ruangan dan membatasi paparan abu vulkanik.
Keempat, bagi masyarakat yang harus berkendara, kurangi kecepatan dan tingkatkan kewaspadaan. Abu vulkanik dapat mengurangi jarak pandang dan membuat permukaan jalan menjadi licin.
Kelima, cuci tangan dan wajah setelah beraktivitas di luar ruangan serta pastikan sumber air bersih terlindungi dari paparan abu.
Selain itu, Meutya mengimbau masyarakat, wisatawan, dan nelayan untuk tidak mendekati kawasan Gunung Anak Krakatau atau melakukan aktivitas dalam radius 3 kilometer dari kawah aktif, sesuai rekomendasi PVMBG.
""Keselamatan adalah yang utama. Tidak perlu panik, namun tetap selalu waspada dan menjaga keselamatan serta kesehatan,"" pungka Meutya.
(komdigi/sls)",59,3597
https://sport.detik.com/f1/d-8651436/hasil-f1-gp-italia-2026-kimi-antonelli-menang-mercedes-1-2,sport,"Hasil F1 GP Italia 2026: Kimi Antonelli Menang, Mercedes 1-2","Minggu, 06 Sep 2026 22:55 WIB","Pebalap Mercedes GP Kimi Antonelli berhasil merebut kemenangan di F1 GP Italia 2026. Semakin lengkap karena rekan setimnya George Russell finis kedua.
Pada balapan yang dihelat di Sirkuit Monza, Minggu (6/9/2026) malam WIB, Antonelli sejatinya tidak punya posisi start yang bagus, yakni dari urutan ketujuh.
Apalagi dia mendapat penalti sehingga harus turun jauh ke urutan ke-19 alias start dari grid.
Pierre Gasly secara mengejutkan melajukan Alpine miliknya ke posisi pole, disusul Russell di posisi kedua, dan driver McLaren Oscar Piastri di posisi ketiga.
Duo pebalap tuan rumah, Charles Leclerc dan Lewis Hamilton, di posisi keempat serta kelima. Bendera merah sudah muncul di lap kedua saat Leclerc harus out dari balapan karena menabrak dinding.
Leclerc kehilangan kendali mobilnya tak lama setelah menyalip Piastri untuk naik ke posisi keempat. Russell saat itu masih memimpin balapan disusul Gasly dan Max Verstappen.
Antonelli sudah naik tujuh strip ke urutan ke-12 saat insiden terjadi. Setelah itu Antonelli pelan tapi pasti mampu memperbaiki posisinya.
Masuknya virtual safety car membuat Antonelli bisa mendekati Russell di sepertiga balapan. Salip-menyalip terjadi antara keduanya di lap ke-22, sebelum Antonelli mengunci posisi terdepan.
Russell tidak mampu mengejar Antonelli sampai 53 lap berlalu, sehingga rekan setimnya itu muncul sebagai pemenang. Russell harus puas di posisi kedua disusul Verstappen.
McLaren menempatkan dua pebalapnya di lima besar, Lando Norris di urutan keempat dan Piastri di urutan kelima. Hamilton menjaga nama baik Ferrari dengan finis keenam.
Melengkapi 10 besar adalah Gasly, Arvid Lindblad, Franco Colapinto, dan Yuki Tsunoda. Antonelli makin kukuh di puncak klasemen F1 dengan 267 poin, unggul 56 angka dari Russell di posisi kedua dan 76 angka dari Hamilton di posisi ketiga.
(mrp/bay)",60,1837
https://sport.detik.com/sport-lain/d-8651374/wec-2026-sean-gelael-balapan-di-austin-dini-hari-start-p7,sport,"WEC 2026: Sean Gelael Balapan di Austin Dini Hari, Start P7","Minggu, 06 Sep 2026 21:40 WIB","Sean Gelael dan Team WRT 32 akan coba meraih podium di Lone Star Le Mans dini hari nanti. Mereka start ketujuh.
Keras keras mencapai posisi start itu didapat dari kualifikasi kelas LMGT3 di COTA, Minggu (6/9) dini hari WIB kemarin. Darren Leung sebagai pebalap bronze memulai di qualifying dengan baik untuk menuntaskan di posisi ke-8.
Alhasil, Sean sebagai pebalap silver berhak tampil di Hyperpole. Dia tancap gas untuk membukukan waktu 2 menit 05,0888 detik untuk mencapai posisi ketujuh.
Ini merupakan pencapaian terbaik dari mobil BMW di seluruh kelas. Menurunkan empat mobil, masing-masing dua di Hypercar dan LMGT3, cuma bisa start di luar 10 besar.
Sama halnya dengan mobil 69 di kelas LMGT3 yang start dari posisi ke-16.
""Hasil yang bagus, Darren dan Sean bekerja sangat baik. Kami siap untuk lomba besok,"" ujar Augusto Farfus dalam rilis kepada detikSport.
""Austin selalu jadi tempat yang baik bagi saya, semoga besok juga begitu. Bismillah,"" timpal Sean.
Race 6 Hours of COTA atau kini disebut Lone Star Le Mans itu disiarkan langsung di kanal youtube KUY Entertainment, Senin (7/9) mulai pukul 01.00 dini hari WIB.
(mrp/bay)",59,1136
https://sport.detik.com/moto-gp/d-8651046/ktm-suka-antusiasme-luca-marini,sport,KTM Suka Antusiasme Luca Marini,"Minggu, 06 Sep 2026 18:45 WIB","KTM punya sejumlah alasan merekrut Luca Marini ke Tech3 untuk MotoGP 2027. Pebalap Italia itu dinilai bukan cuma membawa pengalaman, tetapi juga bisa membantu KTM mengembangkan motor di era baru.
Marini akan meninggalkan Honda HRC setelah tiga musim dan bergabung dengan Tech3 mulai 2027. Kepindahan tersebut sudah resmi diumumkan pada Agustus lalu. Ia akan menjadi salah satu bagian dari proyek baru Tech3 bersama KTM.
Direktur motorsport KTM, Pit Beirer, mengungkapkan bahwa ketertarikan Marini terhadap proyek KTM menjadi salah satu faktor penting dalam keputusan tersebut.
""Kami sangat senang dia bergabung dengan kami. Luca menunjukkan ketertarikannya sejak awal, dan menurut saya penting memiliki seseorang yang benar-benar ingin datang ke sini,"" kata Beirer seperti dilansir Crash.net.
Bagi KTM, antusiasme itu bukan satu-satunya pertimbangan. Marini juga dianggap punya kemampuan yang dibutuhkan untuk membantu pengembangan motor.
""Ketika berbicara dengan orang-orang di sekitarnya, jelas bahwa dia juga merupakan sosok yang hebat untuk membantu membuat motor menjadi lebih baik,"" ujar Beirer.
KTM Ingin Marini Bantu Kembangkan Motor
MotoGP akan memasuki era baru pada 2027. Kapasitas mesin akan turun dari 1.000 cc menjadi 850 cc, disertai perubahan besar pada regulasi teknis dan penggunaan ban Pirelli.
KTM sendiri sudah mempersiapkan proyek tersebut. Mereka telah menguji mesin yang dirancang untuk era regulasi baru dan memastikan Tech3 tetap menjadi bagian dari proyek KTM mulai 2027.
Dalam situasi seperti itu, pengalaman pebalap menjadi sangat penting. Beirer mengatakan KTM memang sengaja mencari kombinasi pebalap berpengalaman dan pebalap muda untuk Tech3.
""Kami berkomitmen sejak awal: kami ingin pebalap muda dan kami ingin pebalap berpengalaman. Kami tidak ingin memiliki dua pebalap muda karena ini bukan tim rookie. Ini adalah tim MotoGP yang kuat dan sekelas tim utama.""
Karena itu, KTM menilai kombinasi Marini dengan pebalap muda nantinya bisa menjadi formula yang ideal.
Keputusan merekrut Marini juga mendapat respons positif dari para pebalap yang akan memperkuat KTM pada 2027. Beirer menyebut para pebalap baru KTM mengetahui kemampuan Marini dalam membantu pengembangan motor.
""Mereka sangat senang karena tahu apa yang bisa dilakukan Luca dan bagaimana dia bisa membantu mengembangkan motor,"" ujarnya.
(krs/yna)",31,2345
https://sport.detik.com/moto-gp/d-8650852/jadwal-motogp-san-marino-2026-misi-marc-marquez-kejar-jorge-martin,sport,Jadwal MotoGP San Marino 2026: Misi Marc Marquez Kejar Jorge Martin,"Minggu, 06 Sep 2026 16:45 WIB","MotoGP 2026 akan berlanjut ke San Marino. Seri ke-14 musim ini akan digelar di Misano World Circuit Marco Simoncelli pada 11-13 September 2026.
Jorge Martin untuk sementara masih memimpin klasemen MotoGP 2026. Tapi keunggulannya mulai tergerus setelah Marc Marquez tampil sempurna di Aragon.
Marc berhasil memenangi Sprint dan balapan utama di Aragon. Sementara Martin hanya finis kelima di kedua sesi tersebut.
Hasil itu membuat Marc memangkas jarak dengan Martin menjadi 19 poin. Martin kini mengoleksi 256 poin, sedangkan Marc mengumpulkan 237 poin. Marco Bezzecchi berada di posisi ketiga dengan 232 poin.
Balapan Aragon sendiri dimenangi Marc setelah tampil dominan. Ia meraih 25 poin dari balapan utama, sementara Martin hanya mendapat 11 poin. Data resmi MotoGP mencatat Marc finis pertama, Pedro Acosta kedua, Bezzecchi ketiga, dan Martin kelima.
Dengan sembilan seri tersisa, persaingan perebutan gelar pun semakin terbuka. Marc Marquez kini hanya berjarak kurang dari satu kemenangan penuh dari Jorge Martin. Kini selisih keduanya hanya 19 poin.
Bezzecchi juga belum bisa dicoret. Pebalap Aprilia itu hanya terpaut lima poin dari Marc dan 24 poin dari Martin. Artinya, tiga pebalap teratas masih berada dalam persaingan yang sangat ketat menuju paruh akhir musim.
Klasemen MotoGP 2026
Berikut klasemen sementara MotoGP 2026 setelah seri Aragon:
MotoGP San Marino Digelar di Misano
Seri San Marino berlangsung di Misano World Circuit Marco Simoncelli. Sirkuit tersebut memiliki panjang 4,23 kilometer, dengan 16 tikungan yang terdiri dari 10 tikungan kanan dan enam tikungan kiri. Balapan MotoGP dijadwalkan berlangsung selama 27 lap dengan total jarak 114,1 kilometer.
Rangkaian akhir pekan dimulai pada Jumat (11/9), dilanjutkan kualifikasi dan Sprint pada Sabtu (12/9), kemudian balapan utama pada Minggu (13/9). Nah, berikut jadwal lengkapnya dalam Waktu Indonesia Barat (WIB) berdasarkan jadwal resmi MotoGP.
MotoGP San Marino merupakan seri ke-14 dari kalender 2026 dan akan berlangsung di Misano pada 11-13 September.",67,2033
https://sport.detik.com/moto-gp/d-8650870/crutchlow-pilih-ai-ogura-jadi-favorit-setelah-marc-marquez-ini-alasannya,sport,"Crutchlow Pilih Ai Ogura Jadi Favorit Setelah Marc Marquez, Ini Alasannya","Minggu, 06 Sep 2026 15:15 WIB","Cal Crutchlow membuat prediksi menarik soal kandidat juara MotoGP 2026. Setelah Marc Marquez, ia menyebut nama Ai Ogura.
Crutchlow masih menilai Marc sebagai pebalap terbaik di grid saat ini. Tapi ketika diminta memilih favorit berikutnya, Ogura menjadi pilihannya.
""Kalau Anda bertanya kepada saya siapa pun selain Marc, saya akan memilih Ai Ogura,"" kata Crutchlow seperti dilansir Motosan.
Ogura memang sempat tampil luar biasa sebelum mengalami cedera. Pebalap Trackhouse Aprilia itu meraih lima podium dalam enam seri, termasuk kemenangan di MotoGP Belanda.
Namun, Ogura kemudian mengalami cedera tangan saat latihan di Jepang sehingga harus absen di Aragon. Dampaknya cukup besar terhadap klasemen. Setelah seri Aragon, dia turun ke posisi kelima dengan 203 poin.
Crutchlow Suka Cara Ogura Balapan
Crutchlow punya alasan teknis di balik pilihannya. Dia melihat karakter Ogura mirip dengan Dani Pedrosa, terutama dari aspek bobot tubuh. Ogura dengan berat sekitar 60 kg merupakan salah satu pebalap paling ringan di grid MotoGP. Menurut Crutchlow, kondisi tersebut membuat Ogura memiliki keunggulan dalam pengelolaan ban.
""Saya menyukainya, cara dia mengendarai motor. Satu-satunya kekurangannya adalah dia membutuhkan waktu lebih lama untuk mulai cepat dalam balapan,"" ujar Crutchlow.
""Dan saya tahu kenapa. Ini sangat mirip dengan Dani Pedrosa, yaitu soal bobot tubuhnya.""
Ogura memang cenderung tidak langsung memaksimalkan ban pada awal balapan. Konsekuensinya, dia membutuhkan waktu untuk mendapatkan kecepatan terbaik. Tapi kondisi tersebut justru bisa menjadi keuntungan menjelang akhir balapan.
""[Ai] tidak mengaktifkan ban seperti pebalap lain pada tahap awal. Kemudian di akhir balapan, dia sangat menghemat ban sehingga masih punya banyak cadangan dibandingkan yang lain. Pada balapan yang lebih panas, dia jauh lebih baik karena bisa langsung memacu,"" kata Crutchlow.
Selain itu Crutchlow juga memuji Jorge Martin, yang memuncaki klasemen MotoGP 2026 untuk sementara. Crutchlow melihat konsistensi sebagai faktor penting dalam perebutan gelar musim ini dan belakangan ini Martin disebutnya sebagai rider yang relatif konsisten.
""Jorge Martin sepertinya menjadi satu-satunya pebalap yang cukup konsisten saat ini. Dia tidak selalu menang, tetapi dia selalu ada ketika dibutuhkan,"" kata Crutchlow.",73,2311
https://sport.detik.com/sport-lain/d-8650342/wec-2026-wrt-32-meraba-cota-dari-hasil-free-practice,sport,WEC 2026: WRT 32 Meraba COTA dari Hasil Free Practice,"Minggu, 06 Sep 2026 02:25 WIB","Team WRT 32 sudah menuntaskan sesi latihan bebas jelang balapan 6 Hours of COTA. Mereka menggunakan itu untuk meraba persaingan di atas lintasan.
Circuit of The Americas (COTA) di Austin, AS, bakal menyajikan balapan sengit untuk dua kelas FIA World Endurance Championship (WEC) 2026, Hypercar dan LMGT3. Hal itu terbaca dari dua sesi latihan sepanjang Jumat (4/9).
Pada FP1, Ferrari dominan di kelas Hypercar dengan menyelesaikan sesi di P1 dan P2. Namun Aston Martin gantian menjadi yang tercepat pada FP2.
i kelas LMGT3, McLaren finis P1 dan P3 pada sesi awal dengan Mercedes ada di antara keduanya.
Aston Martin melengkapi keperkasaan di FP2, karena bukan hanya di kelas Hypercar mereka jadi yang tercepat namun juga di kelas LMGT3. Heart of Racing Team #27 terpatri di P1, diikuti dua mobil Mercedes dan dua mobil McLaren.
Dari hasil tersebut, tim pengguna Aston Martin, McLaren, dan Mercedes tampak siap untuk bersaing menjadi pemenang di Lone Star Le Mans atau 6 Hours of COTA.
Mobil-mobil Amerika sendiri tampak belum memperlihatkan taji, ketika Corvette dan Ford belum berhasil menembus lima besar. Mengingt Corvette memimpin klasemen LMGT3, maka hasil di COTA bisa membuat perburuan gelar juara semakin sengit hingga akhir musim.
Team WRT sendiri memilih jalur berbeda dalam menatap lomba. WRT 32 bersama Sean, Darren, dan Augusto Farfus berada di P17 dan P16 pada FP1 dan FP2. Hal serupa juga terjadi untuk mobil WRT 69 yang finis di posisi kembar, P15, untuk dua FP.
Walau tak terlalu signifikan, top speed juga bisa membantu mengingat COTA punya dua tempat ideal untuk menyusul, Tikungan 1 dan 12. Bila top speed bagus dan kesempatan terbuka, menyusul di dua tempat itu bisa menaikkan moral.
Saat FP2, top speed BMW mampu bersaing dengan Aston Martin sebagai pemilik kecepatan maksimal sepanjang Jumat. Aston Martin menyentuh 256,5 km/jam, sementara BMW 255,3 km/jam.
Hari Sabtu tergolong pendek untuk latihan, karena berdurasi satu jam. WRT 32 bersama Sean akan mencoba bersaing di Top 10 Qualifying sehingga lolos ke Hyperpole.
Race 6 Hours of COTA disiarkan langsung di kanal youtube KUY Entertainment, Senin (7/9) mulai pukul 01.00 WIB.
(mrp/bay)",53,2163
https://sport.detik.com/raket/d-8650339/mens-world-tennis-championship-rafalentino-ethan-gagal-juara,sport,Men's World Tennis Championship: Rafalentino/Ethan Gagal Juara,"Minggu, 06 Sep 2026 01:25 WIB","Pupus sudah harapan Indonesia berjaya di Men's World Tennis Championship 2026. Ini setelah Rafalentino Ali Da Costa/Ethan David Zapp kalah di final.
Pada pertandingan puncak ganda putra Seri IV ITF World Tennis Tour M-1 di Lapangan A, Bali Beach Country, Nusa Dua, Sabtu (5/9/2026), Rafalentino/Ethan harus mengakui ketangguhan Alexander Chang/Pablo Perez Ramos.
Di set pertama, Rafalentino/Ethan mengalami kesulitan mengimbangi permainan Alexander/Pablo. Petenis Amerika Serikat/Spanyol itu langsung menyerang lewat servis voli sebelum menang 6-3.
Memasuki set kedua, ganda tuan rumah yang sempat menyingkirkan unggulan pertma Isaac Becroft/Reece Falck bisa bangkit untu memberikan perlawanan hingga game ke-10 untuk membuat skor sama kuat 5-5.
Namun, keunggulan pengalaman dari Alexander/Pablo dalam hal mematahkan servis lawan membuat mereka menang 7-5 dalam tempo 1 jam 11 menit untuk keluar sebagai juara.
Meski menang, Pablo memuji permainan dari Rafalentino dan Ethan yang nyaris membuatnya kesulitan diset kedua.
""Kami bersyukur bisa menang karena lawan (Rafalentino dan Ethan) tampil luar biasa sehingga menyulitkan kami,"" ujar Pablo dalam rilis kepada detikSport.
Sementara Alexander Kekompakkan dan komunikasi yang baik dengan partnernya membuahkan hasil gelar juara untuk yang kedua kali pada ajang M-15. Pada seri pertama, dia bersama Tanapat Nirundorn jadi juara di sektor yang sama.
Rafalentino/Ethan memang gagal juara, tapi pencapaian mereka diapresiasi Ketua Umum PP. Pelti periode 2018-2022 Rildo Ananda Anwar.
""Hadirnya talenta-talenta petenis muda merah putih seperti Rafalentino Ali Da Costa dan Ethan David Zapp di sektor putra serta Janice Tjen merupakan sebuah karunia sekaligus tantangan tersendiri dalam pembinaan tenis di Indonesia, agar prestasi mereka terus meningkat lewat jalur kompetisi, serta berjalannya proses regenerasi dengan baik,"" ujar Rildo.
Sebagai runner-up, Rafalentino/Ethan mendapat hadiah 540 dolar AS serta trofi. Sedangkan Alexander/Pablo sebagai juara berhak atas 930 dolar AS serta tambahan 15 poin ATP.
Sementara itu pada sektor tunggal putra yang hari ini mempertandingkan babak semifinal, petenis asal India Karan Singh berhasil mempertahankan performa impresifnya dengan memastikan diri melangkah ke partai puncak.
Singh mengalahkan wakil Jepang Ryotaro Taguchi dua set langsung 6-3 dan 6-3. Karang akan bertemu Isaac Becroft dari Australia yang mengalahkan Leo Borg dalam waktu 1 jam 59 menit dengan skor 2-6, 6-4 dan 6-2.
(mrp/bay)",62,2488
https://sport.detik.com/sportstyle/d-8650215/minala-cup-padel-diikuti-lebih-dari-300-peserta,sport,Minala Cup Padel Diikuti Lebih dari 300 Peserta,"Sabtu, 05 Sep 2026 23:15 WIB","Padel semakin semarak dengan hadirnya beragam turnamen. Ada Minala Cup Padel Tournament yang menyuguhkan hal menarik.
Ajang ini digelar di PIPC Arteri, Kebayoran Lama, Jakarta Selatan, pada tanggal 5 dan 6 September 2026. Minala Cup Padel Tournament diikuti lebih dari 300 peserta.
Tak sekadar menghadirkan persaingan di lapangan, turnamen tersebut juga menawarkan hadiah menarik dengan total uang tunai mencapai Rp 103,5 juta. Selain itu, panitia menyiapkan 400 koper serta doorprize berupa kesempatan menjalankan ibadah umrah ke Arab Saudi.
CEO Minala Tour & Travel, Muhammad Castallani, mengatakan pihaknya ingin memadukan olahraga, gaya hidup sehat, serta perjalanan spiritual. Minala Tour and Travel adalah perusahaan yang bergerak di layanan Umrah dan Haji.
""Kami berusaha ikut mendorong perkembangan olahraga padel di Indonesia yang saat ini sedang hype. Kami juga ingin menciptakan gaya hidup sehat di kalangan masyarakat luas, masyarakat Muslim juga tentunya,"" ujar Muhammad Castallani dalam konferensi pers di PIPC Arteri, Sabtu (5/9/2026).
""Melalui turnamen ini, kami ingin menghadirkan kompetisi yang kompetitif dan menghibur, sehingga para pemain bisa mendapatkan pengalaman bertanding yang seru, sementara penonton juga bisa menikmati atmosfer pertandingan yang positif,"" sambungnya.
Ada lima kategori dalam Minala Cup Padel Tournament, yakni Women Lower Bronze, Mixed Lower Bronze, Mixed Bronze, Mens Lower Bronze dan Mens Bronze. Proses kurasi peserta dilakukan sesuai dengan prosedur kompetisi, dengan skema kerja sama dengan Gen 2 Padel, salah satu komunitas padel yang sudah berdiri beberapa tahun.
""Kami akan memberikan total hadiah cash Rp103,5 juta. Kemudian ada hadiah 400 koper. Ini juga menarik karena kami menjadi turnamen padel pertama di Indonesia yang memberikan hadiah 400 koper,"" kata Muhammad Castallani.
CEO Shiratha, Aan Yugiastomo, selaku sponsor utama Minala Cup, berharap kolaborasi ini bisa memberikan hal baik untuk masyarakat. Adapun keinginan berkontribusi memajukan padel di Indonesia.
""Saya sangat yakin kolaborasi ini bisa membawa dampak positif untuk kami, para peserta, dan masyarakat luas. Saya berharap turnamen ini berlangsung lancar untuk 2 hari ini. Peserta happy semua, panitia dan rekan-rekan media juga senang dengan jalannya event ini. Dan tentunya semoga bisa membawa dampak besar bagi dunia olahraga padel yang sedang hype di Indonesia,""
(ran/bay)",47,2404
https://sport.detik.com/sport-lain/d-8650061/lewat-buku-eks-judoka-tuang-buah-pikiran-untuk-kemajuan-olahraga-nasional,sport,"Lewat Buku, Eks Judoka Tuang Buah Pikiran untuk Kemajuan Olahraga Nasional","Sabtu, 05 Sep 2026 22:45 WIB","Eks judoka nasional, Sadik Algadri, merilis buku soal buah pikiran untuk kemajuan olahraga di Indonesia. Sampai saat ini, olahraga di tanah air masih terkendala masalah yang selalu sama.
Sebuah buku berjudul 'Membangun Otot di Negeri Kertas' ditulis oleh Sadik. Buku itu dirilis pada Agustus 2026. Fragmentasi kebijakan publik di Indonesia, lemahnya tata kelola dan regulasi organisasi-organisasi olahraga, ilusi dalam politik anggaran serta infrastruktur kompetisi, hingga penerapan sport science dan pengembangan sumber daya manusia menjadi isinya.
Acara bedah buku itu digelar di Gedung Serbaguna, Gelora Bung Karno (GBK), Jakarta, Sabtu (5/9/2026). Hadir dalam acara itu Rocky Gerung, wartawan senior olahraga Asro Kamal Rokan, serta Guru Besar Universitas Pendidikan Indonesia (UPI) Prof. Yunyun Yudiana.
Sadik mengungkap proses penulisan buku memakan waktu lima sampai enam bulan. Peraturan yang dikeluarkan pemangku kebijakan sebelum pelantikan Presiden RI terpilih, Prabowo Subianto, pada 20 Oktober 2024 menjadi pemicunya. Meski tak menyebut secara spesifik aturannya, Sadik khawatir akan membahayakan olahraga secara keseluruhan.
""Jadi, perlu diketahui bahwa olahraga prestasi memiliki semacam garis besar atau undang-undang sendiri yang disebut Olympic Charter. Di dalamnya, secara garis besar, diatur bahwa jika pemerintah ikut campur dalam politik olahraga, apalagi sampai mengatur proses olahraga, ada konsekuensi tertentu, termasuk kemungkinan mendapatkan sanksi,"" kata Sadik dalam rilis yang diterima detikSport.
Setelah membahas dalam beberapa podcast mengenai kegelisahan soal kondisi olahraga Indonesia itu, Sadik pun menuangkannya dalam buku. Atlet judo era 1970-an hingga 1980-an itu menekankan pentingnya etika dalam olahraga.
""Ya, tentu. Kegelisahan itu pasti ada dasarnya. Kalau hanya marah-marah, tentu tidak masuk akal. Semua proses itu sudah kami lakukan. Kami memang orang-orang yang berada di organisasi olahraga dan memahami etika dalam olahraga. Etika itu sangat dihargai,"" kata Sadik.
Event besar biasanya menjadi titik balik untuk perkembangan sebuah negara. Pada 2018, Indonesia sudah sukses menyelenggarakan Asian Games. Jepang, China, dan Korea Selatan juga berubah setelah ajang besar seperti Piala Dunia atau Olimpiade.
""Kenapa saya mengatakan demikian? Jepang menyelenggarakan Olimpiade 1964 untuk menunjukkan bahwa mereka, meskipun kalah dalam perang, sudah menjadi negara yang siap dan mampu bangkit kembali,"" kata Sadik.
""Nah, kami berharap Asian Games 2018 di Indonesia juga bisa menjadi momentum seperti itu. Namun, setelah Asian Games 2018, bahkan memasuki 2027 dan seterusnya, kembali lagi persoalan anggaran seperti yang kita bicarakan tadi,"" ia menambahkan.
Sadik berharap buku 'Membangun Otot di Negeri Kertas' tidak berhenti sebagai karya yang mengkritisi persoalan olahraga. Ia ingin buku tersebut mendorong perubahan sekaligus membuka keberanian untuk mengakui berbagai persoalan yang masih terjadi.
""Ya, seperti yang saya sampaikan tadi, harapan besarnya adalah adanya perubahan. Kita harus berani menyatakan dan berani mengakui,"" kata Sadik.
""Pertama, kalau kita mau marah, kita harus mengakui terlebih dahulu bahwa ada kesalahan. Setelah mengakui, baru kita berani menyatakan, 'Ya, ini kita salah.'""
""Setelah itu, kita maju. Kita bisa berubah. That's it. Berpikirnya harus jernih, tetapi mengerjakannya belum tentu mudah,"" kata pria yang masuk dalam jajaran pengurus KONI Pusat itu.
(cas/aff)",74,3447
https://sport.detik.com/basket/d-8649812/derrick-michael-wujudkan-mimpi-masa-kecil-tampil-di-asian-games-2026,sport,Derrick Michael Wujudkan Mimpi Masa Kecil Tampil di Asian Games 2026,"Sabtu, 05 Sep 2026 16:45 WIB","Mata Derrick Michael Xzavierro berbinar saat berbicara soal Asian Games 2026. Dia akan mewujudkan mimpi masa kecilnya!
""Aku ingat terakhir kali menonton Asian Games itu saat digelar di Jakarta. Asian Games di Jakarta benar-benar seperti mimpi buat aku. Waktu itu aku masih SMA dan datang ke Gelora Bung Karno hanya untuk menonton. Suasananya benar-benar bagus, begitu juga dengan penontonnya,"" kata Derrick saat ditemui di Jakarta Selatan, Sabtu (6/9/2026).
Tak ayal, saat mimpi itu terwujud, Derrick mengaku benar-benar antusias. Apalagi klub tempat ia bernaung saat ini, Saga Ballooners, mengizinkannya memperkuat Indonesia.
""Aku antusias banget karena ini pertama kalinya aku tampil di Asian Games,"" ujarnya.
""Ini juga merupakan salah satu impianku sejak kecil untuk bisa bermain di Asian Games. Jadi, aku ingin membuat semuanya benar-benar berarti.""
Di Asian Games, Derrick dan kawan-kawan langsung menghadapi tantangan besar. Ia akan melawan tuan rumah di Aichi-Nagoya pada 10 September 2026. Alih-alih gentar, Derrick justru makin semangat.
Apalagi, Derrick sudah terbiasa dengan atmosfer basket Jepang. Kini ia akan merasakannya dengan jersey Merah Putih.
""Kami akan bermain melawan Jepang. Aku tahu arenanya akan sangat besar, salah satu arena terbesar di B.League. Jadi, aku sangat excited untuk bermain di sana,"" ujarnya.
Tak hanya itu, Derrick juga semakin bersemangat karena rekan-rekannya di Jepang juga bakal mendukungnya secara penuh saat di Asian Games nanti.
""Oh iya, semua teman-teman saya di Jepang, B.League dan tim saya, benar-benar mendukung saya. Kemarin saya juga sempat latihan sekitar sebulan di sana. Mereka bilang, 'Kami akan menonton pertandinganmu. Lakukan yang terbaik. Kami akan mendukungmu.'""
""Walaupun mereka berasal dari Jepang, mereka tetap mendukung saya sebagai salah satu pemain mereka. Jadi, saya sangat beruntung bisa berada di Saga juga. Mereka memberikan dukungan penuh kepada Indonesia,"" ujarnya.
Pebasket berusia 23 tahun ini pun membeberkan target pribadinya dalam debutnya di Asian Games 2026.
""Target pribadi pastinya menang sebanyak-banyaknya dan memberikan kontribusi sebagus-bagusnya untuk tim. Semoga kami bisa memenangkan setiap pertandingan. Setidaknya kami bisa lolos ke grup berikutnya,"" kata Derrick.
""Untuk masyarakat Indonesia, aku sangat membutuhkan dukungan, full support. Jangan setengah-setengah dalam memberikan dukungan,"" ucapnya.
(mcy/aff)",68,2405
https://sport.detik.com/basket/d-8649778/asian-games-2026-timnas-basket-masuk-grup-neraka-cdm-optimistis,sport,"Asian Games 2026: Timnas Basket Masuk Grup Neraka, CdM Optimistis","Sabtu, 05 Sep 2026 15:50 WIB","Timnas basket putra Indonesia masuk grup neraka di Asian Games 2026. CdM Todotua Pasaribu optimistis!
Timnas basket putra Indonesia melakoni persiapan akhir sebelum terbang ke Jepang mengikuti Asian Games 2026. Ketua Umum Persatuan Bola Basket Seluruh Indonesia (Perbasi) Budi Djiwandono datang langsung ke latihan untuk melepas sekaligus memberi semangat.
""Kami hadir bukan hanya untuk melihat, tetapi juga memberikan semangat,"" kata Budi bersama CdM Todotua Pasaribu di kawasan Jakarta Selatan, Sabtu (5/9/2026).
Bagaimana pun, lolosnya Indonesia ke Asian Games adalah rezeki karena ada slot yang terbuka.
""Kita ketahui bersama, tadinya timnas putra belum terkualifikasi untuk Asian Games. Namun, karena kemarin ada slot yang terbuka, akhirnya Indonesia bisa berkompetisi,"" ujarnya.
Di Asian Games Aichi-Nagoya 2026, Indonesia berada di grup neraka bersama Jepang, Korea Selatan, dan Arab Saudi. Namun, Budi meminta semangat atletnya tetap menyala.
""Kami tahu bahwa perjuangan ini tidak mudah dan tim-tim yang akan mereka hadapi adalah tim-tim hebat dari Asia. Namun, saya yakin dengan pengalaman yang ada, beberapa atlet sudah memiliki pengalaman yang cukup panjang, dan diperkuat dengan bibit-bibit muda, saya rasa ini merupakan kombinasi yang baik untuk menghadapi tim-tim tersebut,"" kata Budi.
""Kami yakin. Tadi kami juga menitipkan kepada pelatih dan para atlet untuk memberikan yang terbaik. Kami ingin mereka berkompetisi sebagus-bagusnya. Kita doakan mereka bisa memberikan hasil yang terbaik,"" tegasnya.
Sementara itu, CdM Todotua Pasaribu memastikan Timnas basket putra menjadi delegasi pertama Indonesia yang akan berangkat ke Negeri Matahari tersebut. Mereka akan terbang pada Senin (7/9), dan mulai bertanding pada 10 September.
""Harapannya, tim basket kita ini bisa menjadi endorsement yang positif. Jadi, ketika nanti pembukaan, kita yakin dan percaya tim basket kita sudah bisa memberikan yang terbaik, sehingga pada saat pembukaan Asian Games pun kita sudah punya kabar yang baik,"" kata Todotua.
Todotua mengaku sudah 2-3 kali meninjau tim ini. Sebagai bagian dari keluarga besar Perbasi, ia punya keyakinan tinggi.
""Kita yakin dan percaya ini momentum yang harus kita manfaatkan betul-betul. Harapannya, dari sisi atlet, saya sendiri punya keyakinan bahwa tim ini bisa membawa pulang medali nanti,"" ujarnya.
""Persiapan di sana, mereka nanti akan masuk ke kompleks Athlete Village sebagai persiapan. Kami dari CDM juga akan memberikan dukungan dan backup. Pada saat mereka masuk, official team dari CDM juga sudah akan stand by,"" tegas Todotua.
(mcy/aff)",65,2573
https://sport.detik.com/sport-lain/d-8649669/kalah-di-perempatfinal-avc-beach-continental-ini-kata-bintang-sofyan,sport,"Kalah di Perempatfinal AVC Beach Continental, Ini Kata Bintang/Sofyan","Sabtu, 05 Sep 2026 14:15 WIB","Perjalanan Bintang Akbar/Sofyan Rachman di AVC Beach Continental 2026 harus berakhir di perempatfinal. Mereka sudah main maksimal.
Dalam pertandingan yang berlangsung di Shangluo, China, Sabtu (5/9/2026), pasangan voli pantai Indonesia itu kalah 1-2 dari wakil Australia Thomas Hodges/Ben Hood.
Bintang/Sofyan sempat berada di atas angin setelah merebut set pembuka 21-19. Namun, Hodges/Hood membalikkan keadaan dengan memenangi dua set berikutnya 21-14 dan 15-13 sekaligus memastikan tiket semifinal.
Kegagalan tersebut menjadi kekalahan pertama Bintang/Sofyan selama tampil di turnamen ini. Sebelum memasuki perempat final, mereka selalu menang dan bahkan belum pernah kehilangan satu set.
Pelatih Timnas voli pantai Indonesia Slamet Mulyanto mengatakan anak-anaknta sudah main maksimal.
""Pertama-tama kami mohon maaf, hanya sampai perempat final. Anak-anak sudah maksimal,"" kata Slamet dalam kutipam cepatnya, Sabtu (5/9/2026).
""Set pertama anak-anak bermain bagus. Start kedua awalnya bagus, leading 8-6. Namun, lawan bikin ulah, mancing emosi, memperlambat permainan dan tiga kali protes ke wasit, hingga dapat kartu kuning. Hal itu membuat anak-anak terpengaruh,"" ujarnya.
Slamet menilai lawan memiliki postur tubuh yang lebih tinggi sehingga overblok-nya sulit dihentikan.
""Lawan tinggi, overblok, susah dihentikan. Jam terbang bicara, dalam keadaan ketat gini, lawan bisa mempengaruhi tempo, itu yang tidak diantisipasi anak-anak. Harusnya anak-anak kembali dengan cepat ke bentuk permainannya,"" kata Slamet.
""Set ketiga, bisa mengimbangi, tetapi lawan memang harus diakui tampil lebih baik, lebih punya banyak pengalaman. Jam terbang berbicara, salah satu pemainnya sudah dua kali tampil di Olimpiade,"" tuturnya.
Slamet berharap pengalaman tampil di AVC Beach Continental dapat dijadikan bekal untuk Asian Games di Aichi-Nagoya, 19 September hingga 4 Oktober mendatang.
""Anak-anak harus lebih konsisten dan tidak terpengaruh lawan. Kini kami bersiap tampil di Asian Games,"" kata Slamet.
(mcy/aff)",69,2005
https://sport.detik.com/sport-lain/d-8649199/wec-2026-paruh-kedua-musim-dimulai-team-wrt-32-lebih-pede,sport,"WEC 2026: Paruh Kedua Musim Dimulai, Team WRT 32 Lebih Pede","Sabtu, 05 Sep 2026 01:10 WIB","FIA World Endurance Championship 2026 memasuki paruh kedua musim. Team WRT 32 lebih percaya diri meraih hasil bagus.
Dari empat balapan awal, selalu muncul pemenang berbeda. Team WRT #69 (BMW) menaklukkan seri pembuka di Imola, lalu Garage 59 #10 (McLaren) finis pertama di Spa.
Dua tim penggeber Corvette memenangi dua balapan terakhir di Le Mans serta Sao Paulo, yakni TF Sport #33 dan Racing Team Turkey #34.
TF Sport 33 sekarang memimpin klasemen dengan keunggulan 27 poin atas tim juara bertahan kelas LMGT3, The Bend Manthey #92 (Porsche). Keunggulan dengan selisih poin lumayan besar itu pun didapat karena TF Sport 33 menang di Le Mans yang memberikan poin ganda.
Selebihnya, dari Manthey 92 di peringkat dua hingga tim di posisi ke-10 hanya berselisih 19 poin. Ini menggambarkan betapa persaingan di LMGT3 sangat terbuka musim ini.
Menariknya lagi menatap putaran lima FIA WEC, Lone Star Le Mans atau 6 Hours of COTA akhir pekan ini, untuk kali pertama dua tim pemenang di dua kelas tahun lalu absen. Porsche Penske tak melanjutkan program Hypercar tahun ini.
Sementara tim United Autosports #95 yang tahun lalu menang di COTA bersama Sean Gelael, Darren Leung, dan Marino Sato juga absen dari program LMGT3 tahun ini. Mereka memilih fokus untuk menjadi partner operasional McLaren untuk tampil di Hypercar 2027.
Mobil McLaren sendiri masih ada di LMGT3, tapi manajemennya pindah ke tim Garage 59 dengan mengoperasikan mobil nomor 10 dan 58.
Sean dan Darren masih bersatu dan punya ingatan baik soal kemenangan tahun lalu. Namun kali ini cerita pasti berbeda karena mereka mengendarai BMW bersama Augusto Farfus di Team WRT #32.
""Musim liburan telah berakhir, sekarang saatnya fokus tantangan berat di hadapan,"" tulis akun resmi Team WRT.
Race 6 Hours of COTA disiarkan langsung secara livestreaming di kanal youtube KUY Entertainment, Senin (7/9) mulai pukul 01.00 WIB.
(mrp/ran)",59,1889
https://sport.detik.com/raket/d-8649186/mens-world-tennis-championship-ganda-indonesia-tembus-final,sport,Men's World Tennis Championship: Ganda Indonesia Tembus Final,"Sabtu, 05 Sep 2026 00:10 WIB","Pasangan Rafalentino Ali Da Costa/Ethan David Zapp selangkah menuju gelar juara Men's World Tennis Championship 2026. Ini setelah mereka lolos ke final.
Pada laga semifinal Seri IV ITF World Tennis Tour M-15 di Bali Beach Country Club, Jumat (4/9/2026), Rafalentino/Ethan menghadapi unggulan keempat Sebastian Grundtvic Jorgensen/Ryotaro Taguchi.
Rafalentino/Ethan bermain prima sedari set pertama sebelum menang 6-4 dan 6-4 atas pasangan gado-gado Denmark dan Jepang. Mereka tak takut meladeni perlawanan Sebastian/Ryotaro yan berperingkat lebih tinggi.
Setelah menang 6-4 di se pertama, Rafalentino lewat forehand maupun backhand yang mematikan serta Ethan dengan cegatan voli di depan net memaksa Sebastian/Ryotaro kalah dengan skor serupa dalam total durasi pertandingan selama 1 jam 6 menit di set kedua.
Rafalentino pun menyebut kemenangan ini jado kado ulang tahun rekannya. Dia juga mewanti-wanti agar selalu waspada dan tidak menganggap remeh lawan di final.
""Kemenangan ini jadi kado terbaik untuk ultah ke-17 Ethan David. Ini juga jadi rekor tersendiri bagi kami karena bisa mencapai final pertama kalinya di nomor ganda,"" ujar Rafalentino dalam rilis kepada detikSport.
""Kami harrus fokus dan tidak boleh lengah sama sekali di setiap gamenya. Ini menjadi faktor penting dalam kemenangan hari ini,"" sambungnya.
Sementara, Ethan memuji semangat Rafalentino serta kemampuan rekannya mengatur strategi dengan baik, di saat poin-poin kritis.
""Dia bagus sekali saat menghadapi tekanan dan bisa membantu saya. Kami harus tetap fokus untuk final,"" papar Ethan.
Pada laga final, Sabtu (5/9) besok ,mereka menantang unggulan Alexander ChangPablo Perez Ramos. Pasangan gado-gado dari Amerika Serikat dan Spanyol ini sukses menyudahi Shanker Heisnam/Karan Singh dari India 6-3 dan 6-4.
Sementara itu di sektor tunggal putra tuan rumah Indonesia gagal menempatkan wakilnya kebabak semifinal. Nathan Barki dipaksa harus menyerah dua set langsung dari petenis India Karan Singh, lewat pertarungan selama 1 jam 16 menit.
Selanjutnya Karan Singh yang merupakan unggulan keempat akan bertemu Ryotaro Taguchi, setelah petenis asal Jepang ini menang rubbet set dari Hayden Jones 6-0 5-7 dan 7-5.
(mrp/ran)",61,2197
https://sport.detik.com/sport-lain/d-8649149/timnas-voli-putra-dan-putri-indonesia-bidik-8-besar-asian-games-2026,sport,Timnas Voli Putra dan Putri Indonesia Bidik 8 Besar Asian Games 2026,"Jumat, 04 Sep 2026 23:15 WIB","Timnas voli putra Indonesia siap tempur dan bertekad mengharumkan nama bangsa di Asian Games 2026. Boy Arnez dan kawan-kawan percaya diri dapat mempersembahkan hasil terbaik.
Asian Games 2026 berlangsung di Aichi-Nagoya, mulai 19 September hingga 4 Oktober 2026. Timnas voli putra telah melakukan persiapan sebulan penuh, baik fisik maupun mental.
Kapten Timnas voli putra Boy Arnez menegaskan tidak ada kendala berarti selama Pelatnas. Chemistry tim sudah terbentuk.
""Persiapan kami sudah cukup lama, sebulan. Untuk chemistry tim sudah solid, tinggal membenahi kesalahan-kesalahan di game. Tapi kami optimis dapat main baik nanti di Asian Games,"" kata Boy saat ditemui di kawasan Jakarta Selatan, Jumat (4/9/2026).
Di bawah asuhan pelatih Reidel Toiran, skuad Garuda memang telah digembleng habis-habisan. Mulai dari pelatihan intensif hingga uji coba melawan Kamboja.
""Kami sudah digembleng sih, mulai dari fisik ke mental. Nanti tinggal di Asian Games saja nanti gimana,"" tambah Boy.
Bukan tanpa alasan Boy mengatakan demikian. Selain persiapan yang baik, mereka juga baru saja menorehkan hasil baik usai menjuarai AVC Men's Volleyball Cup 2026 di India.
Di Asian Games, tim voli putra Indonesia tergabung dalam Grup B bersama Iran, Thailand, dan Kirgistan.
Tak hanya Timnas voli putra, dari sektor putri, Maradanti juga meyakini tim putri juga bisa berbicara lebih di multievent terbesar di Asia tersebut. Tim putri Indonesia masuk Grup A bersama Jepang dan Nepal.
""Untuk persiapannya sih sebenarnya sudah siap ya. Karena sebelum menuju Asian Games 2026 ini kita udah mengikuti pertandingan internasional. Dan beberapa sparing-sparing dengan tim lainnya,"" papar Rara.
Melihat lawan-lawan yang dihadapi di Aichi-Nagoya nanti, Baik Rara maupun Boy menargetkan lolos ke delapan besar terlebih dahulu.
""Tahap pertama masuk 8 besar dulu ya. Lalu nanti dari 8 besar kita pikir lagi buat masuk ke babak berikutnya. Step by step dulu,"" ucap Rara.
(mcy/ran)",68,1952
https://sport.detik.com/sport-lain/d-8649165/bali-bakal-gelar-turnamen-catur-internasional-akhir-oktober,sport,Bali Bakal Gelar Turnamen Catur Internasional Akhir Oktober,"Jumat, 04 Sep 2026 22:35 WIB","Bali jadi tuan rumah turnamen catur level internasional akhir Oktober. Tak sekadar adu tangkas, turnamen ini juga bertujuan menggenjot pariwisata Pulau Dewata.
Turnamen ini bernama Catur Bali Fide Rated Kapal Api Chess Festival 2026 yang digelar di Hotel Ululani, Uluwatu, Bali, 30 Oktober sampai 5 November.
Ajang ini digagas oleh Ketua Umum Pengurus Cabang Persatuan Catur Seluruh Indonesia (Pengprov Percasi) Kabupaten Muna, Sulawesi Tenggara, Jalaluddin Madjinuhu, yang mendapat dukungan dari PB Percasi dan klub Jayakarta Muda Jakarta.
Bakal ada total hadiah RP 112 juta di mana Rp 20 juta akan diberikan kepada sang juara. Sejauh ini sudah ada 300 peserta yang berencana mengikuti ajang itu, baik dari dalam maupun luar negeri.
Dari Indonesia, baru atlet-atlet Jawa Timur, Bali, Sulawesi Tenggara, Nusa Tenggara Barat, dan Nusa Tenggara Timur yang mendaftar.
Menurut Jalaludin, jumlah peserta yang cukup banyak ini sesuai dengan daya tampung Ballroom Hotel Ululani, Bali yang akan menjadi arena pertandingan. Diharapkan nantinya, para peserta telah lolos persyaratan sesuai peraturan FIDE.
""Saat ini sekitar 300 calon peserta sudah bersurat kepada FIDE untuk mengikuti turnamen ini. Dari dalam negeri sendiri beberapa daerah sudah konfirmasi kepada saya seperti dari Jawa Timur sebanyak 50 pecatur, Bali (50 pecatur), Sulawesi Tenggara(25 pecatur), serta dari NTT dan NTB,"" ujar Jalaludin dalam rilis kepada detikSport.
""Karena turnamen pertama ini berkategori challenger maka pesertanya adalah pecatur yang memiliki elo rating di bawah 2000,"" sambungnya.
Lebih lanjut, pemilihan Pulau Bali sebagai tempat penyelenggara, agar turnamen catur level international tidak hanya berlangsung di Pulau Jawa saja. Ini juga bisa berdampak positif bagi pariwisata Bali selama turnamen berlangsung.
""Pemilihan Bali, selain sebagai destinasi wisata. juga karena letaknya di tengah-tengah, hingga para peserta dari Pulau Kalimantan, Sulawesi, serta dari Indonesia Bagian Timur lainnya, bisa ikut ambil bagian,"" papar Jalaludin.
Selama ini turnamen catur bertaraf international atau FIDE Rated di Indonesia hanya ada satu kali. Dengan digelarnya turnamen Kapal Api Chess Festival 2026, maka jumlah turnamen bertaraf international di Tanah Air diharapkan semakin banyak.
""Jadi tak usah jauh-jauh ke luar negeri untuk mencari poin elo rating, sebaliknya bagi peserta dari luar negeri juga bisa sekalian berlibur di Bali. Jika turnamen pembuka ini sukses, ke depannya akan dijadikan kalender tetap tiap tahunnya dan titelnya akan berubah menjadi open,"" demikian Jalaludin.
(mrp/ran)",59,2570
https://sport.detik.com/fotosport/d-8648227/kyrchyn-gorge-jadi-panggung-world-nomad-games,sport,Kyrchyn Gorge Jadi Panggung World Nomad Games,"Jumat, 04 Sep 2026 22:02 WIB","Kyrgyzstan - Pemandangan udara venue VI World Nomad Games terlihat di Kyrchyn Gorge, Issyk-Kul, Kyrgyzstan, saat ajang budaya dan olahraga nomaden berlangsung.
Kyrchyn Gorge di wilayah Issyk-Kul, Kyrgyzstan, berubah menjadi salah satu pusat perhelatan VI World Nomad Games 2026. Dari udara, kawasan yang berada di tengah lanskap pegunungan tersebut tampak dipenuhi fasilitas dan area kegiatan untuk menyambut ribuan peserta serta pengunjung dari berbagai negara. REUTERS/Pavel Mikheyev
VI World Nomad Games berlangsung pada 31 Agustus hingga 6 September 2026. Upacara pembukaan digelar di Bishkek pada 31 Agustus, sementara rangkaian pertandingan dan kegiatan budaya dilaksanakan di sejumlah lokasi di wilayah Issyk-Kul, termasuk Kyrchyn Gorge. REUTERS/Pavel Mikheyev
World Nomad Games merupakan ajang internasional yang menggabungkan olahraga tradisional dengan kebudayaan masyarakat nomaden. Perhelatan tersebut tidak hanya mempertandingkan kemampuan para atlet, tetapi juga menjadi ruang untuk memperkenalkan kembali permainan tradisional, kesenian, kerajinan, kuliner, dan warisan budaya masyarakat dari berbagai negara. REUTERS/Pavel Mikheyev
Pada penyelenggaraan 2026, sekitar 3.000 atlet dari 109 negara ambil bagian dalam kompetisi, menurut informasi dari kantor berita nasional Kyrgyzstan Kabar. Sebelumnya, panitia menyebut kompetisi mencakup puluhan cabang olahraga, termasuk berbagai olahraga tradisional yang berkaitan erat dengan kehidupan masyarakat nomaden. REUTERS/Pavel Mikheyev
Salah satu program yang berlangsung di Kyrchyn adalah kawasan etnovillage yang menjadi ruang pertemuan budaya. Pengunjung dapat menyaksikan pertunjukan seni, mengikuti lokakarya kerajinan dan memasak, serta melihat berbagai tradisi yang ditampilkan dalam suasana yang menggambarkan kehidupan masyarakat nomaden. REUTERS/Pavel Mikheyev
Kyrchyn juga menjadi lokasi pertandingan olahraga tradisional. Salah satunya adalah panahan berkuda yang mempertemukan atlet dari berbagai negara. Dalam pertandingan yang berlangsung pada 2-3 September, sebanyak 72 atlet putra dari 33 negara dan 45 atlet putri dari 32 negara ambil bagian. REUTERS/Pavel Mikheyev
Olahraga tradisional lain yang menjadi bagian dari World Nomad Games antara lain kok-boru, gulat tradisional, tarik tambang, olahraga kekuatan, serta berbagai cabang yang menggunakan kuda sebagai bagian utama pertandingan. Olahraga tersebut merepresentasikan keterampilan yang secara historis berkembang dalam kehidupan masyarakat nomaden di kawasan Asia Tengah dan wilayah lainnya. REUTERS/Pavel Mikheyev",45,2550
https://sport.detik.com/raket/d-8649124/hasil-china-masters-2026-sabar-reza-out-wakil-indonesia-habis,sport,"Hasil China Masters 2026: Sabar/Reza Out, Wakil Indonesia Habis","Jumat, 04 Sep 2026 21:38 WIB","Sabar Karyaman Gutama/Moh. Reza Pahlevi Isfahani tersingkir dari China Masters 2026 usai kalah dari Nur Mohd Azriyn Ayub/Tan Wee Kiong. Wakil Indonesia habis di ajang ini.
Sabar Karyaman Gutama/Moh Reza Pahlevi Isfahanimenghadapi Nur Mohd Azriyn Ayub/Tan Wee Kiong (Malaysia) di perempatfinal China Masters 2026. Pertandingan digelar di Court 1 Shenzen Arena, Jumat (4/9/2026) malam WIB.
Sabar/Reza mengawali gim pertama dengan kurang baik. Mereka tertinggal 1-5.
Unggulan keenam ini kemudian bisa mengejar hingga kedudukan sama kuat 6-6. Sabar/Reza bahkan berbalik memimpin dengan kedudukan 9-6.
Sabar/Reza unggul 11-8 saat interval. Situasi tapi kemudian berubah selepas interval.
Azriyn/Tan tampil agresif hingga bikin kembali sama kuat 11-11. Pasangan Malaysia mendapatkan momentum untuk menjauh. Sabar/Reza tertinggal 11-14 usai terus gagal mendulang angka.
Sabar/Reza berusaha bangkit dengan bisa menipiskan jarak angka dengan cuma tertinggal satu poin saat kedudukan 15-16.
Namun, setelahnya Azriyn/Tan bisa terus menjaga keunggulan. Sabar/Reza harus kalah 17-21 di gim pertama.
Sabar/Reza tak mengulangi kesalahan di awal gim pertama saat memulai gim kedua. Mereka bisa unggul 6-2.
Sabar/Reza tapi tak bisa menjaga keunggulan hingga Azriyn/Tan bikin skor sama kuat 6-6. Sabar/Reza berbalik tertinggal 6-10.
Namun, Sabar/Reza dengan baik bangkit dengan unggul 11-10 saat interval gim kedua. Sabar/Reza konsisten menjaga keunggulan setelah interval.
Sabar/Reza mengamankan gim kedua dengan skor 21-16. Laga harus ditentukan di gim ketiga.
Due berlangsung sengit di awal gim ketiga hingga skor 4-4. Sabar/Reza sempat unggul 9-6 tapi Azriyn/Tan mendulang tiga angka beruntun hingga skor kembali imbang 9-9.
Sabar/Reza unggul tipis 11-10 di interval gim ketiga. Selepas interval, Azriyn/Tan kembali bisa menyetarakan angka saat 12-12.
Laga terus ketat hingga 16-16. Sabar/Reza bisa mendapatkan dua angka untuk unggul 18-16. Pukulan terukur Tan di depan net dan pengembalian Sabar yang melebar bikin kedudukan kembali sama kuat saat 18-18.
Reza melakukan kesalahan serve di poin krusial hingga Azriyn/Tan mendapatkan match poin. Ganda Indonesia ini yang menyangkut di net bikin mereka kalah 19-21 di gim ketiga.
Sabar/Reza tersingkir dari China Masters 2026. Tersingkirnya Sabar/Reza bikin wakil Indonesia habis di ajang ini.
(pur/ran)",63,2337
https://sport.detik.com/moto-gp/d-8648849/pol-acosta-akan-menang-balapan-dan-jadi-juara-dunia-cuma-soal-waktu,sport,Pol: Acosta Akan Menang Balapan dan Jadi Juara Dunia Cuma soal Waktu,"Jumat, 04 Sep 2026 18:30 WIB","Di tengah ekspektasi tinggi, Pedro Acosta belum mampu menangi balapan alih-alih bersaing merebut titel juara dunia. Rider MotoGP Pol Espargaro tidak khawatir soal ini.
Acosta digadang-gadang sebagai bintang MotoGP masa depan. Rider berjuluk si Hiu dari Mazarron ini bermodalkan gelar juara dunia di kelas Moto3 dan Moto2, lalu jadi rookie terbaik dua tahun lalu.
Dari 54 balapan grand prix yang sudah dilakoni di kelas primer, Acosta 14 kali finis podium tanpa kemenangan. Acosta mentok finis kedua, yang dicapainya delapan kali termasuk di Aragon sepekan lalu.
Tak bisa dipungkiri, Pedro Acosta mulai menghadapi tuntutan untuk memenangi balapan grand prix. Acosta sudah cukup pengalaman, plus dipersenjatai dengan tunggangan pabrikan KTM.
Pol Espargaro, pebalap penguji KTM, yakin betul bahwa Acosta cepat atau lambat akan memenangi grand prix dan jadi juara dunia. Balapan di San Marino dan Austria diyakini jadi kesempatan bagus buat Acosta.
""Aku sepenuhnya yakin, dan kuharap secepatnya karena Misano, Austria itu sirkuit-sirkuit di mana dia bisa tampil bagus, dan di level Pedro sekarang dan level yang kami punya sekarang, dengan beberapa penyempurnaan dan peningkatan untuk balapan mendatang, kurasa itu mungkin,"" ucap adik kandung Aleix Espargaro ini di Marca.
""Kurasa sejak awal ini memungkinkan, tapi kemenangan itu belum memang belum terjadi tap dia sudah sangat dekat, dia dalam jalur yang benar. Bagaimanapun, kurasa kita tidak seharusnya terobsesi dengan ini.""
""Pedro akan memenangi banyak balapan, dia akan memenangi beberapa titel Kejuaraan Dunia. Aku sangat-sangat yakin dengan hal ini, ini hanya soal waktu saja,"" Pol Espargaro menambahkan tentang Acosta.
(rin/aff)",68,1683
https://sport.detik.com/sport-lain/d-8648336/avc-continental-2026-bintang-sofyan-hadapi-selandia-baru-di-16-besar,sport,AVC Continental 2026: Bintang/Sofyan Hadapi Selandia Baru di 16 Besar,"Jumat, 04 Sep 2026 14:15 WIB","Pasangan voli pantai Indonesia Bintang Akbar/Sofyan Rachman sukses mengunci status juara Grup E AVC Beach Continental 2026 dan melenggang mulus ke babak 16 besar. Di babak berikutnya, mereka akan melawan Selandia Baru.
Kemenangan telak 2-0 atas wakil Jepang Takahashi/Ikeda di Shangluo, Kamis (3/9/2026), jadi penutup sempurna fase grup. Skor 21-16, 21-15 menutup laga yang sebenarnya duel perebutan puncak klasemen.
Dalam keterangan tertulis federasi, Bintang/Sofyan tampil dominan sejak awal pertandingan dan mengamankan set pertama dengan kemenangan 21-16. Permainan pasangan Indonesia tetap terjaga pada set kedua hingga mereka kembali unggul 21-15.
Kemenangan atas wakil Jepang sekaligus mempertahankan rekor sempurna Bintang/Sofyan selama fase grup. Mereka berhasil memenangkan seluruh tiga pertandingan tanpa sekalipun kehilangan set.
Pertemuan dengan Takahashi/Ikeda memang menjadi laga penting untuk menentukan pemuncak klasemen Grup E. Kedua pasangan sebelumnya sama-sama mengoleksi dua kemenangan dan belum pernah kehilangan satu set pun.
Bintang/Sofyan lebih mampu menjaga konsistensi dalam laga tersebut. Setelah mengamankan set pembuka 21-16, pasangan Indonesia kembali tampil solid untuk menyelesaikan pertandingan dengan kemenangan 21-15 pada set kedua.
Sebelum menghadapi pasangan Jepang, Bintang/Sofyan lebih dahulu meraih kemenangan atas wakil Hong Kong Wong Pui Lam/Chong Kei Loi. Dalam pertandingan pembuka Grup E, mereka menang dua set langsung 21-10 dan 21-12.
Pada pertandingan kedua yang berlangsung Rabu (2/9/2026), pasangan Indonesia kembali meraih kemenangan. Kali ini, Yakovlev/Mokhammad dari Kazakhstan mereka kalahkan dengan skor 21-17 dan 21-15.
Dari tiga pertandingan tersebut, Bintang/Sofyan mengumpulkan enam kemenangan set tanpa sekali pun kalah. Hasil itu memastikan mereka berada di posisi teratas Grup E sekaligus membuka jalan menuju fase gugur.
Di babak 16 besar, Di 16 besar, ujian berikutnya sudah menunggu. Sam O'Dea/Ben O'Dea dari Selandia Baru jadi lawan yang harus ditaklukkan Bintang/Sofyan.
Target pelatih Slamet Mulyanto dari awal memang menjadi juara grup. Dan itu sudah tercapai. Bintang/Sofyan diminta naik level.
""Bintang/Sofyan bermain sangat baik. Lawan Selandia Baru, tidak boleh kendur. Gas terus, harus menang,"" tegas Slamet.
(mcy/aff)",69,2294
https://sport.detik.com/sport-lain/d-8648160/pemanasan-timnas-basket-3x3-di-taiwan-jelang-asian-games-2026,sport,Pemanasan Timnas Basket 3x3 di Taiwan Jelang Asian Games 2026,"Jumat, 04 Sep 2026 12:50 WIB","Jelang Asian Games 2026, Timnas basket 3x3 putra terbang ke Taiwan untuk mengikuti FIBA 3x3 Challenger. Ajang ini penting untuk pembentukan mental!
Berlangsung di Kaohsiung, Taiwan, pada 5-6 September, Timnas basket 3x3 Indonesia berkekuatan empat pemain dari total delapan nama yang ikut latihan di persiapan tahap akhir.
Keempat nama itu adalah Almando Davin Nepa Bait, Halmaheranno Aprianto Lolaru Hady, Erick Ibrahim Junior, dan Daffa Dhoifullah.
Mereka berangkat ke Kaohsiung dengan membawa nama Tim Balige. Sementara dua pemain, yaitu Aymane Arip dan Richard Kornelius, akan menyusul dan bergabung untuk melakukan scrimmage dengan tim/klub lokal di Taiwan pada dua hari berikutnya, 7-8 September.
Di Kaohsiung, Tim Balige akan berjuang dari babak kualifikasi. Mereka tergabung di Grup B bersama Tim Shibuya asal Jepang dan Tim Phoenix dari Amerika Serikat.
Shibuya merupakan tim profesional yang diperkuat dua pemain Jepang dan rekrutan asal Latvia, Kristaps Gluditis dan Zigmars Raimo. Mereka pemain senior dengan usia 30 tahunan. Kemudian Phoenix dari USA diisi pemain matang dengan usia 29 dan 30 tahun.Untuk di Kualfikasi Grup B, hanya Balige yang diisi pemain muda dengan usia di bawah 23 tahun.
Wakil Ketua Program 3x3 Badan Tim Nasional (BTN) DPP Perbasi sekaligus General Manager Timnas 3x3 Putra Derry Primasta Octa menegaskan pengiriman pemain muda ini sesuai regulasi Asian Games 2026 yang membatasi usia maksimal 23 tahun untuk basket 3x3.
""Pengalaman merasakan atmosfer pertandingan di ajang internasional dibutuhkan oleh pemain kita dalam membentuk karakter permainan menuju Asian Games 2026,"" kata Derry dalam keterangannya.
""Tim Balige dengan kekuatan pemain usia lebih muda dikirim ke ajang ini dengan tujuan membentuk mental tanding dan mengambil pengalaman serta merasakan atmosfer pertandingan di level internasional.""
Derry juga menekankan, hasil akhir nomor dua. Yang utama adalah proses.
""Hasil akhir memang penting dalam pertandingan. Namun dalam proses pembentukan tim saat ini, melihat pemahaman pemain dalam menjalankan strategi permainan yang telah diberikan selama training camp nasional jauh lebih penting agar di Asian Games nanti bisa mendapatkan hasil maksimal,"" ujarnya.
Di Asian Games 2026, Timnas Basket 3x3 Putra tergabung di Pool C. Di sana, Indonesia akan bersaing melawan Qatar, Taiwan, dan Bahrain.
""Komposisi pemain saat ini adalah yang terbaik dari proses training camp yang sudah berjalan, dipimpin oleh Coach Donnda. Kami melihat banyak perubahan positif sejak FIBA Batam Challenger.""
""Mari kita dukung anak-anak muda berprestasi Indonesia, wakil kita di kancah global melalui 3x3 Basket. Ultimately, kami bersama mau memberikan yang terbaik untuk Asian Games 2026,"" tegas Derry.
(mcy/aff)",61,2740
https://sport.detik.com/sportstyle/d-8647385/belum-pernah-ikut-kelas-yoga-yoga-outdoor-ini-cocok-untuk-beginner,sport,Belum Pernah Ikut Kelas Yoga? Yoga Outdoor Ini Cocok Untuk Beginner,"Jumat, 04 Sep 2026 06:15 WIB","Banyak orang urung coba yoga karena mikir harus lentur dulu atau paham semua gerakan sejak awal. Padahal yoga itu soal proses, bukan soal siapa yang paling jago pose susah, dan justru kelas outdoor jadi tempat paling santai buat memulai.
Ground and Grow Yoga membuka kelas yang ramah untuk pemula, digelar di René Café, Cipayung, Jakarta Timur pada Minggu, 6 September 2026, pukul 07.00 WIB sampai 09.00 WIB. Suasana outdoor yang santai bikin siapa pun tidak perlu takut salah gerakan atau merasa dinilai orang lain.
Kelas ini fokus ke mindful movement, jadi peserta diajak menyelaraskan napas dengan gerakan pelan-pelan tanpa tekanan buat langsung sempurna. Cocok banget buat kamu yang selama ini cuma nonton video yoga di media sosial tapi belum berani coba langsung.
Persiapannya juga simpel. Peserta cukup membawa yoga mat sendiri dan pakaian olahraga yang nyaman dipakai gerak. Disarankan juga bawa tumbler, handuk, dan sunglasses supaya makin nyaman selama sesi berlangsung di ruang terbuka. Setiap peserta bakal dapat goodie bag saat registrasi di venue, jadi ada bonus tambahan selain pengalaman yoga itu sendiri.
Selain jadi ajang olahraga ringan, momen ini juga bisa jadi cara buat ketemu orang baru dengan minat yang sama soal wellness dan gaya hidup lebih sadar diri. Kamu juga tidak perlu mikirin peralatan mahal, karena modal utama cuma niat dan yoga mat sendiri.
Kalau selama ini alasan kamu belum mulai yoga cuma karena takut salah gerakan atau merasa belum siap, kelas ini didesain justru buat kamu yang masih di titik itu. Instruktur akan memandu step by step tanpa buru-buru.
Jangan biarkan rasa ragu bikin kamu terus menunda, langsung amankan slotmu di detikevent sekarang juga!
(bay/mrp)",67,1708
https://sport.detik.com/raket/d-8647457/mens-world-tennis-championship-nathan-barki-ke-perempatfinal,sport,Men's World Tennis Championship: Nathan Barki ke Perempatfinal,"Kamis, 03 Sep 2026 23:15 WIB","Petenis Indonesia Nathan Barki melaju ke perempatfinal Amman Mineral Men's World Tennis Championship 2026. Begitu juga dengan Rafalentino Ali Da Costa/Ethan David Zapp yang menembus semifinal.
Pada pertandingan Babak 16 Besar Seri IV M-15 di Lapangan D, Bali Beach Country Club, Kamis (3/9/2026), Nathan bertemu kompatriotnya Anthony Susanto.
Duel kedua wakil tuan rumah ini sebenarnya berlangsung seimbang, di mana terjadi kejar-kejaran poin sampai skor sama kuat 5-5 di set pertama.
Memasuki game ke-11, setelah melalui 3 kali deuce, Nathan akhirnya dapat mematahkan servis dari Anthony, untuk menutup set pertama dengan kemenangan 7-5 dalam tempo 48 menit.
Di set kedua, Nathan meminta perawatan medis akibat lengan kanannya sakit. Alhasil petenis 29 tahun ini memutuskan mundur dan Nathan berhak atas tiket perempatfinal.
Meski menang, Nathan prihatin dengan kondisi Anthony. Dia berharap Anthony bisa cepat pulih.
""Sedih juga meski menang, karena Anthony harus terhenti karena cedera. Saya berharap bisa mempertahankan performa dan fokus ke laga-laga selanjutnya,"" ujar Nathan dalam rilis kepada detikSport.
Di nomor tunggal putra, Rafalentino menyerah dua set langsung dalam tempo 1 jam 16 menit, 3-6 dan 2-6, dari wakil India Karan Singh.
Kegagalan ini ditebus Rafalentino dengan sempurna saat turun di ganda putra bersama Ethan David Zapp. Mereka menyingkirkan unggulan pertama Isaac Becroft/Reece Falck dari Selandia Baru.
Dengan motivasi tinggi dan bermain tanpa beban, Rafalentino yang baru berusia 16 tahun dan Ethan 17 tahun, bertarung sangat luar biasa untuk menang 7-5, 6-4, dalam waktu 1 jam 14 menit.
""(Kami) sangat gembira dengan kemenangan ini dan tak menyangkan bisa mengalahkan unggulan pertama. Kami akan berupaya tampil tanpa beban lagi di laga selanjutnya, bermain seperti hari ini,"" ujar Ethan yang diamini Rafalentino.
Rafalentino/Ethan David bertemu unggulan keempat Sebastian Grundtvic Jorgensen/Ryotaro Taguchi di semifinal. Sebastian/Ryotaro mengalahkan Leo Borg/Eric Ahren dari Swedia dengan skor 6-4 3-6 dan super tiebreak 10-5.
(mrp/bay)",62,2070
https://sport.detik.com/sportstyle/d-8647394/bakal-ada-jakarta-vertical-run-2026-bulan-november,sport,Bakal Ada Jakarta Vertical Run 2026 Bulan November,"Kamis, 03 Sep 2026 22:15 WIB","Asosiasi Lari Trail Indonesia (ALTI) DKI Jakarta akan menggelar Jakarta Vertical Run 2026. Apa itu?
Mengambil tema Tantangan Urban dan Keberlanjutan Lingkungan, ALTI DKI bekerjasama dengan Cakrawala Jakarta Kreatif selaku penyelenggara, yang didukung juga oleh Geely sebagai sponsor utama dan Fortesport, menggelar ajang tower running bertaraf internasional.
Perlombaan lari naik tangga ini dihelat, Minggu 15 November, di Autograph Tower, Kompleks Thamrin Nine, Jakarta Pusat. Thamrin Nine merupaka gedung tertinggi di Jakarta dan tercatat sebagai gedung tertinggi di belahan bumi selatan, dengan ketinggian 385 meter.
Para peserta akan menantang fisik dan mental dengan menaklukkan kurang lebih 2.120 anak tangga di gedung 106 lantai itu.
Ketua Umum ALTI DKI Jakarta, Eko Putro Hadi Prasetyo, menyampaikan bahwa ajang ini memberikan sensasi olahraga urban yang berbeda dari road run pada umumnya. Lomba dimulai pukul 04.30 WIB, agar para pelari tercepat berkesempatan menikmati momen matahari terbit di langit Jakarta saat mencapai puncak.
""Kami percaya olahraga urban seperti ini akan memberikan tantangan dan sensasi yang berbeda bagi pesertanya. Semoga saja akan tercipta persaingan yang menarik antarpeserta,"" ujar Eko Putro dalam jumpa pers, Kamis (3/9/2026).
Start dilakukan dengan sistem wave yang terbagi menjadi empat gelombang: wave 1 untuk kategori Elite Atlet dan wave 2 untuk kategori Open, masing-masing dilepas lima (5) peserta setiap 30 detik, sementara wave 3 dan wave 4 dilepas setiap satu menit.
Hingga kini, tercatat 450 pelari dari 16 negara siap bersaing di tiga kategori utama: Elite/Tower Running, Senior, dan Master. Ajang lari naik tangga gedung bertingkat tinggi seperti ini telah lazim diselenggarakan di berbagai kota dunia, dan diminati karena tingkat kesulitannya yang berbeda dari lomba lari di jalan raya pada umumnya.
Keterlibatan Geely sebagai sponsor utama memperkuat sinergi antara gaya hidup aktif dan komitmen keberlanjutan lingkungan (green mobility) melalui penerapan konsep eco-friendly event.
Penyelenggara juga menaruh perhatian penuh pada keselamatan, keamanan, dan kenyamanan peserta dengan menyiagakan tenaga kesehatan, paramedis, ambulans, serta rumah sakit rujukan apabila terjadi keadaan darurat selama lomba berlangsung.
Ajang ini sekaligus menjadi momen strategis menyongsong peringatan 500 tahun Kota Jakarta pada 2027. Panitia berharap penyelenggaraan Jakarta Vertical Run dapat kembali digelar tahun depan dengan skala lebih besar.
Kepala Dinas Pemuda dan Olahraga Provinsi DKI Jakarta, Andri Yansyah, mendukung penuh kegiatan ini. Selain berfungsi sebagai tolok ukur pembinaan prestasi atlet, Jakarta Vertical Run juga didorong sebagai ajang sport tourism dan rekreasi bergengsi, di mana para peserta dapat menikmati keindahan lanskap Kota Jakarta dari titik tertinggi.
Jakarta Vertical Run nanti bakal jadi penyelenggaraan Vertical Running pertama di gedung tertinggi di Indonesia dengan jumlah peserta terbanyak, yang berpotensi mendapatkan rekor MURI.
Khusus bagi pelari kategori Elite Vertical Running, mereka akan memperoleh 60 poin skor yang dapat menaikkan peringkat mereka di klasemen atlet vertical run internasional.
(mrp/bay)",50,3194
https://sport.detik.com/raket/d-8647441/hasil-china-masters-2026-sabar-reza-menang-melaju-ke-perempatfinal,sport,"Hasil China Masters 2026: Sabar/Reza Menang, Melaju ke Perempatfinal","Kamis, 03 Sep 2026 21:30 WIB","Sabar Karyaman Gutaman/Mohammad Reza Pahlevi Isfahani melaju ke perempatfinal China Masters 2026. Sabar/Reza mengalahkan Daniel Ludgaard/Mads Vestergaard.
Babak 16 besar BWF Super 750 China Masters mempertemukan Sabar/Reza dengan Lundgaard/Vestergaard dari Denmark. Pertandingan digelar di Court 1 Shenzen Arena, Kamis (3/9/2026) malam WIB.
Sabar/Reza merebut 3 poin pertama, tapi Lundgaard/Vestergaard mampu menyamakan kedudukan. Sabar/Reza selanjutnya memimpin 3 angka lagi hingga mencapai interval dengan keunggulan 11-9.
Pasangan Indonesia sempat unggul 5 angka 14-9, namun Lundgaard/Vestergaard mampu merebut 4 angka beruntun dan menyamakan kedudukan 14-14. Sabar/Rerza kembali lepas dari tekanan dan menjauh 17-14.
Sabar/Reza mencapai game point dengan keunggulan 20-15. Sabar/Reza menutup gim pertama dengan keunggulan 21-15.
Permainan positif ditunjukkan Sabar/Reza memasuki gim kedua. Sabar/Reza mampi menjaga keunggulan 2-3 angka dari Lundgaard/Vestergaard dan unggul 11-8 di interval.
Sabar/Reza menjauhkan kejaran menjadi 5 poin 18-13 dan 19-14 dan mencapai match point 20-15. Bola out dari Lundgaard/Vestergaard memastikan kemenangan Sabar/Reza 21-15.
Hasil ini mengantarkan Sabar/Reza lolos ke perempatfinal China Masters 2026. Sabar/Reza jadi satu-satunya wakil Indonesia yang tersisa setelah Jonathan Christie, Leo Rolly Carnando/Daniel Marthin, dan Ali Faathir Rayhan/Devin Artha Wahyudi tersingkir.
Sabar/Reza melaju ke perempatfinal usai menang dengan skor kembar atas ganda Denmark.
Nice work SabRez!#BadmintonIndonesia #ChinaMasters2026 pic.twitter.com/ivEMnQNRiZ
(bay/aff)",68,1594
https://sport.detik.com/sport-lain/d-8647346/dki-jakarta-gelar-pon-pantai-2026-bulan-november,sport,DKI Jakarta Gelar PON Pantai 2026 Bulan November,"Kamis, 03 Sep 2026 21:20 WIB","KONI DKI Jakarta terus mempersiapkan diri jelang PON 2028. Salah satunya dengan menjadi tuan rumah PON Pantai 2026 bulan November.
Dalam rangka mewujudkan misi menjadi juara umum PON 2028, KONI DKI bersama Dinas Pemuda dan Olahraga (Dispora), DPRD, dan pengurus cabor terus berkolaborasi mematangkan persiapan.
Terdekat, kolaborasi itu akan terwujud dalam pelaksanaan Pekan Olahraga Nasional (PON) Pantai yang digelar di Ancol, Jakarta, bulan November. Ajang nasional perdana ini merupakan kolaborasi KONI Pusat, Pemprov DKI, KONI DKI Jakarta dan PT Pembangunan Jaya Ancol.
Ketua Umum KONI Provinsi DKI Jakarta, Hidayat Humaid, mengatakan PON Pantai tidak hanya menjadi ajang meningkatkan prestasi olahraga, tetapi juga diharapkan mampu menggerakkan perekonomian masyarakat, khususnya UMKM di sekitar kawasan Ancol.
Hal itu disampaikan Hidayat dalam press gathering media bertema ""Bergerak Untuk Jakarta Juara"" di Jakarta, Kamis (3/9/2026). Turut hadir Kepala Dinas Pemuda dan Olahraga (Dispora) DKI Jakarta, Andri Yansyah, Sekretaris Umum KONI DKI, Aminulah, Wakil Ketua Umum I, Fatchul Anas dan Wakil Ketua Umum V Anondo Eko, juga Bendahara Umum Hadameon Aritonang.
""PON Pantai bukan hanya soal prestasi. Kami ingin kegiatan olahraga nasional ini ikut menggerakkan ekonomi masyarakat dan UMKM di sekitar lokasi,"" ujar Guru Besar Fakultas Ilmu Keolahragaan dan Kesehatan (FIKK) Universitas Negeri Jakarta (UNJ) ini dalam keterangan kepada media.
Hidaya mengungkapkan 'Bergerak Untuk Jakarta Juara' adalah komitmen KONI DKI untuk mewujudkan harapan warga Jakarta yang merindukan menjadi Juara Umum PON 2028.
""KONI terus bergerak dan ini menjadi PR dan tantangan kita bersama untuk mewujudkan juara umum,"" sambungnya.
PON Pantai Ancol akan mempertandingkan 10 cabang olahraga dengan 11 disiplin, yakni Akuatik, Bola Basket 3x3, Bola Voli Pantai, Bola Tangan Pantai, Layar, Modern Pentathlon, Rugby Pantai, Selam Laut, Teqball, dan Triathlon.
""Kami sudah melakukan visitasi PON Pantai Ancol antara KONI Pusat, Dispora, KONI DKI bersama cabor telah dilakukan peninjauan lokasi pertandingan atau veneu,"" tegas Waketum I KONI DKI Jakarta Fatchul Anas.
Anas menjelaskan Pantai Festival menjadi lokasi Akuatik, Renang Perairan Terbuka, dan Selam Laut. Lalu, Kawasan Lagoon digunakan untuk Bola Voli Pantai dan Layar.
Adapun Beach City International Stadium (BCIS) menjadi venue Triathlon, Teqball, Bola Tangan Pantai, dan Bola Basket 3x3.
""Untuk Beach Pool untuk Rugby Pantai, Modern Pentathlon, dan Akuatik-Polo Air. Venue ini sementara sudah disepakati,"" demikian Anas.
(mrp/bay)",48,2574
https://sport.detik.com/moto-gp/d-8647200/marc-marquez-makin-dekat-jorge-martin-akan-lawan,sport,"Marc Marquez Makin Dekat, Jorge Martin Akan Lawan!","Kamis, 03 Sep 2026 19:30 WIB","Jorge Martin tak gentar melihat Marc Marquez semakin mendekat di klasemen MotoGP 2026. Pebalap Aprilia itu menegaskan tetap siap melawan sang juara bertahan.
Marc meraih kemenangan Sprint dan MotoGP Aragon. Martin hanya finis kelima sehingga keunggulannya di puncak klasemen terpangkas menjadi 19 poin. Marco Bezzecchi juga masih mengintai, tertinggal 24 poin dari Martin.
Martin mengakui Aprilia kesulitan di Aragon. Namun, ia tidak mau menjadikan absennya pada balapan tahun lalu karena cedera sebagai alasan.
""Itu bukan alasan karena ada beberapa balapan yang tidak saya ikuti tahun lalu, dan saya tetap cepat,"" kata Martin kepada MotoGP.com.
""Jadi, ya, saya memang kesulitan. Kami mencoba menjaga semuanya tetap sederhana, tidak terlalu banyak mengubah motor. Tapi pada akhirnya, hari ini saya membutuhkan bantuan.""
Martin menilai hasil naik-turun merupakan bagian dari persaingan satu musim penuh. Kini Martin mengincar kebangkitan di Misano. Ia menyukai karakter sirkuit tersebut dan yakin Aprilia bisa kembali kompetitif.
""Menurut saya, ini bagian dari kejuaraan. Ada beberapa balapan di mana kami (Aprilia) lebih baik. Ada juga beberapa balapan di mana kami lebih buruk,"" katanya.
""Misano adalah trek yang sangat saya sukai, di mana kami memiliki banyak grip, dan saya pikir dengan Aprilia serta gaya saya, kami bisa bangkit dan kembali cepat.""
Martin Tak Takut Marc Menyusul
Jarak 19 poin membuat Marc menjadi rival terdekat Martin. Namun, Martin justru tetap percaya diri.
""Saya pikir Marco dan Marc sama-sama merupakan kandidat juara bersama saya,"" ujarnya menganalisis persaingan dengan Bezzecchi dan Marquez.
""Saya merasa, meskipun masih dalam proses belajar, saya tetap memimpin. Jadi ini gila. Saya sangat senang. Dan saya pikir mulai sekarang saya bisa mempertahankan kepemimpinan ini. Bahkan jika Marc menyusul.""
Martin berharap pengalaman dari 14 balapan sebelumnya menjadi modal penting untuk menghadapi persaingan berikutnya. ""Saya pikir ada beberapa balapan yang sangat bagus untuk saya, dan saya berharap semua yang kami pelajari selama 14 balapan ini bisa membantu saya untuk bertarung.""",50,2110
https://sport.detik.com/moto-gp/d-8646970/gelar-juara-motogp-2026-jadi-ujian-ketahanan-marc-marquez,sport,Gelar Juara MotoGP 2026 Jadi Ujian Ketahanan Marc Marquez?,"Kamis, 03 Sep 2026 18:30 WIB","Marc Márquez dianggap akan menjalani persaingan gelar juara dunia MotoGP 2026 selayaknya mengikuti balapan uji ketahanan. Ia pun disarankan lebih bijak mengatur kondisi fisik dan tidak selalu memaksakan diri.
Pendapat itu dilontarkan mantan rider Honda, Cal Crutchlow, yang menilai Marc masih menjadi pebalap terbaik di MotoGP. Tapi kondisi fisik juara bertahan itu membuat pendekatan terhadap sisa musim harus berbeda.
Marc masih mengalami masalah pada lengan kanannya setelah menjalani sejumlah operasi. Ia bahkan mengaku kehilangan tenaga saat balapan MotoGP Inggris di Silverstone. Situasi itu bikin Crutchlow memperkirakan Marc akan mengelola perebutan gelar seperti sebuah endurance race.
""Ini sangat sulit karena saya pikir Marc masih menjadi pebalap terbaik, tetapi saya pikir dia sedang membalap dalam kondisi cedera,"" ucapnya seperti dilansir Crash.net.
Sepanjang musim 2026, Marc Marquez memang masih beradaptasi dengan keterbatasan fisik pada lengan kanannya. Sebelum MotoGP Aragon, Marc mengungkapkan bahwa lengannya masih mengganggu. Ia berharap kondisinya membaik di Aragon karena karakter sirkuit yang memiliki lebih banyak tikungan kiri.
Situasi itu membuat Marc tidak bisa selalu mengandalkan pendekatan agresif seperti pada masa terbaiknya. Konsistensi dan kemampuan memilih momen untuk menyerang menjadi sama pentingnya dengan kecepatan.
Crutchlow pun melihat strategi tersebut bisa menjadi kunci Marc dalam perburuan gelar. Tidak harus selalu menang, tetapi sebisa mungkin tetap finis di depan rival utama dan menghindari kesalahan besar.
""Saya rasa dia belum sepenuhnya pulih dari operasi yang dijalaninya awal tahun ini, dan saya pikir dia akan menjalani kejuaraan ini lebih seperti sebuah balapan ketahanan, dan memacu ketika dia benar-benar perlu memacu. Dia akan memastikan dirinya berada di sana ketika dibutuhkan, berusaha tidak membuat kesalahan, dan membiarkan pebalap lain membuat kesalahan,"" kata Crutchlow.
""Lalu menyerang ketika dia tahu bisa menyerang. Silverstone bukan akhir pekan yang bagus, tetapi dia akan berusaha agar tidak menjalani akhir pekan yang benar-benar buruk, seperti yang mungkin dialami beberapa pebalap... Seperti Ai Ogura yang tidak berada di sini. Tetapi sangat sulit untuk memprediksi... Saya benar-benar tidak tahu ke mana arah pertarungan gelar ini,"" ujarnya.",58,2319
https://sport.detik.com/raket/d-8647100/hasil-china-masters-2026-leo-daniel-kena-comeback-keok-di-16-besar,sport,"Hasil China Masters 2026: Leo/Daniel Kena Comeback, Keok di 16 Besar","Kamis, 03 Sep 2026 17:23 WIB","Leo Rolly Carnando/Daniel Marthin kandas di babak 16 besar China Masters 2026. Leo/Rolly dikalahkan Takumi Nomura/Yuichi Shimogami dalam rubber game.
Babak 16 besar BWF Super 750 China Masters nomor ganda putra mempertemukan Leo/Daniel dengan Nomura/Shimogami. Duel digelar di court 1 Arena Shenzen, Kamis (3/9/2026) sore WIB.
Leo/Daniel tancap gas di awal gim pertama. Keduanya mampu menjaga keunggulan 1-2 angka dari Nomura/Shimogami dan mencapai interval dengan keunggulan 11-7.
Laju Leo/Daniel semakin tak terbendung setelah meraih 3 dan 5 angka beruntun untuk memimpin jauh 19-9. Leo/Daniel menutup gim pertama dengan keunggulan 21-14.
Leo/Daniel meraih 4 angka beruntun memasuki gim kedua, tapi bisa disamakan Nomura/Shimogami 4-4. Susul-susulan poin terjadi hingga kedudukan berimbang 8-8.
Leo/Daniel mulai lepas dari tekanan dan meraih keunggulan 11-8. Nomura/Shimogami kembali bisa menyamakan kedudukan 12-12 dan 15-15.
Nomura/Shimogami memanfaatkan momentum dengan meraih poin demi poin. Pasangan Jepang ini berbalik unggul 21-16 dan memaksa duel lanjut rubber game.
Persaingan sengit terjadi di gim ketiga. Leo/Daniel sempat unggul 1-2 angka sebelum disamakan Nomura/Shimogami 8-8.
Nomura/Shimogami berbalik unggul dan mencapai interval dengan keunggulan 11-8. Leo/Daniel mampu mengejar 11-11 dan kemudian terjadi lagi susul-susulan angka hingga kedudukan berimbang 19-19.
Nomura/Shimogami memasuki match point dengan keunggulan 20-19. Bola pengembalian yang out dari Daniel Marthin memastikan kemenangan Nomura/Shimogami 21-19.
(bay/aff)",68,1549
https://sport.detik.com/sport-lain/d-8646915/kolaborasi-dengan-npc-kemenpora-genjot-pembinaan-atlet-disabilitas,sport,"Kolaborasi dengan NPC, Kemenpora Genjot Pembinaan Atlet Disabilitas","Kamis, 03 Sep 2026 16:15 WIB","Kementerian Pemuda dan Olahraga (Kemenpora) menegaskan komitmennya untuk terus mendukung pembinaan dan peningkatan prestasi atlet disabilitas Indonesia.
Dukungan tersebut dilakukan melalui kerja sama dan koordinasi yang berkelanjutan dengan Komite Paralimpiade Nasional Indonesia (NPC Indonesia), baik dalam persiapan multi-event maupun keikutsertaan pada berbagai kejuaraan internasional.
Deputi Bidang Peningkatan Prestasi Olahraga Kemenpora, Surono, mengatakan bahwa pemerintah selalu memberikan perhatian serius terhadap atlet-atlet disabilitas sebagai bagian penting dari kekuatan olahraga nasional.
""Kemenpora selalu bangga dan memberikan dukungan terhadap atlet-atlet disabilitas Indonesia. Kami juga memiliki kerja sama yang sangat baik dengan NPC Indonesia dalam upaya meningkatkan prestasi olahraga disabilitas nasional,"" ujar Surono dalam keterangan kepada media.
Salah satu bukti keberhasilan sinergi itu pencapaian Kontingen Indonesia pada ASEAN Para Games 2025 di Thailand. Indonesia berhasil meraih 135 medali emas, 143 medali perak, dan 114 medali perunggu, sekaligus menempati peringkat kedua klasemen akhiri, melebih target awal sebanyak 82 medali emas.
""Ini merupakan prestasi yang sangat membanggakan. Target awal kita adalah 82 emas, tetapi atlet-atlet kita mampu memberikan jauh lebih dari yang ditargetkan. Ini menunjukkan bahwa pembinaan yang dilakukan secara bersama-sama antara pemerintah, NPC Indonesia, pelatih, dan seluruh ekosistem olahraga disabilitas memberikan hasil yang nyata,"" sambung Surono.
Surono menegaskan kerja sama Kemenpora dengan NPC Indonesia tidak hanya berlangsung pada level nasional, tetapi juga mencakup koordinasi di daerah dalam mendukung partisipasi Indonesia pada berbagai agenda olahraga disabilitas internasional.
""Kerja sama ini mencakup berbagai agenda, baik ASEAN Para Games, Asian Para Games, maupun agenda olahraga internasional lainnya. Termasuk di dalamnya adalah keikutsertaan atlet tunarungu dalam Deaflympics. Prinsipnya, seluruh program harus kita persiapkan secara terencana agar partisipasi Indonesia memberikan dampak maksimal terhadap prestasi nasional,"" jelasnya.
Khusus terkait pembinaan atlet tunarungu, Surono menjelaskan bahwa pemerintah perlu memastikan seluruh proses pembinaan dan keikutsertaan dalam kompetisi internasional berjalan melalui organisasi yang memiliki legitimasi sesuai dengan ketentuan federasi internasional.
""Di hadapan NPC Indonesia dan ICSD( International Committee of Sports for the Deaf) khusus untuk atlet tuna rungu hanya organisasi Perkumpulan Atlet Tunarungu Indonesia (PATRIN) yang diakui secara internasional dan karenanya hanya PATRIN yang diakui oleh Pemerintah. Karena itu, dalam konteks tata kelola pemerintahan, dukungan dan fasilitasi harus diberikan melalui organisasi yang memiliki legitimasi sesuai dengan ketentuan organisasi olahraga internasional,"" tegas Surono.
Dia menambahkan, setiap kejuaraan internasional yang diikuti atlet bukan sekadar ajang kompetisi, tetapi juga harus ditempatkan sebagai bagian dari strategi pembinaan jangka panjang.
""Setiap kejuaraan dunia yang diikuti pada prinsipnya merupakan bagian dari proses try out dan pengumpulan poin serta peringkat yang diperlukan untuk mengejar kualifikasi menuju Paralimpiade. Karena itu, keikutsertaan dalam sebuah kejuaraan harus dilihat dalam konteks yang lebih besar, yaitu bagaimana kompetisi tersebut berkontribusi terhadap target prestasi Indonesia,"" ujarnya.
Atas dasar itu, Surono menekankan bahwa penentuan kejuaraan single event yang akan diikuti atlet harus melalui konsolidasi dan perencanaan bersama antara NPC Indonesia dan Kemenpora.
Surono juga menegaskan bahwa tata kelola pembinaan olahraga disabilitas harus berjalan berdasarkan aturan dan regulasi organisasi olahraga internasional yang relevan.
""Dengan koordinasi yang baik serta kepatuhan terhadap Statuta International Paralympic Committee atau IPC dan, khusus untuk olahraga tunarungu, ketentuan atau bylaws ICSD, maka pembinaan, penganggaran, dan dukungan pemerintah dapat diarahkan secara lebih efektif, efisien, transparan, dan tepat sasaran,"" tutur Surono.
Dia memastikan pemerintah tidak hanya berbicara mengenai dukungan saat atlet mengikuti kompetisi, tetapi juga membangun ekosistem pembinaan yang berkelanjutan.
""Komitmen Kemenpora bersama NPC Indonesia sangat konsisten. Dukungan pemerintah diberikan mulai dari proses pembinaan, fasilitas latihan, pemusatan latihan, keberangkatan ke kompetisi internasional, sampai penghargaan atas prestasi atlet,"" katanya.
Salah satu bentuk dukungan tersebut adalah pembangunan dan pengembangan Paralympic Training Center Indonesia di Karanganyar, Jawa Tengah, yang menjadi fasilitas penting dalam pembinaan atlet-atlet paralimpiade Indonesia.
Kemenpora juga terus mendorong agar fasilitas tersebut terjaga kualitas dan keberlanjutannya, sehingga disebut sebagai fasilitas terbaik di Asia Tenggara.
Selain dukungan terhadap fasilitas dan pembinaan, pemerintah juga memberikan dukungan pembiayaan untuk keikutsertaan kontingen Indonesia pada ajang internasional, termasuk ASEAN Para Games 2025 dan Asian Para Games 2026.
""Kita juga memberikan dukungan pembiayaan untuk keberangkatan dan keikutsertaan atlet pada multi-event internasional. Pada ASEAN Para Games 2025, pemerintah juga memberikan bonus sebagai bentuk penghargaan atas prestasi atlet. Bonus tersebut disalurkan langsung kepada para penerima , melalui kerja sama dengan Bank Rakyat Indonesia, dan total penghargaan bagi peraih medali mencapai lebih dari Rp350 miliar,"" kata Surono.
(mrp/krs)",67,5554
https://sport.detik.com/sport-lain/d-8646269/jalan-panjang-bilal-hasan-menuju-titel-ufc,sport,Jalan Panjang Bilal Hasan Menuju Titel UFC,"Kamis, 03 Sep 2026 11:50 WIB","Bilal Hasan tampil mengesankan pada debutnya mentas di UFC. Untuk bisa merebut titel, fighter berdarah Indonesia itu punya jalan panjang.
Bilal mentas di UFC akhir pekan lalu. Ia melawan Nilson Rojas pada kelas terbang di UFC Shanghai, dan menang KO pada ronde kedua.
Bilal langsung digadang-gadang jadi bintang UFC berikutnya. Namun sebelum itu, ia harus bisa memenangi duel-duel berikutnya.
Kemenangan atas Rojas belum membuat Bilal masuk ranking 15 besar fighter UFC. Petarung berjuluk The IndoNinja itu menegaskan, akan ada jalan panjang untuk bisa merebut titel.
Bilal memprediksi, dirinya butuh tujuh pertarungan untuk bisa bersaing meraih sabuk juara. Ia harus melawan beberapa fighter di luar ranking lebih dulu.
""Mungkin saya ingin bertarung melawan dua atau tiga petarung di luar peringkat 15 besar, kemudian saya ingin tiga pertarungan melawan peringkat 15 besar, dengan yang keempat akan jadi perebutan gelar,"" kata Bilal Hasan dalam interview di chanel Youtube Jaiden Cable.
""Jadi mungkin itu, (butuh) tujuh pertarungan,"" katanya.
Saat ini sabuk kelas terbang dipegang Joshua Van. Bilal ditanya kapan kira-kira ia bisa mengejar The Fearless?
""Saya tak tahu. Dia (Van) harus mengalahkan Alexander Pantoja (ranking pertama UFC) dulu, dan Pantoja itu lawan yang tangguh. Jadi, mungkin sekitar satu setengah tahun lagi,"" kata Bilal Hasan menargetkan.
(yna/rin)",42,1369
https://sport.detik.com/raket/d-8646249/hasil-china-masters-2026-jojo-terhenti-di-babak-kedua,sport,Hasil China Masters 2026: Jojo Terhenti di Babak Kedua,"Kamis, 03 Sep 2026 10:46 WIB","Tunggal putra Indonesia, Jonatan Christie, menelan kekalahan di ajang China Masters. Pada babak kedua, Jojo dikalahkan Jason Gunawan 16-21 dan 16-21.
Di Arena Shenzhen, Shenzhen, Kamis (3/9/2026) pagi WIB, Jojo menjalani pertandingan selama 45 menit melawan Jason. Pertarungan gim pertama berjalan sengit dan imbang sampai 14-14.
Setelah itu, Jason tak terkejar. Pemain asal Hong Kong itu akhirnya menyudahi perjuangan Jojo dengan skor 21-16.
Pada gim kedua, Jojo juga menjalani pertarungan sengit melawan Jason. Skor imbang antara Jojo dan Jason bertahan sampai 13-13. Saat fase krusial, Jason kembali tampil lebih prima untuk merebut kemenangan 21-16.
Dengan hasil ini, wakil Indonesia di nomor tunggal putra China Masters pun habis. Indonesia masih mempunyai beberapa wakil di nomor ganda putra.
Sabar Karyaman Gutama/Muhammad Reza Pahlevi Isfahani, Ali Faathir Rayhan/Devin Artha Wahyudi, dan Leo Rolly Carnando/Daniel Marthin merupakan deretan pemain Indonesia yang masih berjuang.
(cas/krs)",54,996
https://sport.detik.com/sportstyle/d-8645952/spesialnya-jakarta-international-10k-tahun-ini,sport,Spesialnya Jakarta International 10K Tahun Ini,"Kamis, 03 Sep 2026 02:50 WIB","Jakarta International 10K akan memasuki edisi ke-15 tahun ini. Spesialnya adalah event ini digelar bersamaan dengan perayaan Hari Olahraga Nasional.
Setelah sukses rangkaian Milo Activ Indonesia Race 2026 di Yogyakarta, Medan, Bandung, dan Surabaya yang diikuti lebih dari 25.000 peserta, maka akan digelar acara puncak berupa ajang lari Jakarta International 10K, Minggu (13/9).
Diselenggarakan di Gelora Bung Karno, Jakarta, Minggu, (13/9), ajang lari ini akan diikuti sekitar 25.000 peserta yang akan berpartisipasi dalam empat kategori, yaitu 10K Open, 10K Closed, 5K, dan Family Run 2,5K. Untuk edisi kali ini akan bertepatan dengan perayaan Haornas yang jatuh pada 9 September.
Menteri Pemuda dan Olahraga Republik Indonesia Erick Thohir mengapresiasi Nestle Milo yang terus berkomitmen menggelar ajang Jakarta 10K ini. Sebab ini jadi wujud nyata perusahaan itu dalam upaya menyehatkan kehidupan bangsa lewat ekosistem olahraga.
""Mewujudkan masyarakat Indonesia yang lebih sehat dan aktif melalui olahraga memerlukan kolaborasi yang kuat dari berbagai pihak. Apresiasi kami atas komitmen Nestle Milo yang secara konsisten menghadirkan program dan kegiatan yang mendukung partisipasi masyarakat dalam olahraga, termasuk melalui Milo Activ Indonesia Race 2026 Jakarta International 10K. Inisiatif ini sejalan dengan upaya bersama untuk membudayakan olahraga di tengah masyarakat. Ke depan, kami berharap sinergi antara pemerintah, sektor swasta, komunitas, dan masyarakat dapat terus diperkuat untuk membangun ekosistem olahraga yang semakin inklusif, berkelanjutan, dan berdampak positif bagi Indonesia,"" ujar Erick dalam rilis kepada detikSport.
Sebagai Brand yang berkomitmen mendorong gaya hidup aktif, Nestle Milo menyadari pentingnya peran olahraga dalam membantu masyarakat menjaga kesehatan sekaligus membangun nilai-nilai karakter positif dalam kehidupan.
""Setelah sukses menyelenggarakan rangkaian MILO ACTIV Indonesia Race 2026 di empat kota, kami sangat antusias membawa semangat ini ke Ibu Kota melalui MILO ACTIV Indonesia Race 2026 Jakarta International 10K. Kami berharap ajang ini dapat menginspirasi masyarakat dari berbagai usia dan latar belakang untuk terus aktif, menikmati olahraga, serta membawa semangat #EnergiTanpaBatas ke dalam kehidupan sehari-hari,"" ujar Marketing Manager Beverages & Confectionery Business Unit PT Nestle Indonesia Alaa Shaaban.
Seperti biasa Jakarta International 10K menghadirkan kategori 10K Open yang terbuka bagi pelari Indonesia maupun peserta dari berbagai negara di dunia. Kehadiran peserta internasional menegaskan komitmen dalam menghadirkan wadah olahraga yang inklusif, yang mempertemukan masyarakat melalui semangat yang sama terhadap olahraga lari dan gaya hidup aktif.
Melalui Jakarta International 10K, Nestle Milo ingin mendorong partisipasi masyarakat yang lebih luas dalam olahraga sekaligus berkontribusi dalam memperkuat posisi Jakarta sebagai salah satu destinasi yang dinamis bagi penyelenggaraan ajang olahraga internasional.
""Bagi saya, lari bukan hanya tentang jarak atau kecepatan, tetapi juga tentang konsistensi, keberanian untuk menantang diri sendiri, dan komunitas yang saling mendukung. Milo Activ Indonesia Race 2026 Jakarta International 10K menjadi kesempatan yang menarik karena mempertemukan pelari dengan berbagai latar belakang, termasuk pelari internasional. Saya berharap semakin banyak masyarakat yang terinspirasi untuk mulai berlari dan menjadikan olahraga sebagai bagian dari gaya hidup mereka,"" papar penggiat olahraga lari Shanada Jzen.
Untuk tahun ini, Kementerian Pemuda dan Olahraga (Kemenpora) dan Nestle Milo berkolaborasi mendukung Indonesia Sports Summit (ISS) 2026, sebuah wadah olahraga berskala nasional yang mempertemukan para pemangku kepentingan olahraga untuk memperkuat kolaborasi dan mendorong kemajuan ekosistem olahraga di Indonesia.
Race Pack Collection (RPC) Jakarta 10K akan diselenggarakan selama ISS 2026, yang bertujuan membangun antusiasme dan mempererat koneksi antara pelari, komunitas olahraga, serta pemangku kepentingan menjelang hari perlombaan.
(mrp/ran)",46,4086
https://sport.detik.com/raket/d-8645946/mens-world-tennis-championship-rafalentino-dan-anthony-ke-babak-kedua,sport,Men's World Tennis Championship: Rafalentino dan Anthony ke Babak Kedua,"Kamis, 03 Sep 2026 01:50 WIB","Dua petenis Indonesia menyusul Nathan Barki lolos ke Babak Kedua Seri IV M-15 Men's World Tennis Championship, Rafalentino Da Costa dan Anthony Susanto.
Pada pertandingan Babak Pertama di Lapangan A, Bali Beach Country Club, Nusa Dua, Rabu (2/9/2026) , Rafalentino menghadapi Shanker Heisnam asal India.
Meski sempat tertinggal jauh 1-5 di set pertama, Rafalentino tidak goyah dan malah bisa menyamakan skor 5-5, sebelum akhirnya menang dengan skor 7-5.
Keberhasilan comeback di set pertama bikin Rafalentino terpacu semangatnya dan bisa menang mudah di set kedua dengan skor 6-0 dalam waktu 1 jam 14 menit. Rafalentino mengaku kaget dengan pola permainan lawannya di set pertama.
Dia sempat tertekan dengan gaya lawannya sebelum bisa menemukan celah untuk melakukan serangan balik.
""Saya kaget melihat lawan yang agresif, sehingga tertekan dan banyak melakukan kesalahan sendiri. Namun saat mampu meredam serangan-serangan dan mulai dapat mengejar defisit poin, lalu menyamakan skor 5-5, saya makin termotivasi dan percaya diri untuk memenangi pertandingan,"" ujar Rafalentino dalam rilis kepada detikSport.
Satu lagi petenis Indonesia yang lolos adalah Anthony Susanto usai mengalahkan Hitesh Chauhan dua set langsung 6-5 dan 6-1. Sayangnya, Anthony harus menghadapi Nathan Barki untuk berebut tiket perempatfinal, Kamis (3/9).
Petenis Indonesia yang gagal lolos adalah Gunawan Trismuwantara. Petenis jalur kualifikasi ini harus kalah dari Karan Singh yang merupakan unggulan keempat, dengan dua set langsung 3-6 dan 5-7.
Sempat kalah 3-6 di set pertama, Gunawan sebenarnya memberikan perlawan keras hingga skor imbang 5-5 di set kedua.
Namun dengan ketenangan dan juga pengalaman dari Karan yang berusia 23 tahun itu berhasil mematahkan servis dari Gunawan pada gim ke-12, untuk menutup laga dengan skor akhir 7-5.
(mrp/ran)",71,1826
https://sport.detik.com/g-sport/d-8645920/atlet-bukan-satu-satunya-kunci-kemajuan-olahraga-nasional,sport,Atlet Bukan Satu-Satunya Kunci Kemajuan Olahraga Nasional,"Kamis, 03 Sep 2026 00:30 WIB","Kemajuan olahraga suatu negara bukan cuma soal kemampuan Atlet, namun banyak fakto yang mempengaruhi.
Sistem pembinaan, sport science, infrastruktur, kompetisi, tata kelola, hingga kebijakan yang berkelanjutan turut menjadi faktor penting. Persoalan tersebut akan menjadi salah satu bahasan dalam bedah buku 'Membangun Otot di Negeri Kertas' karya Sadik Algadri yang digelar di Gedung Serbaguna GBK, Jakarta, Sabtu (5/9/2026).
Forum tersebut mempertemukan sejumlah tokoh dari latar belakang berbeda, mulai dari akademisi, wartawan senior olahraga, hingga praktisi dan insan olahraga. Akademisi sekaligus filsuf Rocky Gerung bakal turut membedah isi buku tersebut.
""Olahraga Indonesia tidak cukup hanya memiliki atlet-atlet berbakat. Kita membutuhkan ekosistem olahraga yang kuat, profesional, berbasis ilmu pengetahuan, dan berkelanjutan,"" kata Sadik.
""Saya percaya, prestasi internasional tidak lahir hanya dari atlet yang hebat. Prestasi membutuhkan ekosistem yang kuat,"" sambungnya.
Melalui buku Membangun Otot di Negeri Kertas, Sadik- mantan atlet judo nasional Indonesia - mencoba membongkar berbagai persoalan yang selama ini membelenggu olahraga Indonesia.
""Saya ingin melihat atlet-atlet Indonesia berdiri sejajar dengan atlet terbaik dunia. Bukan sebagai pelengkap kompetisi. Bukan sekadar penggembira. Tetapi sebagai kekuatan yang diperhitungkan,"" tandasnya.
Rocky merasa Indonesia punya banyak masalah dalam memajukan olahraga. Dia merasa buku ini bisa menjadi rujukan dalam mengelola olahraga.
""Indonesia menumpuk regulasi, menerbitkan undang-undang, serta memproduksi jargon-jargon teknokratis yang megah-mulai dari sport science, long-term athlete development, hingga produk mutakhir berupa Desain Besar Olahraga Nasional (DBON),"" kata Rocky.
""Buku Membangun Otot di Negeri Kertas, bukan sekadar gagasan brilian, tapi juga solusi untuk meningkatkan prestasi olahraga nasional Indonesia,"" pungkasnya.
(ran/yna)",57,1923
https://sport.detik.com/moto-gp/d-8645850/agar-motogp-indonesia-2026-sukses-di-dalam-dan-luar-lintasan,sport,Agar MotoGP Indonesia 2026 Sukses di Dalam dan Luar Lintasan,"Rabu, 02 Sep 2026 22:15 WIB","MotoGP Indonesia 2026 akan digelar awal Oktober. Persiapan pun sudah dilakukan sejak dini agar event bisa berjalan sukses di dalam maupun luar lintasan.
Untuk MotoGP 2026, balapan digelar 9-11 Oktober di di Sirkuit Mandalika, Lombok Tengah, NTB. Mengingat Mandalika adalah seri ke-17 dari 22 balapan musim ini, maka persaingan diprediksi makin ketat di sana.
Oleh karenanya, Indonesia sebagai tuan rumah tidak boleh main-main dalam mempersiapkan banyak hal, baik di dalam maupun luar lintasan. Untuk itulah InJourney Tourism Development Center (ITDC) sebagai panitia lokal akan melakukan kolaborasi pihak swasta dan BUMN.
Panitia akan mengatur sejumlah aspek krusial, mencakup akomodasi, transportasi, konektivitas, hingga logistik. Menurut ITDC, isu akomodasi dan transportasi yang selama ini disorot publik telah diantisipasi melalui skema terintegrasi yang disusun bersama para mitra seperti bank, travel agent, dan berbagai partner strategis lainnya.
Salah satunya, ITDC bersama Mandalika Grand Prix Association (MGPA) menyiapkan paket yang menghubungkan tiket balapan dengan komponen perjalanan.
""Kalau pertanyaan kita kesulitan akomodasi, kesulitan transportasi rasanya akan terjawab dengan yang ditandatangani pada sore hari ini,"" ujar Direktur Utama ITDC Troy Warokka dalam rilis kepada detikSport.
Skema tersebut meliputi akomodasi, transportasi udara dan laut, layanan airport hospitality, serta travel package. Kerjasama nantinya mencakup penanganan kargo yang dianggap sebagai elemen penting dalam operasional gelaran.
Aktivitas cargo handling akan mulai bergerak sekitar dua minggu sebelum MotoGP Indonesia 2026 untuk memastikan kebutuhan logistik berjalan baik, terutama motor dan perlengkapan tim balap MotoGP.
Bagi Troy, MotoGP bukan sekadar olahraga tapi juga bisnis. Itulah mengapa MotoGP sangat penting mendorong pariwisata dan perekonomian dengan meningkatkan kunjungan wisatawan, memperpanjang length of stay, serta mengungkit tourism spending.
Menurut Troy, penyelenggaraan MotoGP 2025 menghasilkan dampak ekonomi sebesar Rp 4,9 triliun. Efeknya tidak hanya dirasakan di Mandalika, tetapi juga menjalar ke sejumlah daerah lain di Indonesia.
Troy berharap pola kolaborasi yang dibangun untuk MotoGP Mandalika dapat berlanjut dalam jangka panjang. Troy menilai dukungan pemerintah, BUMN, sektor swasta, dan masyarakat menjadi faktor penting agar MotoGP terus digelar di Indonesia serta memberikan dampak ekonomi yang lebih besar.
""Dengan membangun ekosistem yang terintegrasi, kami ingin memastikan dampak MotoGP Indonesia tidak berhenti di sirkuit, tetapi mampu mendorong pergerakan wisatawan, memperpanjang lama tinggal, meningkatkan belanja wisatawan, serta memberikan manfaat yang lebih luas bagi industri pariwisata dan masyarakat di Lombok,"" sambungnya.
Bagi masyarakat yang ingin menyaksikan langsung balapan di Mandalika, Presale 2 masih berlangsung hingga 16 September, dengan potongan harga hingga 20% untuk kategori Grandstand dan 10% untuk kategori VIP Hospitality. Berikut harga tiket untuk menonton MotoGP Indonesia 2026:
- Regular Grandstand (Zona E, G, H, I): Rp 320.000
- Premium Grandstand Zona A: Rp 1.400.000
- Premium Grandstand Zona B, C, J, K: Rp 720.000
- VIP Hospitality - Deluxe Class: Rp 13.500.000
- VIP Hospitality - Luxury Tent T1: Rp 6.975.000
(mrp/nds)",60,3304
https://sport.detik.com/moto-gp/d-8645527/motogp-2026-aprilia-kian-termotivasi-kalahkan-marc-marquez,sport,MotoGP 2026: Aprilia Kian Termotivasi Kalahkan Marc Marquez,"Rabu, 02 Sep 2026 18:10 WIB","Rider Ducati, Marc Marquez, mendominasi MotoGP Aragon 2026. Aprilia pun makin termotivasi bisa mengalahkan Baby Alien dalam perburuan gelar juara dunia.
Marc Marquez memenangi sprint race dan main race MotoGP Aragon pada akhir pekan lalu. Oleh sebab itu, pebalap 33 tahun itu bisa menembus posisi kedua klasemen MotoGP.
Dengan raihan 237 poin, Marc Marquez kini tinggal berjarak 19 angka dari jagoan Aprilia, Jorge Martin. Raihan angka Marc Marquez melewati Marco Bezzecchi dan kini unggul lima poin.
Bos Aprilia, Massimo Rivola, mengakui bahwa Marc Marquez masih menjadi rider terkuat di MotoGP. Oleh karena itu, Aprilia makin bersemangat mengalahkan Marc Marquez pada sisa musim ini.
""Memang benar kami telah melakukan langkah-langkah yang tepat, terutama untuk masa depan, tetapi itu saja tidak cukup: kami ada di sini dan kami harus berjuang hingga balapan terakhir melawan pesaing seperti Marquez, yang merupakan salah satu pebalap terkuat dalam sejarah. Mendapat kehormatan untuk bisa mencoba mengalahkannya adalah hal yang luar biasa dan menjadi motivasi yang sangat besar. Kami tidak akan menyerah sampai akhir,"" kata Rivola di GP One.
""Ada banyak hal yang bisa dipelajari dari Marc. Ketika dia tampak kesulitan, dia bisa menang tanpa mengambil risiko, karena dia tahu bahwa konsistensi adalah hal terpenting dari sekarang hingga akhir tahun. Dan ketika saatnya membawa pulang kemenangan, karena dia tahu dia yang terkuat, dia akan melakukannya. Kami harus belajar dari sikapnya,"" kata dia menambahkan.
MotoGP 2026 akan lanjut lagi pada 13 September 2026. Balapan MotoGP San Marino yang akan digelar.
(cas/aff)",59,1618
https://sport.detik.com/raket/d-8645423/hasil-china-masters-2026-sabar-reza-menang-dua-gim-langsung,sport,Hasil China Masters 2026: Sabar/Reza Menang Dua Gim Langsung,"Rabu, 02 Sep 2026 16:53 WIB","Sabar Karyaman Gutama/Moh Reza Pahlevi Isfahani lolos ke babak 16 besar China Masters 2026. Mereka menyingkirkan wakil Korea, Kang Min Hyuk/Ki Dong Ju, lewat kemenangan straight game.
Sabar/Reza menghadapi Kang/Ki di Shenzhen Arena, Guangdong, Rabu (2/9/2026) sore WIB. Mereka butuh waktu 43 menit untuk menyudahi perlawanan Kang/Ki 21-18, 21-16.
Pertandingan berjalan ketat sejak awal gim pertama. Sabar/Reza hanya unggul 11-10 atas Kang/Ki saat interval.
Selepas interval, Kang/Ki berbalik unggul dan Sabar/Reza lebih banyak dalam posisi mengejar. Dalam posisi tertinggal 14-16, Sabar/Reza merebut tiga angka beruntun untuk menyalip.
Meski Kang/Ki bisa menyamakan kedudukan 18-18, Sabar/Reza lebih tenang di poin-poin krusial. Mereka merebut tiga angka beruntun untuk mengamankan gim pertama 21-18.
Sabar/Reza tampil lebih dominan pada gim kedua. Unggul 13-6, Sabar/Reza tak membiarkan Kang/Ki mengembangkan permainan.
Sabar/Reza terus menjaga keunggulan dan mengunci kemenangan dengan skor 21-16. Pada babak 16 besar, Sabar/Reza akan menghadapi wakil Denmark Daniel Lundgaard/Mads Vestegaard.
(nds/aff)",60,1105
https://sport.detik.com/moto-gp/d-8644946/francesco-bagnaia-di-titik-terendah,sport,Francesco Bagnaia di Titik Terendah,"Rabu, 02 Sep 2026 13:30 WIB","Francesco Bagnaia akui sedang ada di titik terendah dalam kariernya. Banyak jatuh di MotoGP 2026 dan sulit bersaing di papan atas.
Teranyar, Francesco Bagnaia jatuh di MotoGP Aragon 2026. Di sesi sprint race, dirinya cuma finis ke-11.
Bagnaia sudah jatuh tiga kali dalam empat balapan di sesi utama. Bagnaia sementara duduk di peringkat kedelapan klasemen MotoGP 2026 dengan 143 poin, naik podium empat kali tapi belum menangi balapan utama.
""Sulit untuk menerimanya, sekarang salah satu titik terendah dalam karier saya,"" ujar Francesco Bagnaia dilansir dari Sky Italia.
""Saya bisa melihat dengan jelas dari data maupun apa yang saya rasakan, bahwa saya tidak benar-benar mengendalikan motor,"" sambungnya.
""Saya justru seperti hanya 'dibawa' oleh motor tersebut. Sebab, saat saya mencoba melakukan manuver lebih agresif, saya malah terjatuh. Bahkan saat melaju pelan pun, saya tetap saja terjatuh,"" cetusnya.
Francesco Bagnaia masih mau berjuang untuk menutup musim MotoGP 2026 dengan manis. Musim ini adalah musim terakhir dengan Ducati, musim depan pindah ke Aprilia.
""Untungnya datanya tersedia, saya juga memiliki kesadaran akan kemampuan saya sendiri. Saat saya melihat data-data dari rider Ducati lain, itu sebenarnya adalah hal-hal yang bisa saya lakukan dengan mudah beberapa tahun lalu,"" paparnya.
""Jadi jelas, kemampuan saya belum hilang. Saya hanya belum bisa tampil sesuai harapan,"" tutup Pecco.
Lihat juga Video: Crash Bagnaia-Ogura Warnai Kemenangan Fernandez di Silverstone",35,1489
https://sport.detik.com/raket/d-8644579/ini-dia-20-pebulutangkis-indonesia-di-asian-games-2026,sport,Ini Dia 20 Pebulutangkis Indonesia di Asian Games 2026,"Rabu, 02 Sep 2026 10:31 WIB","Persatuan Bulutangkis Indonesia (PBSI) baru saja mengumumkan daftar 20 pemain yang dibawa ke Asian Games 2026. Jonatan Christie salah satunya.
Dari daftar 20 nama itu dibagi rata, yakni 10 pebulutangkis putra dan 10 pebulutangkis putri. Keputusan ini diambil setelah melalui evaluasi yang mendalam selama beberapa bulan.
Beberapa aspek yang dinilai adalah performa terkini, kondisi fisik, hingga kebutuhan teknis tim, sebelum nama-nama pemain dipilih.
""Penetapan skuad itu dilakukan setelah melalui proses evaluasi secara menyeluruh. Kami melihat performa, kondisi fisik dan teknis masing-masing pemain, serta kebutuhan tim untuk menentukan komposisi yang paling sesuai dengan target di Asian Games,"" ujar Kepala Bidang Pembinaan dan Prestasi PBSI, Eng Hian, dalam keterangan resminya.
Meski membawa 20 nama ke Asian Games Aichi-Nagoya 2026, ada beberapa nama yang memang tidak akan tampil di nomor perorangan. Mereka lebih difokuskan untuk menambah kedalaman skuad di nomor beregu.
Di nomor perorangan, Jonatan Christie dan Alwi Farhan akan menjadi tumpuan. Sementara di nomor beregu, Moh Zaki Ubaidillah dan Muhamad Yusuf jad tumpuan.
Hal serupa dilakukan untuk tim putri, baik di sektor perorangan maupun beregu. Asian Games 2026 berlangsung 19 September hingga 4 Oktober, di mana cabor bulutangkis dimulai sehari setelah upacara pembukaan.
Nomor beregu lebih dulu dipertandingkan mulai 20 hingga 24 September, sebelum nomor perorangan dari 25 hingga 29 September. Cabor bulutangkis digelar di Ichinomiya City Municipal Gymnasium.
""Jadi, fokus utama kami adalah nomor beregu terlebih dahulu. Kami ingin seluruh pemain bisa tampil maksimal dan memberikan kontribusi terbaik untuk tim putra maupun putri,"" sambung Eng Hian.
Daftar Pebulutangkis putra
Jonatan Christie
Alwi Farhan
Moh Zaki Ubaidillah
Muhamad Yusuf
Fajar Alfian
Muhammad Shohibul Fikri
Leo Rolly Carnando
Daniel Marthin
Nikolaus Joaquin
Amri Syahnawi
Daftar Pebulutangkis putri
Putri Kusuma Wardani
Thalita Ramadhani Wiryawan
Ni Kadek Dhinda Amartya Pratiwi
Mutiara Ayu Puspitasari
Rachel Allessya Rose
Febi Setianingrum
Febriana Dwipuji Kusuma
Meilysa Trias Puspitasari
Siti Fadia Silva Ramadhanti
Nita Violina Marwah
(mrp/aff)",54,2194
https://sport.detik.com/sport-lain/d-8644322/ketum-koni-pusat-sambut-positif-kejuaraan-pacu-kuda-di-aceh,sport,Ketum KONI Pusat Sambut Positif Kejuaraan Pacu Kuda di Aceh,"Rabu, 02 Sep 2026 02:44 WIB","Ketua Umum Komite Olahraga Nasional Indonesia (KONI) Pusat Letjen TNI Purn Marciano Norman menyaksikan pertandingan Pacuan Kuda di Lapangan Haji Muhammad Hasan Gayo Blang Bebangka, Aceh Tengah.
Kejuaraan Pacuan Kuda HUT RI ke-81 diselenggarakan oleh Konfederasi Nasional Persatuan Olahraga Berkuda Seluruh Indonesia (KN Pordasi). Kegiatan ini berkolaborasi dengan Pengurus Pusat FN Pordasi Pacu dan juga Pengurus Provinsi FN Pordasi Pacu Aceh.
Para atlet bertanding sejak tanggal 24 hingga 30 Agustus 2026. Partisipan kejuaraan dari Kabupaten Aceh Tengah, Kabupaten Bener Meriah dan Kabupaten Gayo Lues.
""Ini merupakan satu prestasi yang bagus setelah Pekan Olahraga Nasional (PON) XXI 2024, ada kejuaraan di sini. Mari kita rawat bersama, kita lahirkan atlet-atlet olahraga berkuda dari Aceh, supaya kelak bisa mewakili Indonesia pada event-event internasional yang lebih besar lagi,"" kata Marciano.
Marciano menilai kejuaraan Pacu Kuda kali ini membawa beragam dampak positif, baik pembinaan atlet berkuda Pacu, pemanfaatan fasilitas venue warisan PON, perekonomian masyarakat dan juga hiburan masyarakat atauTrauma Healingatas kondisi bencana yang telah dihadapi.
""Pertama, ajang ini melanjutkan tradisi Pacu Kuda yang begitu melekat dengan budaya masyarakat Aceh, sekaligus menjadi sarana pembinaan berkesinambungan bagi atlet-atlet berkuda pacu dalam menyongsong Pekan Olahraga Nasional (PON) XXII/2028 di Sumba, Nusa Tenggara Timur,"" ujar Marciano.
Selain sebagai wadah pembinaan, Marciano juga menyoroti pemanfaatan sarana dan prasarana pasca-PON. Lapangan H.M. Hasan Gayo Belang Bebangka yang sebelumnya digunakan pada PON XXI/2024 Aceh-Sumut, dinilainya sebagai salah satu arena Pacu Kuda terbaik di Indonesia dengan animo masyarakat yang sangat luar biasa. Hal ini membuktikan bahwa venue peninggalan PON memberikan manfaat berkelanjutan bagi daerah.
""Kehadiran saya mewakili keluarga besar KONI Pusat-yang menaungi 38 KONI Provinsi, 514 KONI Kabupaten/Kota, 82 Induk Cabang Olahraga, serta organisasi fungsional-merupakan bukti bahwa kami selalu hadir dan bergandengan tangan untuk bangkit bersama masyarakat Aceh dalam mewujudkan Indonesia yang berdaulat, adil, dan makmur sebagaimana tema HUT ke-81 RI,"" tegasnya.
Marciano menyampaikan rasa bangga dan penghormatan setinggi-tingginya kepada pemerintah daerah serta seluruh masyarakat Aceh, khususnya Kabupaten Aceh Tengah. Ia mengajak seluruh pemangku kepentingan untuk terus memajukan olahraga nasional.
""Mari kita bekerja keras untuk olahraga Indonesia, karena bicara olahraga adalah bicara Merah Putih. Jangan pernah lelah berkarya untuk Indonesia,"" tutup Marciano.
(ran/yna)",59,2641
https://sport.detik.com/sport-lain/d-8644288/pordasi-akan-optimalkan-lapangan-h-m-hasan-gayo-untuk-olahraga-berkuda,sport,Pordasi Akan Optimalkan Lapangan H.M. Hasan Gayo untuk Olahraga Berkuda,"Selasa, 01 Sep 2026 23:45 WIB","Konfederasi Nasional Persatuan Olahraga Berkuda Seluruh Indonesia (KN Pordasi) mendapat dukungan dari Pemerintah Kabupaten Aceh Tengah. Pordasi diberikan kesempatan memanfaatkan Lapangan Pacu Kuda H.M. Hasan Gayo sebagai salah satu pusat kegiatan olahraga berkuda, khususnya Pacu yang telah membudaya dan juga Berkuda Memanah (IHAAF/Indonesian Horseback Archery Federation) yang potensinya besar.
Dukungan tersebut disampaikan Bupati Aceh Tengah Drs. Haili Yoga ketika menjamu Ketua Presidium Konfederasi Nasional Pordasi Triwatty Marciano, Ketum KONI Pusat Letjen TNI Purn Marciano Norman, Ketum KONI Aceh Pon Yaya, Waketum II PP FN Pordasi Pacu Andi Fauzan dan beberapa tokoh olahraga di Aceh. Jamuan makan malam digelar di pendopo Bupati Aceh Tengah pada malam tanggal 29 Agustus 2026.
Pada jamuan makan malam tersebut, membahas pengembangan dan pemanfaatan Lapangan Pacuan Kuda H.M. Hasan Gayo. Pengembangan Lapangan Pacu Kuda H.M. Hasan Gayo yang merupakan venue warisan Pekan Olahraga Nasional (PON) XXI/2024 Aceh-Sumut, dapat mendorong pengembangan Sport Industry dan Sports Tourism di daerah tersebut sehingga memberikan dampak positif terhadap perekonomian masyarakat.
""Dengan adanya pertandingan olahraga berkuda secara rutin di Lapangan Pacuan Kuda H.M. Hasan Gayo, kami berharap tumbuh Sport Industry dan Sports Tourism yang dapat menggerakkan perekonomian serta meningkatkan kesejahteraan masyarakat Kabupaten Aceh Tengah,"" kata Ketua Presidium Konfederasi Nasional Pordasi, Triwatty.
Menurutnya, manfaat tersebut terutama dapat dirasakan oleh para peternak kuda dan pelaku UMKM yang berada di sekitar kawasan kegiatan olahraga. Tentunya potensi besar Lapangan H.M. Hasan Gayo dapat dikembangkan tidak hanya sebagai venue pacuan kuda, tetapi juga sebagai lapangan berkuda memanah berstandar internasional.
""Secara teknis, fasilitas venue H.M. Hasan Gayo yang telah berstandar nasional dapat dikembangkan sebagai lapangan berkuda memanah berstandar internasional. Dengan demikian, penggunaannya akan semakin produktif dan manfaatnya semakin luas,"" kata Triwatty.
Pengembangan tersebut diharapkan dapat memperkuat ekosistem olahraga berkuda di Aceh Tengah, baik untuk Pacu Kuda maupun berkuda memanah yang erat kaitannya dengan olahraga Sunnah dalam Islam. Selain menjadi tempat penyelenggaraan pertandingan, keberadaan venue yang aktif juga diharapkan dapat mendukung pembinaan atlet, komunitas olahraga berkuda, peternak kuda, serta berbagai sektor ekonomi masyarakat.
(ran/yna)",71,2491
https://sport.detik.com/sportstyle/d-8644207/mangkuluhur-cup-ketika-golf-bukan-lagi-sekadar-olahraga,sport,Mangkuluhur Cup: Ketika Golf Bukan Lagi Sekadar Olahraga,"Selasa, 01 Sep 2026 23:15 WIB","Golf memang jadi salah satu olahraga papan atas dunia. Tapi bukan sekadar adu kemampuan, golf bisa merambah ke banyak sektor termasuk bisnis.
Bagi sebagian orang golf memang bukan cuma mencari keringat dan prestasi, tapi juga sarana strategis untuk membangun jaringan bisnis, melatih mental, dan menjaga kesehatan.
Itulah mengapa banyak turnamen golf digelar di Indonesia tidak cuma untuk atlet, tapi juga para para pemain amatir dan penikmat. Salah satunya yang baru dilakukan oleh Inventra, platform trading forex dan CFD berlisensi Bappebti (Badan Pengawas Perdagangan Berjangka Komoditi).
Untuk memperkuat engagement di luar jaringan, Inventra menjadi sponsor Mangkuluhur Cup 2026, turnamen golf yang diikuti oleh 400 peserta dari berbagai wilayah Indonesia di New Kuta Golf, Bali, 21-22 Agustus lalu.
Pesertanya sebagian besar adalah para pebisnis, sehingga menjadikan turnamen ini sekaligus salah satu turnamen golf komunitas dengan jumlah peserta terbesar yang digelar di New Kuta Golf sepanjang 2026.
Golf dipilih bukan tanpa alasan. Sebagai olahraga yang identik dengan kalangan pebisnis dan profesional, golf menjadi titik temu alami antara komunitas olahraga dan komunitas bisnis - ruang yang relevan bagi Invetra untuk memperkenalkan diri kepada calon trader dan mitra baru di luar kanal digitalnya.
Selama dua hari turnamen, Invetra hadir bukan sekadar lewat logo di banner. Perusahaan membuka booth interaktif untuk memperkenalkan dan mengedukasi peserta seputar aplikasi trading Invetra, dilengkapi merchandise eksklusif bagi pengunjung booth.
Sebagai nilai tambah bagi peserta yang tertarik memulai perjalanan trading-nya, Invetra turut menghadirkan promo pendaftaran senilai 500 dolar AS khusus untuk peserta turnamen - menjadikan partisipasi di Mangkuluhur Cup sebagai pintu masuk langsung bagi calon trader baru untuk mengenal platform Invetra.
""Melalui Tournament Golf Mangkuluhur Cup 2026, kami melihat kesempatan untuk memperkenalkan Invetra kepada lebih banyak kalangan, termasuk para profesional yang hadir dari berbagai latar belakang. Bagi kami, ajang seperti ini menjadi cara yang efektif untuk membangun koneksi secara langsung dengan calon trader dan mitra bisnis, sekaligus melengkapi kehadiran kami di kanal digital,"" ujar Jufri Ramadhan Sinurat selaku Direktur PT Invetra Teknologi Berjangka dalam rilis kepada detikSport.
Darma Mangkuluhur Hutomo selaku Komisaris Utama PT Intra GolfLink Resorts turut mengapresiasi keterlibatan Invetra sebagai sponsor utama tahun ini.
""Kehadiran Invetra sebagai sponsor utama memberikan dimensi baru bagi turnamen, khususnya dalam mempertemukan komunitas olahraga dengan komunitas profesional dan bisnis. Partisipasi sekitar 400 peserta pada tahun ini menunjukkan besarnya antusiasme masyarakat, dan kami berharap kolaborasi seperti ini dapat terus memberikan nilai positif bagi perkembangan komunitas dan industri di Indonesia,"" kata Darma.
Ke depannya event serupa Mangkuluhur Cup berpotensi digelar lagi karena tidak cuma jadi ajang untuk adu kemahiran bermain golf, tapi juga membangun relasi bisnis.
(mrp/ran)",56,3082
https://sport.detik.com/raket/d-8644222/mens-world-tennis-championship-nathan-barki-lolos-ke-babak-kedua,sport,Men's World Tennis Championship: Nathan Barki Lolos ke Babak Kedua,"Selasa, 01 Sep 2026 22:16 WIB","Babak utama Seri IV M-15 Men's World Tennis Championship 2026 sudah bergulir. Petenis tuan rumah Nathan Barki lolos ke Babak Kedua.
Pada laga perdana di Lapangan D, Bali Beach Country Club, Nusa Dua, Selasa (1/9/2026), Nathan secara mengejutkan mengalahkan lawannya yang merupakan unggulan kedelapan asal Spanyol, Pablo Perez Ramos, lewat pertarungan tiga set selama 2 jam 14 menit.
Mengawali laga dengan mantap, Nathan menang 6-2 di set pertama. Namun, Ramos yang berperingkat 984 ATP ini berhasil bangkit dari keterpurukannya untuk merebut set kedua dengan kemenangan 6-2.
Sempat tertinggal 2-4 di set ketiga, Nathan tidak patah arang dan malah berhasil membalikkan keadaan. Ramos kesulitan untuk menghadapi tekanan Nathan sebelum akhirnya kalah 4-6.
""Pertandingan pertama memang selalu tidak mudah. Meski unggul di set pertama, lawan ternyata mampu merespon dengan baik di set kedua, bahkan saya sempat tertinggal di set ketiga. Tapi, persiapan matang yang saya lakukan sebelum turnamen jadi kunci kemenangan,"" ujar Nathan dalam rilis kepada detikSport.
Di sektor ganda putra, Rafalentino Ali Da Costa/Ethan David Zapp menembus perempatfinal usai mengandaskan perlawanan Raghav Jaisinghani/Udit Kamboj dengan rubber set.
Takluk 5-7 di set pertama, ganda muda tuan rumah itu berhasil dengan kemenangan 6-3 di set kedua. Laga harus dilanjutkan ke set ketiga yang menggunakan format super tiebreak,
Dengan motivasi tinggi dan bermain lepas, Rafalentino/Ethan sukses menutup set ketiga ini dengan skor meyakinkan 10-4.
Sayang langkah keduanya gagal diikuti rekannya Anthony Susanto yang berpasangan dengan Ren Nakamura. Mereka kalah rubber set dari Nan Hsun Lin/Kai-i Wang.
Keunggulan 7-6 tiebreak 3 di set pertama, gagal dipertahankan oleh Anthony/Ren karena ganda Taiwan itu sukses merebut dua set berikutnya dengan kemenangan 6-4 dan super tiebreak 10-5 dalam durasi 1 jam 37 menit di lapangan F.
(mrp/ran)",66,1908
https://sport.detik.com/moto-gp/d-8643938/kampiun-motogp-2026-bukan-yang-paling-banyak-menang-tapi-paling-tenang,sport,"'Kampiun MotoGP 2026 Bukan yang Paling Banyak Menang, tapi Paling Tenang'","Selasa, 01 Sep 2026 20:30 WIB","Persaingan perebutan gelar juara dunia MotoGP 2026 berlangsung ketat. Menurut General Manager Ducati Corse Gigi Dall'Igna, gelar juara pada akhirnya akan ditentukan oleh pebalap yang paling mampu menjaga ketenangan dan konsistensi hingga akhir musim.
Dall'Igna menganalisis persaingan MotoGP 2026 dalam wawancara dengan Sky Italia. Menurutnya, kondisi mental dan kemampuan menghindari kesalahan akan menjadi faktor penting dalam menentukan juara dunia.
""Menurut saya, Kejuaraan Dunia akan dimenangkan oleh siapa yang lebih tenang antara sekarang hingga akhir musim, karena saya pikir penting untuk mengumpulkan poin dan menghindari kesalahan,"" kata Dall'Igna seperti dilansir Motosan.
Persaingan musim ini memang berlangsung sengit di antara para pebalap terdepan dari Ducati dan Aprilia. Dalam kondisi seperti itu, Dall'Igna menilai konsistensi lebih penting daripada sekadar mengoleksi kemenangan sebanyak-banyaknya dalam sembilan seri tersisa.
""Sejarah beberapa tahun terakhir menunjukkan bahwa tidak penting untuk mungkin memenangi 11 balapan, tetapi Anda harus menang sedikit lebih sedikit. Anda harus lebih konsisten dan stabil, dan yang terpenting, mampu membuat lebih sedikit kesalahan,"" ujarnya.
Bagi Dall'Igna, pebalap yang mampu menjaga perolehan poin sekaligus meminimalkan kesalahan akan memiliki peluang terbesar menjadi juara. Artinya, hasil finis secara konsisten dapat menjadi lebih berharga daripada terlalu memaksakan diri demi kemenangan.
Dengan persaingan yang masih terbuka, setiap kesalahan bisa menjadi pembeda dalam perburuan gelar MotoGP 2026. Karena itu, kemampuan menjaga kepala tetap dingin hingga seri terakhir diyakini Dall'Igna bakal menjadi kunci utama.",73,1686
https://sport.detik.com/moto-gp/d-8644045/motogp-aragon-selesai-ini-nama-pemenang-bold-riders-podium-picks,sport,"MotoGP Aragon Selesai, Ini Nama Pemenang Bold Riders Podium Picks","Selasa, 01 Sep 2026 19:18 WIB","Marc Marquez kembali menjadi yang tercepat di MotoGP Aragon 2026. Rider berjuluk The Baby Alien itu berhasil memenangi balapan di MotorLand Aragon, Minggu (30/8).
Kemenangan tersebut membuat Marc mencatat hat-trick di Aragon. Ia kembali berdiri di podium teratas setelah sebelumnya juga memenangi dua edisi terakhir balapan di sirkuit yang sama.
Balapan sempat menyajikan perubahan posisi di barisan depan. Marco Bezzecchi yang mengawali race dengan baik sempat memimpin, sebelum Marc mengambil alih posisi pertama pada lap keenam.
Pedro Acosta kemudian menjadi rider yang paling dekat dengan Marc. Namun hingga finis, Acosta harus puas di posisi kedua, sementara Bezzecchi melengkapi podium di urutan ketiga.
Sementara itu, Alex Marquez dari Gresini Racing harus berjuang setelah kehilangan beberapa posisi di awal balapan. Ia kemudian mampu memperbaiki posisinya dan menyelesaikan race di urutan keempat.
Bagi Alex, hasil tersebut tetap berarti. Ia mengantongi 13 poin dari balapan utama dan total membawa pulang 22 poin dari akhir pekan Aragon setelah sebelumnya finis kedua di Sprint Race.
Alex mengakui ada kesalahan di awal race yang membuatnya kehilangan waktu. Meski gagal naik podium, tambahan poin tersebut tetap penting untuk menjaga persaingannya di musim 2026.
Tebakan Podium Terjawab
Keseruan di Aragon tidak hanya terjadi di lintasan. Para penggemar MotoGP sebelumnya juga ikut menguji insting mereka lewat Bold Riders Podium Picks.
Dalam kompetisi ini, peserta menebak tiga rider yang akan finis di posisi pertama, kedua, dan ketiga. Setelah race selesai dan seluruh prediksi diperiksa, dua detikers berhasil mengumpulkan poin tertinggi.
Mereka adalah:
- Nung Jannah
- Khoirul Anam
Keduanya berhak mendapatkan voucher masing-masing senilai Rp250 ribu. Selamat untuk Nung Jannah dan Khoirul Anam yang berhasil membaca peluang podium di Aragon.
Buat detikers yang belum berhasil, masih ada seri MotoGP berikutnya untuk kembali menguji insting. Siapa tahu, tebakan berikutnya justru membawa pulang hadiah.
Buat lo yang belum gabung, sekarang waktunya follow Bold Riders, official sponsor Gresini Racing Moto GP team sekaligus wadah komunitas motor multi-genre terbesar di Indonesia.
Di sini lo bisa ketemu sesama pecinta motor, riding bareng, sampai ikut berbagai aktivitas seru. Jangan lupa follow Instagram @boldriders supaya nggak ketinggalan update MotoGP, konten otomotif, dan info event motor lainnya.
Bold Riders, Spirit of Brotherhood!
(prf/ega)",65,2466
https://sport.detik.com/moto-gp/d-8643813/moto3-veda-ega-sudah-empat-kali-gagal-raih-poin,sport,Moto3: Veda Ega Sudah Empat Kali Gagal Raih Poin,"Selasa, 01 Sep 2026 18:50 WIB","Rider Honda Team Asia, Veda Ega Pratama, menjalani akhir pekan yang buruk di Moto3 Aragon. Pebalap asal Gunungkidul itu sudah gagal meraih poin empat kali di Moto3.
Di Sirkuit Aragon pada akhir pekan lalu, Veda Ega finis ke-20. Dia sudah kesulitan sejak hari Jumat.
Veda Ega harus memulai balapan dari posisi ke-22. Dia pun kesulitan untuk menembus barisan depan.
Dengan hasil ini, Veda Ega gagal meraih poin. Raihan angka Rocket Boy masih tertahan 97 poin. Dia tinggal berjarak tujuh poin dari Hakim Danish di posisi kedelapan.
Selain di Aragon, Veda Ega juga gagal meraih poin dalam tiga seri lainnya. Dia gagal finis di Moto3 Amerika Serikat, finis ke-16 di Moto3 Hungaria, dan gagal finis di Moto3 Belanda.
""Bukan hasil balapan yang saya inginkan di minggu ini. Memang sepanjang minggu ini saya merasa kesulitan dari sesi di hari Jumat, Sabtu, dan race,"" kata Veda Ega selepas balapan.
""Jalannya balapan saya mencoba untuk start bagus dan mencoba untuk secepatnya ke depan. Tapi saat saya mencoba ke depan, dengan rider lain sempat ada senggolan sedikit sampai akhirnya melakukan kesalahan.""
""Dalam balapan saya mencoba untuk push, push, push untuk mengejar grup di depan. Ya sulit, kesulitan dengan sirkuit Aragon dengan grip yang menurut saya cukup licin. Minggu yang harus saya lupakan, dan ya saya ambil pelajarannya. Saya dan tim akan mencari tahu di mana titik poin yang saya bisa improve lagi. Pada seri di Misano saya akan mencoba lebih baik lagi,"" kata Veda Ega menambahkan.
(cas/bay)",48,1497
https://sport.detik.com/moto-gp/d-8643612/marc-marquez-beri-pukulan-untuk-rider-rider-aprilia,sport,Marc Marquez Beri Pukulan untuk Rider-rider Aprilia!,"Selasa, 01 Sep 2026 17:30 WIB","Rider Ducati, Marc Marquez, memetik kemenangan ganda di MotoGP Aragon 2026. Baby Alien pun memberi pukulan telak untuk pebalap-pebalap Aprilia.
Di Sirkuit Aragon pada akhir pekan lalu, Marc Marquez mampu menjadi juara saat sprint race dan main race MotoGP Aragon 2026. Dengan tambahan poin penuh pada seri ke-13 MotoGP 2026, pebalap asal Spanyol itu memperbaiki posisi di klasemen.
Saat ini, Marc Marquez ada di posisi kedua klasemen MotoGP 2026 dengan raihan 237 poin. Dia cuma berjarak 19 poin dari Jorge Martin, pebalap Aprilia pemuncak klasemen MotoGP 2026.
Pengamat MotoGP, Carlo Pernat, menilai bahwa Marc Marquez menobatkan diri sebagai raja di Sachsenring dan Aragon. Di Aragon, Marc Marquez baru saja mencatatkan hat-trick.
""Marc Marquez, raja Sachsenring dan raja Aragon. Sempat ada sejumlah keraguan, karena Aprilia jelas telah berkembang pesat. Motor tersebut kini bisa kita sebut sebagai motor juara, dengan para pebalap tangguh, khususnya Martin dan Bezzecchi, yang berada di papan atas klasemen dan itu bukanlah sebuah kebetulan,"" kata Pernat seperti dikabarkan oleh GP One.
""Namun, Marc melakukan apa yang ia mau. Dia benar-benar menghajar mereka,"" kata dia menambahkan.
MotoGP 2026 akan lanjut lagi pada 13 September 2026. MotoGP San Marino di Misano yang akan menjadi sajiannya. Marc Marquez bisa menang lagi di Misano?
(cas/aff)",52,1347
https://sport.detik.com/raket/d-8643860/china-masters-2026-singkirkan-unggulan-1-leo-daniel-ke-16-besar,sport,"China Masters 2026: Singkirkan Unggulan 1, Leo/Daniel ke 16 Besar","Selasa, 01 Sep 2026 17:25 WIB","Leo Rolly Carnando/Daniel Marthin melaju ke babak kedua China Masters 2026. Leo/Daniel mengalahkan unggulan pertama Kim Won Ho/Seo Seung Jae 21-19, 21-19.
Leo Rolly Carnando/Daniel Marthin melawan unggulan pertama Kim Won Ho/Seo Seung Jae (Korea Selatan) pada babak pertama China Masters 2026. Laga ini berlangsung di Court 1, Shenzhen Arena, Selasa (1/9/2026).
Leo/Daniel tertinggal di awal gim pertama 1-5. Mereka bisa bangkit mengejar untuk hanya tertinggal satu poin saat skor 5-6.
Kedua ganda ini kemudian saling pertukar poin. Kim/Seo unggul 11-9 saat interval gim pertama.
Leo/Daniel bisa menyetarakan angka selepas interval saat skor 12-12. Kejar mengejar poin terjadi hingga 16-16.
Kim/Seo mendapatkan momentum untuk menjauh usai mendapatkan dua angka. Kim/Seo diambang menutup gim pertama usai unggul 19-16.
Namun, Leo/Daniel tampil menawan di poin-poin krusial. Mereka mendulang lima angka beruntun untuk membalikkan situasi. Leo/Daniel mengamankan gim pertama usai menang 21-19.
Laga berjalan sengit di awal gim kedua. Kejar mengejar poin terjadi hingga 7-7. Skor masih ketat sampai 10-10.
Leo/Daniel mendapatkan satu angka untuk memimpin 11-10 saat interval gim kedua.
Selepas interval situasi sempat berbalik dengan Leo/Daniel tertinggal 12-15. Mereka bisa mengejar hingga skor kembali sama kuat saat 15-15.
Skor sama kuat hingga 17-17. Leo/Daniel kembali menunjukkan mental yang sangat baik di poin krusial.Leo/Daniel bisa memenangi lagi usai mengamankan gim kedua 21-19.
Leo/Daniel melaju ke babak kedua (16 besar). Leo/Daniel mengikuti jejak dari Ali Faathir Rayhan/Devin Artha Wahyudi.
Ali Faathir Rayhan/Devin Artha Wahyudi mengalahkan unggulan kelima dari Malaysia, Goh Sze Fei/Nur Izzuddin. Fathir/Devin ke babak kedua usai Goh/Izzudin retired. Mereka mundur setelah kalah 16-21 di gim pertama.
(pur/krs)",65,1825
https://sport.detik.com/moto-gp/d-8643496/bagnaia-kena-mental-bos-ducati-ada-masalah-fokus,sport,Bagnaia Kena Mental? Bos Ducati: Ada Masalah Fokus,"Selasa, 01 Sep 2026 16:30 WIB","Manajer Tim Ducati Davide Tardozzi melontarkan kritik tajam terhadap Francesco Bagnaia setelah MotoGP Aragon. Menurutnya, masalah Bagnaia saat ini bukan soal kecepatan, melainkan aspek psikologis, secara khusus kepercayaan diri dan fokus mental.
Bagnaia kembali menjalani akhir pekan yang sulit di Aragon. Pebalap Italia itu gagal menunjukkan performa yang diharapkan Ducati dan akhirnya terjatuh dalam balapan.
Ducati sebelumnya berharap Bagnaia setidaknya mampu finis di lima besar di MotorLand Aragon. Namun, ekspektasi tersebut tidak terpenuhi. Tardozzi menyebut tim sempat mencoba perubahan saat sesi pemanasan, tetapi hasilnya tidak sesuai harapan.
""Kami berharap Bagnaia setidaknya bisa berada di lima besar di sini, tetapi kenyataannya tidak demikian. Kami mencoba sesuatu saat pemanasan yang tidak berhasil. Dia tidak memiliki kepercayaan diri, dia tidak memacu motornya, dan kami belum menemukan cara untuk mengatasi masalah ini,"" kata Tardozzi kepada TNT Sports.
Tardozzi kemudian menilai persoalan Bagnaia sudah menyentuh aspek psikologis. Menurutnya, kemampuan Bagnaia untuk melaju cepat tidak perlu diragukan, tetapi pendekatannya dalam menghadapi situasi sulit justru membatasi performanya.
""Saya pikir ini adalah masalah psikologis. Pendekatannya terkadang membatasi performanya. Kami tidak meragukan bahwa dia cepat, tetapi sekarang dia harus melewati batas tipis antara percaya diri dan menutup mata terhadap tantangan,"" ujarnya.
Pernyataan Tardozzi tersebut menjadi sorotan mengingat Bagnaia akan meninggalkan Ducati pada akhir musim. Mulai 2027, dia akan memperkuat Aprilia Racing, sementara Ducati telah memastikan Pedro Acosta sebagai rekan setim Marc Marquez untuk musim 2027 dan 2028.
(krs/bay)",50,1718
https://sport.detik.com/sport-lain/d-8643405/abdul-kadir-karding-jadi-ketum-perbasasi-singgung-pembinaan-dan-prestasi,sport,"Abdul Kadir Karding Jadi Ketum Perbasasi, Singgung Pembinaan dan Prestasi","Selasa, 01 Sep 2026 14:30 WIB","Abdul Kadir Karding jadi Ketum Perserikatan Baseball Softball Seluruh Indonesia (PB Perbasasi) periode 2026-2030. Dirinya singgung soal pembinaan dan prestasi.
Abdul Kadir Karding terpilih secara aklamasi sebagai Ketua Umum Pengurus Besar Perserikatan Baseball Softball Seluruh Indonesia (PB Perbasasi). Usai terpilih, Karding menegaskan langkah awal kepengurusannya akan difokuskan pada konsolidasi organisasi sebagai fondasi untuk membangun ekosistem baseball dan softball Indonesia yang lebih kuat.
""Kalau kita tidak solid, kita tidak bisa apa-apa. Jadi kita harus solid dulu, kuat dulu. Setelah itu baru kita bisa membangun target-target prestasi,"" ujar Karding dalam sambutannya di Tangerang, Senin, (31/8).
Karding mengusung agenda modernisasi dan kolaborasi untuk memperkuat tata kelola organisasi. Salah satu langkah yang akan didorong adalah pembangunan basis data yang lebih baik bagi pembinaan baseball dan softball di Indonesia.
Selain itu, Perbasasi juga akan memperkuat sistem pembinaan atlet secara berjenjang.
""Pembinaan yang berjenjang menjadi penting. Tetapi yang tidak kalah penting adalah bagaimana masyarakat dibuat mencintai baseball dan softball,"" katanya.
Untuk meningkatkan popularitas olahraga tersebut, Karding mendorong pembentukan klub-klub baseball dan softball melalui kerja sama dengan berbagai pihak, termasuk pemerintah daerah dan sektor swasta.
Ia menilai jaringan yang dimiliki para pengurus dan pemangku kepentingan dapat dimanfaatkan untuk memperluas basis pembinaan dan meningkatkan partisipasi masyarakat.
Selain itu, Karding menargetkan Perbasasi mampu meningkatkan prestasi Indonesia di berbagai kompetisi. Ia menyebut keinginan untuk membawa baseball dan softball Indonesia masuk jajaran 10 besar pada sejumlah level kompetisi. Tentu, harus dibangun melalui fondasi organisasi yang kuat.
""Target kita tentu prestasi. Bisa SEA Games, Asian Games, bahkan Olimpiade. Tetapi dana, jaringan, organisasi, dan model pembinaan harus menjadi satu ekosistem baseball dan softball yang baik,"" ujarnya.
Karding mengakui persoalan pendanaan menjadi salah satu tantangan utama dalam pengelolaan organisasi olahraga. Karena itu, Perbasasi akan mencari berbagai alternatif pendanaan dan memperkuat kolaborasi dengan berbagai pihak agar program pembinaan dan pengembangan organisasi dapat berjalan secara berkelanjutan.
Ia juga membuka ruang keterlibatan yang lebih luas bagi berbagai unsur dalam struktur organisasi Perbasasi. Menurutnya, membangun organisasi tidak dapat dilakukan seorang diri tetapi membutuhkan kerja bersama seluruh pengurus, pengurus daerah, komunitas, atlet, serta pemangku kepentingan lainnya.
""Kita rekonsiliasikan dan kita bangun bersama. Target kita adalah menciptakan ekosistem baseball dan softball yang baik, organisasi yang kuat, serta prestasi Indonesia di tingkat dunia,"" kata Karding.
""Saya tidak bisa bekerja sendiri. Saya berharap semua yang ada di sini bisa terlibat. Kita ingin punya ekosistem baseball dan softball yang bagus, Perbasasi yang kuat, dan prestasi Indonesia di tingkat dunia,"" pungkasnya.
Lihat juga Video: Apa Itu Badan Karantina Indonesia yang Kini Dipimpin Kadir Karding",73,3151
https://sport.detik.com/sport-lain/d-8643113/bukan-pukulan-hoki-yang-runtuhkan-umar-nurmagomedov,sport,Bukan Pukulan Hoki yang Runtuhkan Umar Nurmagomedov,"Selasa, 01 Sep 2026 12:30 WIB","Umar Nurmagomedov telan kekalahan dari Song Yadong di lanjutan UFC. Shovel uppercut langsung bikin Umar KO dan tak sadarkan diri. Bukan pukulan hoki!
UFC Fight Night: Nurmagomedov vs Song dalam UFC Shanghai digelar di Oriental Sports Center, Sabtu (29/8). Duel utama di kelas bantam UFC, Umar Nurmagomedov di ranking ketiga kontra Song Yadong di ranking keenam.
Song Yadong menang KO pada ronde kedua. Shovel uppercut yang dilepaskannya masuk, bikin Umar langsung tersungkur dan tak sadarkan diri, ditambah dua pukulan hammer fist.
Dirangkum dari berbagai sumber, pukulan shovel uppercut tidak seperti pukulan uppercut dalam tinju. Teknik ini dilakukan petarung MMA atau Muay Thai.
Pukulan ini dilayangkan dari bawah ke atas dengan lintasan diagonal sekitar 45 derajat, menyerupai gerakan seseorang yang sedang mencangkul atau menyekop. Khusus pukulan shovel uppercut Song Yadong, petarung asal China itu melakukannya dengan cantik.
Saat Song Yadong lepas pukulan itu dengan tangan kanannya, dirinya tidak memutar pergelangan tangan. Pergelangan tangannya lurus.
Song lebih dulu melepas jab. Umar Nurmagomedov yang lakukan duck (merendahkan tubuh bagian atas) langsung kena hantam shovel uppercut Song yang mengenai belakang kupingnya, di belakang bagian temple.
Umar langsung terjatuh tidak sadarkan diri. Dari posisi yang terkena pukulan itu pun mengalir darah segar.
Song dan timnya sudah baca kebiasaan buruk Umar. Umar suka duck ketika diserang dan lancarkan single leg takedown. Song dengan tepat dapat timing untuk mengeksekusinya.
""Pelatih saya Rudy Hernandez sudah bilang, kami akan menang dengan upper cut. Ya, saya percaya diri untuk melakukannya,"" ungkap Song.
""Kami tahu, Umar akan menghindar ke bawah. Kami sudah memperhatikan itu dan saya bisa melakukannya dengan baik,"" tutup Song.
Lihat juga Video Cara Khabib Nurmagomedov Nikmati Masa Pensiun: Makan Apa pun Asal Halal",51,1886
https://sport.detik.com/sport-lain/d-8643074/bilal-hasan-bikin-legenda-ufc-ini-kagum,sport,Bilal Hasan Bikin Legenda UFC Ini Kagum,"Selasa, 01 Sep 2026 11:30 WIB","Bilal Hasan memulai debut di UFC dengan meyakinkan, menang KO. Legenda UFC, Henry Cejudo dibikin kagum olehnya.
UFC Fight Night: Nurmagomedov vs Song dalam UFC Shanghai digelar di Oriental Sports Center, Sabtu (29/8). Bilal Hasan yang jalani laga debut, hadapi petarung asal Peru, Nilson Rojas di kelas flyweight.
Kedua petarung punya rekor sama 9-0. Bilal menang di ronde kedua setelah pukulan lurus kanannya masuk sempurna!
Bilal Hasan kini punya rekor kemenangan di dunia MMA 9-0. Petarung asal Indonesia itu memulai debut di UFC dengan mulus, bikin Henry Cejudo kagum!
""Bilal melepas pukulan jab dan sesaat ketika tangan kirinya turun, bum! Pukulan kanan yang lurus ke arah tengah,"" katanya di sosial media.
""Anak ini punya daya tarik. Dia punya sebuah pertunjukan dan membuktikannya di dalam oktagon,"" tambahnya.
Henry Cejudo merupakan legenda di UFC. Dia pernah menyabet dua gelar di kelas flyweight dan bantam weight.
Cejudo sebelumnya pernah juga memuji Bilal Hasan saat kemenangan KO 45 detik. Itu ketika 'The IndoNinja' menang atas petarung asal India, Mridul Saikia dalam perebutan kontrak UFC di Dana White's Contender Series (DWCS) Season 10, Agustus lalu.
""Menang KO cuma 45 detik, ingat-ingat namanya, Bilal Hasan,"" jelas Cejudo.
""Dana White sudah terkesan padanya. Apalagi di kelas flyweight, banyak petarung hebat. Saya nggak sabar menantikan aksi-aksinya,"" sambungnya.
Simak juga Video: Menlu AS Bicara Alasan Pemasangan Ring UFC di Halaman Gedung Putih",39,1471
https://20.detik.com/detikupdate/20260901-260901114/video-menang-di-aragon-marquez-kini-cuma-ketinggalan-19-poin-dari-martin,sport,"Video Menang di Aragon, Marquez Kini Cuma Ketinggalan 19 Poin dari Martin","27,277 Views  | 
                                                Selasa, 01 Sep 2026 10:21 WIB","Marc Marquez kembali tampil gila di MotoGP Aragon. Pembalap Ducati ini sukses ngunci kemenangan ketiga beruntun. Ini juga jadi kemenangan kedelapannya di MotorLand Aragon.
Nggak cuma Marc, Alex Marquez juga tampil oke dan finis keempat. Sementara Fermin Aldeguer berhasil finis keenam. Hasil ini bikin akhir pekan Ducati makin mantap.",73,334
https://sport.detik.com/raket/d-8642931/china-masters-2026-jonatan-christie-kalahkan-leong-jun-hao-maju-ke-16-besar,sport,"China Masters 2026: Jonatan Christie Kalahkan Leong Jun Hao, Maju ke 16 Besar","Selasa, 01 Sep 2026 09:47 WIB","Bertanding di Court 1, Shenzhen Arena, Selasa (1/9/2026), Jonatan yang menjadi unggulan pertama di dalam turnamen BWF Super 750 itu membutuhkan waktu 44 menit untuk mengunci kemenangan.
Pada gim pertama, Jonatan langsung mengamankan kemenangan dengan skor 21-17. Leong Jun Hao berusaha memberikan perlawanan, tetapi Jonatan mampu menjaga keunggulan dari awal hingga gim berakhir.
Persaingan lebih ketat terjadi pada gim kedua. Jonatan akhirnya kembali menang dengan skor 21-19 untuk memastikan kemenangan dua gim langsung.
Dengan hasil tersebut, Jonatan Christie melaju dari babak 32 besar setelah mengalahkan wakil Malaysia tersebut. Di China Masters 2026 ini sendiri Indonesia memiliki empat orang wakil.
Selain Jonatan Christie, ada tiga wakil lain dari nomor ganda. Ketiganya adalah pasangan ganda putra yakni Leo Rolly Carnando/Daniel Marthin, Sabar Karyaman Gutama/Moh Reza Pahlevi Isfahani, dan Ali Faathir Rayhan/Devin Artha Wahyudi.
Sejumlah nama lain yang sempat masuk daftar undian pekan lalu urung tampil. Mereka adalah Alwi Farhan, Putri Kusuma Wardani, dan Fajar Alfian/Muhammad Shohibul Fikri.
Simak juga Video: Jonatan Christie: Hampir Seumur Hidup untuk Bulu Tangkis Indonesia
(krs/bay)",77,1203
https://sport.detik.com/sport-lain/d-8642836/arwana-jaya-dan-onic-sport-juara-ipl-season-2,sport,Arwana Jaya dan Onic Sport Juara IPL Season 2,"Selasa, 01 Sep 2026 08:25 WIB","Selesai sudah musim kedua BRI Indonesia Pingpong League (IPL) 2026. Arwana Jaya dan Onic Sport tampil sebagai juara.
Grand final season 2 ini menghadirkan format kompetisi yang menuntut konsistensi setiap tim sepanjang empat hari penyelenggaraan, 26-29 Agustus, di Main Atrium Trans Studio Mall Ciubur, Depok.
Dalam format Grand Final ini, seluruh tim pada masing-masing kategori Elite Putera dan Elite Puteri saling bertemu. Hasil akhir ditentukan berdasarkan total raihan poin setiap tim selama rangkaian pertandingan.
Khusus kategori Elite Puteri, dalam setiap pertemuan terdapat sesi pertandingan ganda. Sementara pada kategori Elite Putera, pertandingan berlangsung tanpa sesi ganda.
Persaingan Elite Putera berlangsung ketat hingga pertandingan terakhir. Arwana Jaya berhasil mengumpulkan 6 poin dan keluar sebagai juara. Keberhasilan tersebut menjadi pencapaian istimewa bagi Arwana Jaya karena mereka berhasil mengambil alih tahta dari Onic Sport, yang merupakan juara IPL Season 1.
Pilar Arwana Jaya, Muhammad Bima Abdi Negara, menyebut keberhasilan merebut gelar dari juara bertahan menjadi pencapaian yang sangat berarti bagi timnya.
""Kami sangat bersyukur bisa menjadi juara. Onic adalah juara Season 1 dan kami tahu mereka punya kualitas yang sangat bagus. Jadi bisa merebut gelar ini tentu menjadi pencapaian yang sangat spesial bagi kami. Semua pemain memberikan yang terbaik dan kami berusaha menjaga fokus sampai pertandingan terakhir,"" ujar Bima dalam rilis kepada detikSport.
""Dengan sistem seperti ini, setiap pertandingan sangat penting. Walaupun menang mendapatkan dua poin dan kalah masih mendapatkan satu poin, kami tetap tidak boleh lengah. Target kami adalah memenangkan setiap pertandingan dan mengumpulkan poin sebanyak mungkin. Kekompakan dan mental tim menjadi kunci,"" katanya.
Sementara itu, Onic Sport tampil sebagai juara di kategori Elite Puteri dengan raihan 6 poin. Onic Sport mengungguli Sukun Kudus di posisi kedua dengan lima poin. Arwana Jaya di posisi ketiga dengan 4 poin dan Jasa Raharja Putera di posisi keempat dengan tiga poin.
Pemain Onic Sport, Cindy Marcella, mengaku bangga dapat membawa timnya meraih gelar juara Elite Puteri. Menurut Cindy, konsistensi jadi kunci kemenangan Onic Sport, mengingat turnamen berlangsung cuma empat hari.
""Pastinya kami sangat senang dan bangga bisa menjadi juara. Perjalanan menuju Grand Final tidak mudah karena semua tim punya kualitas yang bagus. Kami berusaha menjaga fokus, saling mendukung, dan memberikan kemampuan terbaik di setiap pertandingan,"" papar Cindy.
""Kami harus menjaga fokus dari pertandingan pertama sampai pertandingan terakhir karena setiap pertandingan punya nilai yang sangat penting. Kami bersyukur bisa menjaga konsistensi dan akhirnya mendapatkan hasil terbaik,"" sambungnya.
Grand Final Indonesian Pingpong League Season 2 turut dihadiri Ketua Umum IPL Petrus Reinhard Golose, Sekretaris Jenderal IPL Yon Mardiyono, serta seluruh jajaran pengurus Indonesian Pingpong League.
Petrus mengatakan Grand Final menjadi momentum penting bagi para atlet untuk menunjukkan hasil kerja keras mereka sepanjang musim.
""Grand Final adalah panggung bagi para atlet untuk menunjukkan hasil dari kerja keras mereka sepanjang musim. Kami ingin IPL terus menjadi kompetisi yang memberikan ruang bagi atlet untuk berkembang, berprestasi, dan mendapatkan pengalaman bertanding di level tertinggi,"" ujar Petrus.
(mrp/adp)",45,3410
https://sport.detik.com/moto-gp/d-8642734/marc-marquez-sirkuit-mandalika-yang-terburuk-buatku,sport,Marc Marquez: Sirkuit Mandalika yang Terburuk Buatku,"Selasa, 01 Sep 2026 04:50 WIB","Rider Ducati Marc Marquez telah kembali dalam persaingan titel juara dunia MotoGP 2026. Marquez mengaku khawatir dengan balapan di Mandalika nanti.
Sukses menyapu seri Aragon membawa Marquez terus mendekati pemuncak klasemen MotoGP Jorge Martin. Dengan koleksi 237 poin, superstar balap motor Spanyol itu menghuni peringkat kedua dengan hanya tertinggal 19 poin saja. Marco Bezzecchi mengintai di posisi ketiga usai meraup 232 poin.
Di sisi lain, kejuaraan MotoGP 2026 memiliki sembilan seri yang tersisa atau total 18 balapan. Sedangkan MotoGP Indonesia, yang digelar di Sirkuit Mandalika menempati putaran ke-17 pada Oktober mendatang.
Marc Marquez belum mau memikirkan soal persaingan gelar dengan Jorge Martin dan Bezzecchi. Pebalap berusia 33 tahun itu ingin fokus melakoni balapan demi balapan, meskipun dia cukup waspada dengan balapan di Mandalika.
""Dari sejarah, Indonesia adalah yang terburuk [buatku], karena setiap tahun aku mendapatkan memori buruk dari sana,"" ceplos juara dunia MotoGP tujuh kali itu dilansir Crash.
""Namun, selain itu, aku merasa baik-baik saja dengan sirkuit-sirkuit yang lain. Jadi balapan demi balapan. Sekarang, mari memulihkan tenaga dari balapan ini dan fokus ke Misano,"" dia menambahkan.
Sejauh ini MotoGP Mandalika bak jadi ""kutukan"" bagi Marc Marquez. Mantan rider Honda dan Gresini itu tidak pernah bisa finis di masing-masing dari tiga edisi terakhir balapan MotoGP Mandalika. Bahkan pada edisi tahun lalu, Marquez bertabrakan dengan Marco Bezzecchi sehingga mengalami patah tulang selangka, cedera yang terus mengganggunya sampai sekarang.
(rin/adp)",52,1593
https://sport.detik.com/sport-lain/d-8642711/jawa-timur-juara-kejurnas-panahan-tradisional-2026,sport,Jawa Timur Juara Kejurnas Panahan Tradisional 2026,"Selasa, 01 Sep 2026 02:40 WIB","Baru saja digelar Kejuaraan Nasional (Kejurnas) Fespati 2026. Tampil sebagai juara umum adalah Jawa Timur.
Kejurnas Fespati adalah kompetisi memanah untuk segala usia yang digelar di Villa Bukit Tidar, Kota Malang, 22-24 Agustus, yang digelar Federasi Seni Panahan Tradisional (Fespati). Ada total 1.090 peserta dari 16 provinsi di seluruh Indonesia.
Ada 13 kategori perlombaan yang dipertandingkan. Mulai dari pelajar U9 sampai U-18, hunting pelajar dan umum, jemparingan pelajar dan umum, jarak 30 dan 50 meter untuk atlet panahan tradisional peserta perempuan dan laki-laki umum. serta HBA atau Horse Back Archery untuk kategori Junior Putra, Open Putri dan Senior Putra.
Total peserta ribuan itu melebihi edisi sebelumnya di Klaten, Jawa Tengah, yang diikuti 700 peserta. Kenaikan ini menunjukkan tren positif, karena artinya panahan tradisional semakin banyak peminatnya.
Apalagi sertifikat pemenang akan dikurasi oleh Pupresnas atau Pusat Prestasi Nasional, institusi di bawah Kementrian Pendidikan Dasar dan Menengah Republik Indonesia, yang memberikan pengakuan resmi terhadap ajang talenta atau prestasi peserta didik.
Malang dipilih sebagai lokasi penyelenggaraan Kejurnas 2026 dikarenakan Malang adalah peringkat utama kota industri pariwisata di Jawa Timur. Diharapkan gelaran Kejurnas bisa membawa dampak positif juga bagi naiknya income bagi pengusaha UMKM dan industri pariwisata di kota Malang, seperti slogan 'Fespati untuk Negeri.'
Kejurnas 2027 rencananya akan dihelat di tiga Provinsi, yakni DKI Jakarta, Jawa Barat atau Banten. Imran Taufik selaku Ketua Umum Fespati menyebut kejurnas bisa jadi seleksi untuk para pemanah muda yang mau membela Indonesia di kancah internasional.
(mrp/adp)",50,1709
https://sport.detik.com/raket/d-8642692/mens-world-tennis-championship-gunawan-tembus-babak-utama-seri-iv,sport,Men's World Tennis Championship: Gunawan Tembus Babak Utama Seri IV,"Selasa, 01 Sep 2026 01:40 WIB","Satu wakil Indonesia lolos ke Babak Utama Seri 4 M-15 Amman Mineral Men's World Tennis Championship 2026. Dia adalah Gunawan Trismuwantara.
Pada pertandingan final kualifikasi di lapangan A, Bali Beach Country Club, Nusa Dua, Senin (31/8/2026), Gunawan menghadapi Haruto Ishikawa asal Jepang.
Petenis 23 tahun itu harus bertarung ketat tiga set selama 1 jam 41 menit untuk memastikan tiket babak utama dengan kemenangan 4-6, 6-6, dan 10-7.
Setelah saling balas di dua set pertama, format super tie break harus digunakan di set ketiga untuk menentukan pemenang. Gunawan bisa memenangi set penentuan tersebut dengan skor akhir 10-7.
""Saya memang sering melakukan kesalahan di set pertama, terutama saat poin penting. Namun, saya kembali fokus di sisa game, terutama di babak super tie dan akhirnya bisa menang,"" ujar Gunawan dalam rilis kepada detikSport.
Pada pertandingan lainnya di lapangan F, performa impresif Ethan David Zapp gagal dilanjutkan saat bertemu unggulan ketiga dari India, Shanker Heisnam.
Meski telah mengeluarkan seluruh permain terbaiknya dan memberikan perlawanan keras terutama di set awal, petenis 17 tahun itu takluk 4-6 dan 1-6 dalam tempo 1 jam 35 menit.
Gunawan pun menemani sejumlah pemain Indonesia yang lebih dulu masuk Babak Utama lewat fasilitas Wild Card, seperti Anthony Susanto, Nathan Barki, dan Rafalentino Ali Da Costa.
Selain turun dinomor tunggal pada kejuaraan yang berhadiah total 20 ribu dolar AS, Indonesia punya enam wakil di nomor ganda melalui Gunawan Trismuwantara/Kareem Abdul Hakim, Rafalentino Ali Dacosta/Ethan David Zapp serta Anthony Susanto yang menggandeng pemain Jepang Ren Nakamura.
(mrp/adp)",67,1649
https://sport.detik.com/sport-lain/d-8642668/gtwce-2026-sean-gelael-dkk-gagal-dapat-poin-di-jerman,sport,GTWCE 2026: Sean Gelael dkk. Gagal Dapat poin di Jerman,"Senin, 31 Agu 2026 23:35 WIB","Balapan GT World Challenge Europe (GTWCE) di Jerman berakhir pahit untuk Sean Gelael dan AF Corse 50. Mereka gagal dapat poin.
Pada balapan putaran keempat Endurance Cup di Sirkuit Nurburgring, Minggu (30/8/2026) malam WIB, Sean bersama Lilou Wadoux dan Arthur Leclerc mendapat start yang kurang impresif.
Sebab mereka harus memulai dari posisi ke-17 setelah hasil buruk di kualifikasi. Mobil Ferrari yang dikendarai Sean dkk. memang tidak bisa memberikan perlawanan berarti di Nurburgring.
Tidak cuma mobil nomor 50, tapi juga nomor 51. AF Corse 51 yang finis ketiga di Belgia dua bulan lalu, hanya mampu menyelesaikan balapan di posisi ke-14, terpaut satu menit dibanding sang pemenang, tim Comtoyou Racing #7.
Sementara, AF Corse 50 tidak berubah, yakni tetap di urutan ke-17 dengan selisih 1 menit 25,406 detik di belakang pemenang.
Rata-rata dua mobil Ferrari itu kalah 1 s.d. 1,5 detik per lap dari mobil dan tim lain. Selain Balance of Performance (BoP) yang jadi handicap walau besarannya tak dirilis, ada juga karakter sirkuit yang berbeda dibanding Spa-Francorchamps, sehingga Ferrari tidak punya daya cengkram di mobilnya.
Keberadaan Safety Car (SC) yang membantu mendekatkan jarak antar-mobil pun tak menolong. Padahal selama tiga jam balapan di Nurburgring, SC tiga kali masuk ke trek untuk menetralisir lomba.
Tim Mercedes-AMG Team Mann-Filter #48 keluar sebagai juara umum GTWCE-Endurance Cup. Balapan pamungkas GTWCE digelar di Sirkuit Algarve, Portimao di Portugal. Menariknya, akhir pekan itu berbarengan dengan putaran FIA WEC di Barcelona, Spanyol.
Sebagai kompromi, Race GTWCE Sabtu (17/10), lalu FIA WEC di hari Minggu, (17/10).
(mrp/adp)",55,1660
https://finance.detik.com/berita-ekonomi-bisnis/d-8656465/harga-emas-antam-hari-ini-akhirnya-naik,finance,Harga Emas Antam Hari Ini Akhirnya Naik!,"Kamis, 10 Sep 2026 09:39 WIB","Harga emas Antam akhirnya mengalami kenaikan usai jatuh sangat dalam selama tren pelemahan sejak akhir pekan kemarin. Harga emas Antam 24 karat hari naik Rp 15.000 per gram berada di level Rp 2.625.000 per gram.
Berdasarkan situs Logam Mulia Antam, Kamis (10/9/2026), satuan harga emas hari ini yang terkecil ukuran 0,5 gram berada di angka Rp 1.355.000. Sementara harga emas 10 gram dijual dengan harga Rp 25.595.000 dan ukuran emas terbesar yakni 1.000 gram (1 kg) dibanderol Rp 2.550.600.000.
Jika ditarik dalam sepekan terakhir, harga emas Antam berada dalam rentang Rp 2.610.000-2.670.000 per gram. Sementara dalam sebulan terakhir, harga emas Antam bergerak dalam rentang Rp 2.610.000-2.768.000 per gram.
Buyback Emas
Harga emas hari ini untuk buyback emas Antam juga naik Rp 15.000 dan berada di level Rp 2.475.000 per gram. Harga buyback adalah jika Anda ingin menjual emas, maka Antam akan membelinya dengan harga tersebut.
Sesuai Peraturan Menteri Keuangan (PMK) Nomor 34 Tahun 2017, pembelian emas batangan akan dikenakan PPh 22 sebesar 0,9%. Jika ingin mendapatkan potongan pajak lebih rendah sebesar 0,45%, harus menyertakan NPWP untuk transaksinya.
Rincian Harga Emas Hari Ini
Harga emas 0,5 gram: Rp 1.362.500
Harga emas 1 gram: Rp 2.625.000
Harga emas 2 gram Rp 5.190.000
Harga emas 3 gram Rp 7.760.000
Harga emas 5 gram: Rp 12.900.000
Harga emas 10 gram: Rp 25.745.000
Harga emas 25 gram: Rp 64.237.000
Harga emas 50 gram: Rp 128.395.000
Harga emas 100 gram: Rp 256.712.000
Harga emas 250 gram: Rp 641.515.000
Harga emas 500 gram: Rp 1.282.820.000
Harga emas 1.000 gram: Rp 2.565.600.000
Demikian rincian harga emas hari ini keluaran Antam 1 gram hingga 1.000 gram, Kamis (10/9/2026).
(igo/fdl)",40,1711
https://finance.detik.com/bursa-dan-valas/d-8656440/dolar-as-menguat-tipis-ke-rp-17-522,finance,Dolar AS Menguat Tipis ke Rp 17.522,"Kamis, 10 Sep 2026 09:23 WIB","Nilai tukar dolar Amerika Serikat (AS) menguat terhadap rupiah pagi ini. Mata uang Paman Sam kini berada di level Rp 17.500-an.
Dikutip dari data Bloomberg, Kamis (10/9/2026), nilai tukar dolar AS berada pada level Rp 17.522 atau menguat 0,06%.
Selanjutnya, pergerakan dolar AS terhadap sejumlah mata uang lainnya bervariasi namun cenderung stagnan.
Nilai tukar dolar AS terhadap dolar Kanada, CHF Swiss France, dan dolar Hong Kong berada pada posisi stagnan.
Sementara, dolar AS melemah 0,15% terhadap yen Jepang. Dolar AS juga melemah terhadap won Korea 2,46%.
(acd/acd)",35,572
https://finance.detik.com/berita-ekonomi-bisnis/d-8656439/bulog-kawal-penyaluran-bantuan-pangan-beras-di-cirebon-agar-tepat-sasaran,finance,BULOG Kawal Penyaluran Bantuan Pangan Beras di Cirebon agar Tepat Sasaran,"Kamis, 10 Sep 2026 09:20 WIB","Perum BULOG terus mengawal penyaluran Bantuan Pangan Beras agar manfaatnya diterima oleh masyarakat yang berhak. Melalui satuan kerja di Cabang Cirebon, BULOG memastikan setiap tahapan distribusi dimonitor secara optimal dalam mendukung program pemerintah untuk menjaga ketahanan pangan sekaligus memenuhi kebutuhan masyarakat.
Menanggapi informasi dugaan penyalahgunaan 198 karung beras Bantuan Pangan oleh oknum perangkat Desa Ambit, Kecamatan Waled, Kabupaten Cirebon, BULOG menghormati proses hukum yang sedang berjalan.
Pemimpin Wilayah Perum BULOG Jawa Barat, Nurman Susilo menyampaikan penyaluran Bantuan Pangan oleh di Kabupaten Cirebon, khususnya di Desa Ambit Kecamatan Waled, telah dilakukan sesuai ketentuan kepada PBP yang telah ditetapkan pemerintah.
""Tim Kami di BULOG Cabang Cirebon telah menyalurkan Bantuan Pangan Beras di Desa Ambit Kecamatan Waled sesuai dengan ketentuannya dan dapat dibuktikan dengan dokumentasi yang lengkap. Setelah beras dibagikan kepada penerima dan kemudian ada kegiatan lain maka itu berada pada tahapan pemanfaatan bantuan oleh penerima manfaat di lapangan,"" ujar Nurman dalam keterangannya, Kamis (10/9/2026).
Di Kabupaten Cirebon, penyaluran Bantuan Pangan Beras alokasi Juli-September 2026 diberikan kepada 408.988 Penerima Bantuan Pangan (PBP) dengan total alokasi sebanyak 12.269.640 kilogram atau 12.269,64 ton beras. Hingga saat ini, realisasi penyaluran telah mencapai 57,41 persen atau sebesar 7.043.940 kilogram beras yang telah disalurkan kepada masyarakat penerima manfaat.
""Lebih lanjut Desa Ambit, Kecamatan Waled, terdapat alokasi sebanyak 1.297 PBP, dan BULOG telah melaksanakan penyaluran kepada 1.284 PBP. BULOG akan terus melakukan pengawalan di lapangan bersama seluruh pihak terkait Pemerintah Desa, Babinsa dan Bhabinkamtibnas agar proses penyaluran berjalan dengan baik, transparan, dan tepat sasaran. Kami juga mengajak seluruh unsur yang terlibat untuk bersama-sama menjaga amanah program Bantuan Pangan ini agar manfaatnya benar-benar dirasakan oleh penerima yang telah ditetapkan,"" papar Nurman.
Sebagai pelaksana penugasan pemerintah, BULOG juga memperkuat koordinasi dengan pemerintah daerah, TNI, Polri, serta seluruh pihak terkait untuk memastikan Bantuan Pangan Beras tersalurkan secara efektif hingga tingkat masyarakat.
Dengan dukungan jaringan operasional yang tersebar di seluruh Indonesia, BULOG terus berupaya menjaga kualitas, ketepatan sasaran, dan kelancaran distribusi bantuan pangan.
(anl/ega)",73,2482
https://finance.detik.com/bursa-dan-valas/d-8656434/ihsg-menguat-pagi-ini-tembus-6-700,finance,"IHSGÂ Menguat Pagi Ini, Tembus 6.700","Kamis, 10 Sep 2026 09:17 WIB","Indeks Harga Saham Gabungan (IHSG) dibuka menguat pagi ini. IHSG terus menguat dan menembus level 6.700.
Berdasarkan data perdagangan RTI, Kamis (10/9/2026), IHSG pagi ini dibuka pada level 6.688,17. Kemudian nilai indeks saham Garuda ini terus menguat hingga 25,29 poin atau sekitar 0,38% ke level 6.703,43 per pukul 09.05 WIB.
Pada level tertinggi IHSG berhasil menyentuh 6.707,91 dan paling rendah hanya di 6.684,76. Mayoritas saham menguat dengan rincian 297 saham naik, 163 saham melemah, dan 228 saham stagnan.
Volume perdagangan pagi ini tercatat sudah mencapai 3,78 miliar saham dengan nilai transaksi mencapai Rp 2,48 triliun. Frekuensi perdagangan sebanyak 161.918 kali.
IHSG tercatat mengalami kenaikan hingga 0,51% secara mingguan dan naik 6,93% secara bulanan. Namun IHSG sejak awal tahun (year to date) tercatat masih melemah 22,49%.
(acd/acd)",36,857
https://finance.detik.com/berita-ekonomi-bisnis/d-8656431/pemerintah-buka-bukaan-alasan-permudah-tka-kerja-di-ri,finance,Pemerintah Buka-bukaan Alasan Permudah TKA Kerja di RI,"Kamis, 10 Sep 2026 09:09 WIB","Pemerintah akan mempermudah perizinan Tenaga Kerja Asing (TKA) yang menyertai penanaman modal bekerja di Indonesia. Hal ini dilakukan untuk mendorong kemudahan dan kepastian berusaha guna memperkuat daya tarik investasi nasional.
Kebijakan ini ditandai dengan penandatanganan dua Surat Keputusan Bersama (SKB) Menteri Ketenagakerjaan Yassierli, Menteri Imigrasi dan Pemasyarakatan Agus Andrianto, serta Menteri Investasi dan Hilirisasi/Kepala BKPM Rosan P Roeslani yang mengatur integrasi layanan Tenaga Kerja Asing (TKA) dalam rangka penanaman modal.
""SKB ini menjadi langkah kolaboratif untuk mendukung kelancaran proses penanaman modal sekaligus menciptakan iklim investasi yang semakin kondusif di Indonesia,"" jelas Rosan dalam keterangan resminya, Kamis (10/9/2026).
Secara spesifik, satu SKB berisi tentang Integrasi Sistem Online Single Submission (OSS) milik Kementerian Investasi dan Hilirisasi/BKPM dengan Sistem Informasi dan Aplikasi Pelayanan Ketenagakerjaan (SIAPkerja) Kemnaker, dan Aplikasi All Indonesia milik Kementerian Imigrasi dan Pemasyarakatan.
Integrasi mencakup pelayanan pengesahan Rencana Penggunaan Tenaga Kerja Asing (RPTKA) serta pengajuan Visa Tinggal Terbatas (VITAS), Izin Tinggal Terbatas (ITAS), dan Izin Tinggal Tetap (ITAP) bagi TKA dalam rangka penanaman modal. Sementara SKB lain tentang Pembentukan Tim Teknis Integrasi.
Rosan menegaskan integrasi antarsistem ini merupakan bagian dari upaya pemerintah menghadirkan layanan investasi yang semakin mudah, cepat, dan memberikan kepastian bagi pelaku usaha.
""Dengan adanya kolaborasi ini, ini sangat memberikan kepastian berusaha. Karena para tenaga kerja asing bisa mengetahui secara pasti kapan mereka bisa mendapatkan izin yang dibutuhkan,"" kata Rosan.
Selain itu, pria yang menjabat sebagai CEO Danantara ini menilai kemudahan TKA untuk bekerja di Indonesia juga berpotensi mendorong investasi asing masuk ke dalam negeri. Hal ini mengingat sejumlah sektor masih membutuhkan tenaga kerja asing yang biasanya ikut dibawa perusahaan saat berinvestasi.
""Harapannya integrasi ini juga akan memberikan dampak positif bagi Foreign Direct Investment yang masuk ke Indonesia, dan tentunya penciptaan lapangan pekerjaan yang berkualitas. Karena memang kita melihat di beberapa sektor industri kebutuhan tenaga kerja asing itu masih diperlukan, dan harapannya ini bisa memberikan transfer of knowledge dan transfer of technology kepada sumber daya manusia kita,"" tegas Rosan lagi.
Izin Kerja TKA Dipermudah Lewat Integrasi Sistem
Rosan mengatakan kini proses perizinan TKA untuk masing-masing layanan ditargetkan dapat selesai dalam waktu sekitar empat hari. Jika dalam lima hari izin tersebut belum dikeluarkan, maka izin terkait akan diterbitkan secara otomatis sesuai mekanisme yang telah ditetapkan.
""Dengan mekanisme ini proses izinnya keluar kurang lebih 4 hari untuk masing-masing layanan, dan ini merupakan kelanjutan dari reformasi PP 28 juga, dan jika tidak selesai dalam 5 hari otomatis izinnya akan dikeluarkan,"" ujarnya lagi.
Lebih lanjut, ia menjelaskan SKB ini juga mengatur kepastian waktu layanan melalui Service Level Agreement (SLA). Apabila batas waktu layanan terlampaui, dokumen dapat diterbitkan berdasarkan mekanisme fiktif positif yang terintegrasi dengan OSS.
Selain itu, integrasi memungkinkan akses layanan serta pertukaran dan pemanfaatan data antarsistem, sehingga proses menjadi lebih transparan.
Dalam integrasi tersebut, OSS berfungsi sebagai satu pintu layanan (single entry) sekaligus gateway integrasi bagi pelaku usaha dalam mengajukan permohonan pengesahan RPTKA maupun permohonan VITAS, ITAS, dan ITAP.
Sementara Kementerian Ketenagakerjaan melaksanakan proses layanan dan penilaian kelayakan serta menerbitkan pengesahan RPTKA melalui SIAPkerja.
Sedangkan Kementerian Imigrasi dan Pemasyarakatan melaksanakan verifikasi serta menerbitkan persetujuan VITAS, ITAS, dan ITAP melalui Aplikasi All Indonesia. Jika seluruh proses ini sudah selesai, data penerbitan selanjutnya dialirkan ke Sistem OSS.
(acd/acd)",54,4026
https://finance.detik.com/bursa-dan-valas/d-8656403/ssia-pertahankan-target-laba-rp-400-miliar-jsmr-bmas-siapkan-aksi-korporasi,finance,"SSIA Pertahankan Target Laba Rp 400 Miliar, JSMR & BMAS Siapkan Aksi Korporasi","Kamis, 10 Sep 2026 08:52 WIB","Market Overview
Indeks Harga Saham Gabungan (IHSG) kembali berakhir di zona merah pada perdagangan Rabu (9/9/2026). IHSG turun 0,12% ke level 6.678,20.
Sejumlah saham menjadi penggerak perdagangan. AMMN naik 5,14%, disusul IMPC yang menguat 9,51% dan AADI sebesar 5,96%. Di sisi lain, BBCA turun 2,25%, BMRI melemah 0,90%, sementara ASII terkoreksi 1,62%.
Tekanan juga datang dari investor asing. Di pasar reguler, tercatat penjualan bersih asing sebesar Rp621,40 miliar. Jika memperhitungkan seluruh pasar, penjualan bersih asing mencapai Rp438,52 miliar.
Pergerakan sektoral turut menunjukkan tekanan. Sebanyak 6 dari 11 sektor berakhir melemah. Sektor Healthcare menjadi yang mengalami penurunan paling dalam, yakni 1,33%. Sebaliknya, Transportation & Logistic mencatat penguatan terbesar sebesar 2,41%.
Dari bursa Amerika Serikat, tiga indeks utama juga ditutup melemah. Dow Jones turun 0,77% ke level 52.380, S&P 500 terkoreksi 0,48% ke 7.636, dan Nasdaq turun 0,64% ke 26.253.
Pelemahan sektor Healthcare sebesar 1,33% disebut mencerminkan aksi ambil posisi setelah katalis erupsi Anak Krakatau mulai kehilangan momentum. Tekanan juga terlihat pada ETF EIDO yang turun 0,68% serta indeks MSCI Indonesia yang melemah 0,99%.
Berita Emiten
- Surya Semesta Internusa (SSIA)
SSIA menyiapkan belanja modal atau capital expenditure (capex) sebesar Rp2,20 triliun untuk 2026. Porsi terbesar akan digunakan untuk pengembangan kawasan Subang Smartpolitan.
Sekitar Rp1,50 triliun dialokasikan untuk kebutuhan akuisisi lahan dan pengembangan lahan. Selain itu, SSIA menyediakan Rp330 miliar untuk proses rebranding Paradisus by Meliá Bali. Hingga semester I-2026, realisasi dana untuk kebutuhan tersebut telah mencapai sekitar Rp200 miliar.
SSIA juga melakukan penyesuaian terhadap target pendapatan tahun ini. Pendapatan 2026 diproyeksikan mencapai Rp7,20 triliun, turun dari target sebelumnya sebesar Rp7,50 triliun.
Penyesuaian target tersebut berkaitan dengan adanya penundaan penjualan serta pergeseran kontrak NRCA. Meski target pendapatan berubah, SSIA tetap mempertahankan target laba bersih sebesar Rp400 miliar pada akhir 2026.
Jika tercapai, target tersebut mencerminkan pertumbuhan laba bersih hingga 570% dibandingkan tahun sebelumnya.
- Jasa Marga (JSMR)
JSMR menganggarkan capex sekitar Rp12 triliun pada 2026. Sampai semester I-2026, realisasi belanja modal perseroan telah mencapai Rp4,40 triliun.
Anggaran tersebut diarahkan untuk mempercepat pembangunan serta pengoperasian lima proyek jalan tol. Proyek yang dimaksud meliputi Jakarta-Cikampek II Selatan seksi Setu-Sadang, Akses Patimban, Jogja-Bawen, Jogja-Solo, dan Probolinggo-Banyuwangi.
Untuk Tol Jogja-Bawen, Seksi 6 Ambarawa-Bawen sepanjang 4,98 kilometer ditargetkan mulai beroperasi pada November 2026. Sementara Seksi 1 Yogyakarta-SS Banyurejo ditargetkan rampung konstruksinya pada akhir September 2026.
JSMR menargetkan Tol Akses Patimban sepanjang 14 kilometer dapat mulai beroperasi pada 2028. Sementara pada ruas Probolinggo-Banyuwangi dengan total panjang 49,68 kilometer, Seksi Paiton-Besuki telah memasuki tahap Uji Laik Fungsi Operasi (ULFO).
Ruas tersebut ditargetkan mulai beroperasi pada akhir 2026 atau awal 2027. Secara keseluruhan, JSMR menargetkan tambahan sekitar 62 kilometer jalan tol dapat beroperasi pada akhir 2026 hingga awal 2027.
- Bank Kasikorn Indonesia (BMAS)
BMAS berencana melaksanakan penambahan modal melalui PMHMETD IV atau rights issue. Perseroan menetapkan rasio 655:104 dengan jumlah saham baru maksimal 2,87 miliar saham.
Jumlah tersebut setara dengan 13,70% dari modal ditempatkan dan disetor penuh setelah pelaksanaan PMHMETD IV. Harga pelaksanaan ditetapkan sebesar Rp350 per saham.
Dengan skema tersebut, BMAS berpotensi memperoleh dana sekitar Rp1,01 triliun. Seluruh dana hasil aksi korporasi tersebut akan digunakan sebagai modal kerja untuk mendukung peningkatan penyaluran kredit.
Kasikorn Vision Financial Company Pte. Ltd. (KVF), sebagai pemegang saham utama BMAS dengan kepemilikan saat ini sebesar 86,03%, menyatakan akan melaksanakan seluruh HMETD yang menjadi haknya. Termasuk HMETD yang dialihkan dari Kasikornbank (KBANK).
KVF juga akan bertindak sebagai pembeli siaga. Dengan demikian, kepemilikan KVF di BMAS berpotensi meningkat menjadi sekitar 86,37% hingga 87,81%.
Sementara itu, pemegang saham lama yang tidak mengambil haknya dalam PMHMETD IV berpotensi mengalami dilusi maksimal sebesar 13,70%.
Adapun periode perdagangan dan pelaksanaan HMETD dijadwalkan berlangsung pada 27 November hingga 3 Desember 2026. Cum-right di pasar reguler dan negosiasi ditetapkan pada 23 November 2026.
Rekomendasi Saham Hari Ini
- ARCI - Buy 1330-1340 | TP 1360-1380 | SL 1270
- TLKM - Buy 2640-2660 | TP 2680-2720 | SL 2510
- HRUM - Buy 965-975 | TP 1000-1010 | SL 925
- JARR - Buy 3390-3410 | TP 3450-3500 | SL 3170
- AKRA - Buy 1540-1550 | TP 1565-1580 | SL 1455
Disclaimer: Ingat, bahwa segala analisis dan rekomendasi saham dalam artikel ini bersifat informatif sekaligus bukan merupakan ajakan untuk membeli atau menjual saham tertentu.
(ang/ang)",78,5070
https://finance.detik.com/berita-ekonomi-bisnis/d-8656411/ekonomi-batam-tumbuh-7-28-ini-penopangnya,finance,"Ekonomi Batam Tumbuh 7,28%, Ini Penopangnya","Kamis, 10 Sep 2026 08:30 WIB","Pertumbuhan ekonomi Batam pada kuartal II 2026 tercatat 7,28% secara yoy. Angka ini lebih tinggi dibanding pertumbuhan ekonomi Provinsi Kepulauan Riau (Kepri) sebesar 6,99% dan pertumbuhan ekonomi nasional sebesar 5,29%.
Aktivitas ekonomi Batam sendiri ditopang sejumlah sektor, antara lain industri, investasi, perdagangan, dan jasa.
Kepala BP Batam, Amsakar Achmad, mengatakan capaian pertumbuhan tersebut menunjukkan kepercayaan dunia usaha terhadap Batam yang terus menguat.
""Pertumbuhan 7,28% adalah hasil kerja bersama. Tugas kita sekarang adalah menjaga momentum melalui pelayanan yang semakin cepat, infrastruktur yang semakin baik, dan iklim investasi yang semakin kompetitif,"" kata Amsakar dalam keterangan tertulis, Kamis (10/9/2026).
Menurutnya, keberlanjutan pertumbuhan ekonomi Batam perlu didukung dengan peningkatan kualitas pelayanan, pembangunan infrastruktur, serta penciptaan iklim investasi yang semakin kompetitif.
Wakil Kepala BP Batam, Li Claudia Chandra, menuturkan, pertumbuhan ekonomi tidak hanya diukur dari angka, tetapi juga dari manfaat yang dirasakan masyarakat.
""Pertumbuhan yang baik adalah pertumbuhan yang menciptakan pekerjaan, memperluas peluang usaha, dan meningkatkan kualitas hidup masyarakat,"" ujar Li Claudia.
Oleh karena itu, penguatan layanan dasar, penyediaan air bersih, transportasi, serta pembangunan infrastruktur perkotaan disebut akan terus menjadi bagian dari prioritas pengembangan Batam.
Sementara itu, Deputi Bidang Investasi BP Batam, Fary Djemy Francis, mengatakan investasi yang masuk ke Batam harus memberikan dampak ekonomi secara nyata, terutama dalam mendorong produksi dan penciptaan lapangan kerja.
""Investasi tidak boleh berhenti pada komitmen. Investasi harus menjadi proyek, proyek menjadi produksi, dan produksi menciptakan lapangan kerja,"" kata Fary.
Ia menambahkan, keberhasilan investasi tidak hanya dilihat dari nilai investasi yang masuk, tetapi juga dari kecepatan realisasi, nilai tambah yang dihasilkan, serta jumlah lapangan kerja yang tercipta.
(acd/acd)",43,2033
https://finance.detik.com/energi/d-8656368/harga-minyak-tembus-us-101-per-barel,finance,Harga Minyak Tembus US$ 101 per Barel!,"Kamis, 10 Sep 2026 08:21 WIB","Harga minyak mentah dunia terus melonjak dan kini kembali menembus level US$ 101 per barel. Ini merupakan harga penutupan tertinggi sejak Mei lalu.
Melansir CNBC, Kamis (10/9/2026), lonjakan harga minyak ini didorong oleh meningkatnya pertempuran antara Amerika Serikat (AS) melawan Iran di Teluk Persia, membuat pelaku pasar semakin khawatir akan penurunan ekspor energi melalui Selat Hormuz.
Pada akhir perdagangan Rabu (10/9) kontrak berjangka Brent yang kerap menjadi patokan global naik 3,4% menjadi US$ 101,21 per barel. Sementara harga minyak mentah AS West Texas Intermediate (WTI) juga naik hingga 3,3% dan ditutup pada US$ 96,05 per barel.
Untuk diketahui, pasukan militer AS tercatat berhasil menghancurkan lima kapal tanker minyak mentah Iran pada Selasa (8/9). Hal ini dilakukan sebagai balasan atas upaya serangan Iran terhadap kapal perang milik Amerika, meski serangan berhasil dihindari.
Salah satu kepala riset komoditas global di Goldman Sachs, Daan Struyven, menyebut eskalasi konflik AS-Iran yang kini memasuki bulan ketujuh meningkatkan risiko harga minyak dunia melonjak di atas US$ 120 per barel. Hal ini utamanya didorong oleh peningkatan upaya serangan terhadap kapal.
Meski begitu, Struyven mengatakan skenario dasar yang diperkirakan Goldman adalah ekspor Teluk Persia akan tetap pulih secara bertahap seiring adaptasi produsen atas berbagai gangguan, termasuk mencari rute pengiriman alternatif dan pada akhirnya kapasitas pipa tambahan.
""Namun, peningkatan ketegangan baru-baru ini meningkatkan kemungkinan skenario yang lebih mungkin terjadi kalau ekspor akan gagal pulih dalam beberapa bulan mendatang karena serangan terhadap kapal tanker,"" menurut Struyven.
Saksikan Live DetikPagi :",38,1717
https://finance.detik.com/berita-ekonomi-bisnis/d-8656331/penumpang-makin-padat-kci-tambah-13-perjalanan-krl-bogor,finance,"Penumpang Makin Padat, KCI Tambah 13 Perjalanan KRL Bogor","Kamis, 10 Sep 2026 07:45 WIB","PT Kereta Commuter Indonesia (KCI) atau KAI Commuter melakukan evaluasi atas pola operasi perjalanan sejak melakukan penyesuaian perjalanan Commuter Line Bogor pada Senin 7 September 2026 karena perawatan sarana KRL
VP Corporate Secretary KAI Commuter, Karina Amanda mengatakan berdasarkan hasil evaluasi tersebut, mulai hari ini, Kamis (10/9), pihaknya akan menambah kembali 13 perjalanan Commuter Line Bogor alias Red Line. Penambahan ini merupakan hasil evaluasi atas kepadatan pengguna yang terjadi imbas penyesuaian 17 perjalanan Commuter Line Bogor.
""Langkah ini diambil dengan melakukan pengaturan pola peredaran sarana Commuter Line di seluruh lintas layanan untuk mengoptimalkan jumlah jadwal perjalanan,"" kata Karina dalam keterangan resminya, Kamis (10/9/2026).
Bersama dengan itu, Karina menambahkan KAI Commuter akan melakukan rekayasa pola peredaran rangkaian sarana Commuter Line di lintas Tanjung Priok yang akan dioperasikan pada lintas Bogor.
""Dengan pengoperasian rangkaian ini, jumlah perjalanan Commuter Line Bogor akan bertambah sebanyak 13 perjalanan,"" ujarnya..
Lebih lanjut, ia mengatakan 13 perjalanan tambahan ini akan mendukung kebutuhan dan ketersediaan kapasitas angkut untuk layanan Commuter Line Bogor.
""Jadi mulai Kamis, (10/9) perjalanan Commuter Line Bogor ditambahkan kembali sebanyak 13 perjalanan. Dari total perjalanan Commuter Line Jabodetabek menjadi 1.061 perjalanan. Sebelumnya hanya 1.048 perjalanan pada tanggal 7 - 9 September,"" ucap Karina.
Dengan pengoperasian rangkaian dari lintas Tanjung Priok untuk perjalanan di lintas Bogor ini, operasional perjalanan Commuter Line Priok sementara akan dilayani dengan menggunakan rangkaian Commuter Line Basoetta alias kereta bandara.
""Untuk layanan, tarif dan jadwal tidak ada perubahan dan tetap diberlakukan seperti layanan saat menggunakan rangkaian KRL,"" tuturnya.
Pengoperasian sementara Commuter Line lintas Tanjung Priok dengan menggunakan rangkaian Commuter Line Basoetta ini, juga mengharuskan untuk dilakukan penyesuaian kembali pada jadwal layanan perjalanan Commuter Line Basoetta sementara waktu.
""Mulai Kamis 10 September 2026 Jadwal layanan perjalanan Commuter Line Basoetta dari 70 perjalanan menjadi 52 perjalanan,"" tambah Karina.
Untuk itu ia mengimbau kepada seluruh pengguna Commuter Line Basoetta untuk menyesuaikan kembali jadwal perjalanannya. Sementara update jadwal perjalanan dan pemesanan tiket Commuter Line Bosetta bisa diakses melalui aplikasi C-Access atau Access By KAI.
""Untuk pengguna Commuter Line Basoetta yang telah memiliki tiket pada perjalanan yang terdampak atas penyesuaian jadwal ini, pengguna bisa naik pada jadwal sebelum atau sesudah jadwal pemberangkatannya atau dapat melakukan refund tiket 100% melalui loket di Stasiun-Stasiun Commuter Line Basoetta,"" terang Karina.
Menurutnya langkah ini harus diambil KAI Commuter atas evaluasi penyesuaian operasional perjalanan Commuter Line imbas perawatan sarana KRL yang ada dan mengoptimalkan jumlah jadwal perjalanan Commuter Line setiap harinya.
""Tentunya KAI Commuter menyampaikan permohonan maaf atas ketidaknyamanan yang timbul pada penyesuaian sementara layanan perjalanan Commuter Line pada lintas pelayanan yang terdampak,"" tandas Karina.
(acd/acd)",57,3238
https://finance.detik.com/berita-ekonomi-bisnis/d-8656068/setahun-purbaya-dan-gaya-koboinya-mengawal-kocek-negara,finance,Setahun Purbaya dan Gaya Koboinya Mengawal Kocek Negara,"Kamis, 10 Sep 2026 07:15 WIB","Genap setahun Purbaya Yudhi Sadewa menakhodai Kementerian Keuangan. Eks Ketua Dewan Komisioner LPS itu datang ketika ekonomi Indonesia tengah tertekan dan dibayangi pesimisme.
Dengan gaya komunikasi 'koboi' yang ceplas-ceplos dan penuh kejutan, Purbaya mengeluarkan sejumlah kebijakan, mulai dari menggelontorkan Rp 200 triliun dana pemerintah ke Himbara hingga memelototi belanja Kementerian/Lembaga.
Setahun berlalu, pertumbuhan ekonomi memang terlihat lebih tinggi setelah Purbaya menjabat. Rata-rata pertumbuhan empat kuartal sebelum Purbaya sekitar 4,99%, sementara empat kuartal setelahnya mencapai 5,33%, atau naik 0,34 poin persentase.
""Kalau desainnya sesuai dengan yang saya dan Pak Presiden inginkan saat itu, harusnya kita sudah tumbuh lebih cepat. Harusnya kita sudah di kisaran 6%."" Kata Purbaya kepada detikcom dalam sebuah wawancara khusus, Selasa (8/9) kemarin.
Namun tantangan belum selesai. Dengan target pertumbuhan ekonomi pemerintah sebesar 8%, seberapa optimistis Purbaya bisa membawa ekonomi Indonesia mencapai angka tersebut? Simak wawancara khusus detikcom bersama Menteri Keuangan, Purbaya Yudhi Sadewa, dalam program detikSore hari ini, Kamis (10/9/2025) jam 15.00 WIB.
(eds/eds)",55,1207
https://finance.detik.com/berita-ekonomi-bisnis/d-8656143/tka-makin-mudah-kerja-di-indonesia-ini-aturannya,finance,"TKA Makin Mudah Kerja di Indonesia, Ini Aturannya","Kamis, 10 Sep 2026 06:55 WIB","Pemerintah akan memangkas proses perizinan bagi Tenaga Kerja Asing (TKA) yang menyertai penanaman modal di Indonesia. Hal ini dilakukan lantaran beberapa sektor industri tanah air masih membutuhkan TKA.
Kebijakan ini ditandai dengan penandatanganan dua Surat Keputusan Bersama (SKB) antara Menteri Ketenagakerjaan Yassierli, Menteri Imigrasi dan Pemasyarakatan Agus Andrianto, serta Menteri Investasi dan Hilirisasi/Kepala BKPM Rosan P. Roeslani di Kantor Kementerian Investasi dan Hilirisasi/BKPM, Jakarta, Rabu (9/9/2026).
SKB pertama yaitu tentang Integrasi Sistem Online Single Submission (OSS), Sistem Informasi dan Aplikasi Pelayanan Ketenagakerjaan (SIAPkerja), dan Aplikasi All Indonesia. SKB kedua yaitu tentang Pembentukan Tim Teknis Integrasi.
Melalui SKB tiga kementerian ini, sistem Online Single Submission (OSS) pada Kementerian Investasi dan Hilirisasi/BKPM akan diintegrasikan dengan SIAPkerja milik Kementerian Ketenagakerjaan dan Aplikasi All Indonesia pada Kementerian Imigrasi dan Pemasyarakatan.
Rosan mengatakan kini proses perizinan TKA ditargetkan dapat selesai dalam waktu sekitar lima hari. Jika melewati batas waktu tersebut, izin akan diterbitkan secara otomatis sesuai mekanisme yang telah ditetapkan.
Kebijakan tersebut mulai berlaku akhir September ini.
""Jadi memang rencananya pada akan mulai berjalan implementasinya pada akhir bulan ini rencananya tadi saya di- diinformasikan, Insyaallah akhir bulan ini sudah mulai berjalan hasil dari kesepakatan dari kami bertiga,"" ujar Rosan.
Rosan mengatakan kebijakan pemangkasan waktu ini dapat meningkatkan investasi dan industri di Indonesia. Kebijakan itu juga diharapkan memberikan dampak positif terhadap foreign direct investment (FDI) atau penanaman modal asing.
""Karena memang kita melihat bahwa dari beberapa sektor industri memang kebutuhan tenaga kerja asing itu masih kita perlukan. Dan harapan ini bisa memberikan transfer of knowledge, transfer of technology kepada sumber daya manusia kita,"" terang Rosan yang juga CEO Danantara.
Menteri Ketenagakerjaan (Menaker) Yassierli menambahkan, dengan SKB ini pelayanan ke depan nantinya akan semakin baik. Meski begitu, Menaker memastikan tetap monitoring terhadap jalannya proses perizinan kerja KTA.
""Insyaallah kita yakin dalam implementasinya nanti akan memberikan layanan dan hasil yang efektif dan efisien yang lebih baik,"" terang Yassierli.
Saksikan Live DetikPagi :",49,2407
https://finance.detik.com/berita-ekonomi-bisnis/d-8656060/makin-banyak-rokok-ilegal-di-jakarta-ditindak-bea-cukai-tanda-permasalahan-serius,finance,"Makin Banyak Rokok Ilegal di Jakarta Ditindak, Bea Cukai: Tanda Permasalahan Serius","Kamis, 10 Sep 2026 06:30 WIB","Jumlah penindakan bidang cukai di Jakarta, termasuk rokok ilegal tahun 2026 mengalami peningkatan. Kanwil Direktorat Jenderal Bea Cukai (DJBC) Jakarta telah menindak 59,8 juta batang rokok ilegal sepanjang tahun ini.
Kepala Kantor Wilayah Bea Cukai Jakarta, Hendri Darnadi mengatakan, total kerugian dari pelanggaran itu tembus Rp 46,79 miliar. Menurutnya, peredaran rokok ilegal tidak hanya merugikan negara, tetapi juga menciptakan persaingan usaha yang tidak sehat.
""Selama tahun 2026 sebanyak 413 kali kegiatan penindakan di bidang cukai, yang kemudian menghasilkan 59 juta, hampir 60 juta batang (rokok ilegal),"" kata Hendri dalam konferensi pers di Kantor Kanwil DJBC Jakarta, Rabu (9/9/2026).
Hendri menyebut isu ini harus menjadi atensi karena penerimaan negara dari cukai tergolong besar. Dengan beredarnya rokok ilegal, penerimaan negara atau fiskal bisa digerogoti.
""Yang harus menjadi atensi atau perhatian yang sangat serius dari kita semua, rokok merupakan salah satu di bidang cukai, merupakan sumber penerimaan negara terbesar. Jadi peredaraan rokok ilegal ini tidak hanya kemudian menggerogoti penerimaan negara atau fiskal,"" tegas Hendri.
Hendri menyebut jumlah tersebut meningkat sekitar 257% dibandingkan capaian pada periode yang sama tahun 2025. Kanwil DJBC Jakarta mencatat penindakan yang dilakukan tahun lalu mencapai 23 juta batang rokok ilegal.
""Jumlah tersebut meningkat 250% dibanding capaian pada periode yang sama tahun lalu, yaitu sampai 31 Agustus itu ada 23 juta batang. Ini menandakan bahwa ada permasalahan serius bahwa kegiatan perdagangan rokok ilegal ini sangat masif,"" tuturnya.
Sebagai informasi, total kerugian juga memperhitungkan hasil penindakan terhadap Minuman Mengandung Etil Alkohol (MMEA) sebanyak 12.093 liter. Selain itu, Bea Cukai Jakarta turut menindak 5.300 liter etil alkohol.
Jumlah penindakan bidang cukai secara keseluruhan meningkat 31,7% dibandingkan capaian tahun 2025. Adapun nilai barang bidang cukai dari rokok ilegal, MMEA dan etil alkohol sepanjang 2026 tembus Rp 83,39 miliar.
(acd/acd)",83,2054
https://finance.detik.com/moneter/d-8656056/bri-bsi-dapat-tugas-siapkan-rekening-warga-ri-yang-sudah-punya-gimana,finance,"BRI & BSI Dapat Tugas Siapkan Rekening Warga RI, yang Sudah Punya Gimana?","Kamis, 10 Sep 2026 05:55 WIB","Presiden Prabowo Subianto meminta agar masyarakat Indonesia memiliki rekening bank. Menteri Koordinator Bidang Perekonomian, Airlangga Hartarto menyebut Bank Rakyat Indonesia (BRI) dan Bank Syariah Indonesia (BSI) telah diminta mempersiapkan rekening tersebut.
Terkait apakah masyarakat yang telah memiliki rekening tetap menerima rekening dari BRI dan BSI, Airlangga menyebut hal itu akan dikonsolidasikan. Yang jelas, Airlangga menjelaskan pembuatan rekening bertujuan untuk menyalurkan program pemerintah.
""Nanti dikonsolidasi. Jadi kalau rekening ini kan untuk berbagai program pemerintah. Jadi nanti dikonsolidasi di BRI maupun di BSI. Nah, nanti yang punya multiple account juga nanti kita lihat,"" kata Airlangga di Kompleks Istana Kepresidenan, Rabu (9/9/2026).
Saat dikonfirmasi ulang, Airlangga membenarkan bahwa masyarakat yang sebelumnya telah memiliki rekening bank akan tetap menerima rekening BRI dan BSI.
""Tetep dapet juga,"" kata Airlangga singkat.
Rencana pemerintah memberi rekening perbankan ke masyarakat diungkap pertama kali oleh Airlangga usai rapat terbatas bersama Prabowo. Pemerintah telah membahas kepemilikan rekening masyarakat Indonesia serta tingkat inklusi dan literasi keuangan nasional.
""Tadi Bapak Presiden meminta agar penduduk Indonesia itu mempunyai rekening koran. Jadi tentu diminta untuk BRI dan juga Bank Syariah Indonesia itu mempersiapkan rekening untuk masyarakat,"" kata Airlangga di Kompleks Istana Kepresidenan, Jakarta, Senin (7/9).
Airlangga menjelaskan, pemerintah akan menggunakan data kependudukan dari Direktorat Jenderal Kependudukan dan Pencatatan Sipil (Dukcapil). Data tersebut nantinya akan dipadankan dengan sistem yang terdapat di Bank Indonesia (BI).
""Dan nanti data yang dipakai adalah data dari Dukcapil. Dan data dari Dukcapil itu tentunya nanti akan dipadankan dengan sistem yang ada di Bank Indonesia terutama untuk payment sistemnya dan yang kedua gateway sistemnya. Jadi menggunakan QRIS,"" jelas Airlangga.
Saksikan Live DetikPagi :",73,1999
https://finance.detik.com/infrastruktur/d-8656204/mrt-ungkap-rencana-sulap-kawasan-kota-tua,finance,MRT Ungkap Rencana 'Sulap' Kawasan Kota Tua,"Rabu, 09 Sep 2026 23:13 WIB","PT MRT Jakarta (Perseroda) berencana mengembangkan Kota Tua dengan konsep yang sama dengan di Blok M, namun tetap mempertahankan identitas heritage kawasan. Pengembangan ini sejalan dengan rencana perpanjangan jalur MRT hingga Kota Tua.
Kepala Divisi Business Planning & Expansion MRT Jakarta R. Samuel Ryan Pradipta Pranowo mengatakan, pengembangan kawasan berbasis Transit Oriented Development (TOD) tidak cukup hanya dengan membangun ruang fisik, tetapi juga perlu dibarengi dengan ruang untuk beraktivitas.
Hal tersebut menjadi bagian dari konsep placemaking dengan menghidupkan kembali kawasan, tidak hanya secara bisnis tetapi juga untuk mendukung kegiatan masyarakat perkotaan. Konsep inilah yang diterapkan di Blok M, dan selanjutnya di Kota Tua.
Placemaking sendiri merupakan proses menciptakan atau menghidupkan sebuah ruang sehingga ruang tersebut menjadi tempat yang punya fungsi, karakter, aktivitas, dan makna bagi orang yang menggunakannya.
""Area kota tua itu akan kami revitalisasi juga. Mudah-mudahan tetap hidup dengan mempertahankan identitas heritage-nya. Jadi heritage Chinatown-nya, Little Amsterdam-nya itu nggak hilang, tapi tetap area-nya akan dibuat hidup dengan kombinasi retail, komunitas, dan lain sebagainya."" ujar Samuel, dalam acara Workshop MRT Fellowship 2026 di Wisma Nusantara, Jakarta, Rabu (9/9/2026).
Dalam konsep besar dari placemaking sendiri, pengembangan kawasan mengacu pada karakter dan demografi dari kawasan tersebut sehingga setiap tempat punya 'soul' atau jiwa. Hal ini yang menjadi identitas sekaligus keunikan dari tempat-tempat tersebut.
Samuel menjelaskan, salah satu kunci untuk mengembangkan kawasan dengan konsep ini ialah melalui activity generation partnership, mendorong aktivtas dengan melibatkan komunitas di kawasan tersebut. Konsep ini mengakomodasi masyarakat yang ingin berkumpul dan beraktivitas.
Seperti halnya di Blok M, yang memiliki beragam aktivitas komunitas di dalamnya. Blok M saat ini terus berkembang, tidak hanya sebagai tempat berkumpul dan beraktivtas, tetapi juga menjadi pusat kuliner dan lifestyle.
Di Blok M, identitas kawasan dibangun sebagai urban youth hub untuk anak muda, sekaligus membawa unsur nostalgia bagi generasi terdahulu. Sementara di Kota Tua, lanjut Samuel, elemen Glodok, Pecinan, dan heritage tetap dipertahankan.
Selain itu, di beberapa area di kawasan tersebut juga akan dikombinasikan dengan unsur yang lebih modern atau futuristik, mengingat kawasan Glodok juga dulunya dikenal dengan pusat elektronik. Heritage dan modern merupakan dua sisi yang berlawanan, tetapi akan dikombinasikan di dalam kawasan tersebut.
""Terkait komunitas apa, misalnya tadi di Kota Tua nanti akan banyak heritage, movie, dan seni. Mungkin komunitas pertama yang akan ditargetkan pertama untuk dirangkul. Misalkan komunitas yang suka ngelukis, art performer. Jadi setelah placemaking ditentukan temanya, komunitas sekitar dirangkul, nanti berikutnya baru komunitas yang sesuai tema itu akan dirangkul juga dari luar,"" ujar Samuel.
Pengembangan placemaking tersebut nantinya akan berjalan seiring dengan pembangunan MRT menuju Kota Tua. Samuel belum merincikan kapan revitalisasi kawasan akan dimulai, mengingat saat ini pembangunan masih berfokus pada penyelesaian Stasiun Thamrin dan Monas yang ditargetkan beroperasi pada Desember 2027.
Revitalisasi kawasan Kota Tua kemungkinan akan dilakukan setelah jalur MRT Jakarta tersambung hingga kawasan tersebut. Adapun dalam rencana besarnya, jalur MRT North-South ditargetkan tembus ke Kota Tua pada 2029 mendatang.
""(Mulai revitalisasi kawasan) Kota itu akan seiring sejalan dengan target kami 2029, kota sudah dibuka. Nah sebetulnya setelah Extended Concourse, tahun depan, di Desember itu mungkin palcemaking terdekat ada di Thamrin sama di Monas. Karena stasiun Thamrin dan Monas itu target beroperasinya di bulan Desember,"" katanya.
(shc/hns)",43,3875
https://finance.detik.com/berita-ekonomi-bisnis/d-8656192/ruu-ketenagakerjaan-dinilai-jauh-dari-harapan-buruh-besok-demo-besar,finance,"RUU Ketenagakerjaan Dinilai Jauh dari Harapan, Buruh Besok Demo Besar","Rabu, 09 Sep 2026 22:36 WIB","Koalisi Besar Perjuangan Buruh Indonesia (KBPBI) akan menggelar aksi serentak di 30 kota/kabupaten pada Kamis (10/9/2026). Aksi tersebut melibatkan sekitar 50 ribu buruh.
Selain menggelar aksi, massa buruh juga akan melakukan audiensi dengan DPRD, pemerintah kabupaten/kota maupun pemerintah provinsi untuk menyampaikan aspirasi terkait substansi RUU tersebut.
Ketua Umum Konfederasi Aliansi Serikat Buruh Indonesia (KASBI) Sunarno mengatakan, aksi tersebut merupakan bentuk pengawalan terhadap pembahasan RUU Ketenagakerjaan yang dinilai masih jauh dari harapan pekerja. Buruh menilai masih terdapat sejumlah persoalan krusial yang belum terakomodasi.
""10 September 2026 kami akan melakukan aksi pengawalan di berbagai daerah di Indonesia. Setidaknya ada 30 daerah kota/kabupaten yang akan melakukan aksi turun ke jalan. Untuk estimasi besok sebagai aksi permulaan, perkiraan ada sekitar 50.000 buruh,"" kata Sunarno dalam keterangan tertulis, Rabu (9/9/2026).
Sementara itu, Ketua Umum Gerakan Serikat Buruh Indonesia (GSBI) Rudi HB Daman menegaskan RUU inisiatif DPR masih belum menjawab persoalan utama buruh. Menurut Rudi, sejumlah ketentuan dalam RUU tersebut dinilai masih mempertahankan semangat Omnibus Law yang selama ini ditolak oleh kalangan buruh.
""RUU inisiatif DPR ini adalah masih jauh dari harapan buruh. Undang-undang ini salah satunya masih memiliki semangat Omnibus Law,"" kata Rudi.
Dia mencontohkan ketentuan mengenai pemagangan yang dinilai berpotensi menjadi skema baru politik upah murah dan praktik outsourcing. KBPBI, kata Rudi, meminta skema pemagangan dihapuskan. Jika tetap diatur, pemagangan seharusnya hanya diperuntukkan bagi siswa dan mahasiswa dalam konteks pendidikan dengan durasi maksimal tiga bulan.
Selain pemagangan, persoalan lain yang disoroti adalah Perjanjian Kerja Waktu Tertentu (PKWT). Rudi menyebut RUU tersebut masih mengatur PKWT hingga empat tahun.
""Di Koalisi Besar, itu tuntutan kita adalah dihapuskan. Tapi kita memberikan kompromi kepada pemerintah, kepada DPR, kalaupun diatur hanya satu tahun,"" ujarnya.
Rudi juga mengkritik banyaknya ketentuan dalam RUU yang didelegasikan kepada pemerintah melalui Peraturan Pemerintah, Peraturan Presiden, maupun Peraturan Menteri. Berdasarkan catatan yang disampaikannya, terdapat sekitar 43 pasal yang didelegasikan kepada Peraturan Pemerintah, 16 pasal kepada Peraturan Menteri, dan sekitar tiga pasal kepada Peraturan Presiden.
""Ketika undang-undang banyak mendelegasikan kepada Peraturan Pemerintah, maka esensi demokratisasinya itu hilang,"" tegasnya.
Persoalan pengupahan juga menjadi perhatian buruh. Rudi menilai formula upah minimum yang masih menggunakan variabel alfa berpotensi kembali memicu polemik di kalangan pekerja.
Karena itu, KBPBI mendesak pemerintah dan DPR tidak menggunakan alfa dalam penetapan upah minimum, melainkan menggunakan indeks tertentu yang dinilai lebih menjamin peningkatan kesejahteraan pekerja.
Rudi menegaskan, aksi pada 10 September merupakan bentuk penampungan aspirasi basis buruh di daerah sekaligus peringatan kepada DPR dan pemerintah agar membuka ruang perbaikan terhadap RUU tersebut.
Menurutnya, sejumlah basis buruh di daerah sebenarnya telah mendesak agar aksi besar langsung digelar di Jakarta. Namun, pimpinan serikat buruh masih memilih menempuh komunikasi dan memberikan ruang kepada DPR serta pemerintah untuk merespons tuntutan mereka.
""Kita sebenarnya kawan-kawan daerah ini sudah mendesak untuk segera bergerak ke Jakarta,"" katanya.
Presiden Konfederasi Serikat Pekerja Seluruh Indonesia (KSPSI) Andi Gani Nena Wea dalam video conferencenya meminta seluruh buruh yang akan mengikuti aksi besar pada 10 September 2026 di berbagai daerah untuk tetap menaati aturan hukum dan menjaga ketertiban selama menyampaikan aspirasi.
Andi Gani menegaskan, aksi harus dilakukan secara damai dan tertib. Ia juga mengingatkan massa buruh agar tidak melakukan tindakan anarkis maupun perusakan dalam bentuk apa pun.
""Saya meminta seluruh buruh yang melakukan aksi besok untuk taat aturan hukum, menyampaikan aspirasi dengan tertib, dan tidak melakukan tindakan perusakan apa pun,"" tegas Andi Gani.
Sebelumnya, ungkap Andi Gani, buruh berencana menggelar aksi besar dengan memusatkan massa di Jakarta. Namun, rencana tersebut kemudian diubah setelah Presidium KBPBI memperoleh informasi adanya potensi penyusupan dalam aksi 10 September.
Atas pertimbangan tersebut, Presidium KBPBI memutuskan aksi digelar di wilayah masing-masing. Kebijakan ini diambil untuk memastikan aksi tetap berjalan tertib sekaligus menjaga keselamatan para peserta aksi.
Andi Gani menekankan bahwa perubahan lokasi aksi tidak mengurangi semangat buruh dalam menyampaikan aspirasi terkait perjuangan dan kepentingan pekerja.
""Kami berharap seluruh elemen buruh dapat menjaga situasi tetap kondusif dan tidak memberikan ruang bagi pihak-pihak yang ingin memanfaatkan aksi untuk kepentingan di luar agenda perjuangan buruh,"" ucapnya.
(hns/hns)",69,4950
https://finance.detik.com/berita-ekonomi-bisnis/d-8656183/menaker-soal-formula-upah-minimum-2027-tunggu-aja,finance,Menaker soal Formula Upah Minimum 2027: Tunggu Aja!,"Rabu, 09 Sep 2026 22:22 WIB","Kalangan buruh mulai menghitung besaran kenaikan upah minimum tahun 2027. Sejumlah kelompok buruh mengusulkan kenaikan upah minimum naik sebesar 7% hingga 9%.
Lantas apakah pemerintah sudah menghitung formula upah minimum tahun 2027?
Menteri Ketenagakerjaan Yassierli menyampaikan bahwa saat ini pemerintah tengah melakukan pembahasan terkait formula upah minimum. Dalam pembahasan tersebut, usulan dari berbagai pihak akan ditampung.
""Tunggu aja, kita usulkan dulu,"" kata Yassierli saat ditanya terkait formula upah minimum, Rabu (9/9/2026).
Saat ditanya apakah pembahasan formula upah minimum 2027 akan berkaitan dengan revisi Undang-Undang Ketenagakerjaan, Yassierli mengatakan pemerintah juga akan mengupayakannya masuk dalam kerangka tersebut.
""(Pakai UU Ketenagakerjaan) Kita usahakan juga,"" ujarnya.
Usulan indeks Alfa
Sebelumnya, Presiden Konfederasi Serikat Pekerja Indonesia (KSPI) Said Iqbal mengusulkan kenaikan upah minimum harus tetap mempertimbangkan inflasi, pertumbuhan ekonomi, dan indeks tertentu atau alfa. Ia mengusulkan indeks alfa sebesar 0,5 sampai 0,9.
""Buruh akan mengusulkan kenaikan upah minimum 2027 berdasarkan inflasi, pertumbuhan ekonomi, dan indeks tertentu. Indeks tertentu yang kami usulkan dari buruh setidak-tidaknya dari KSPI dan KSP-PB adalah 0,5 sampai 0,9,"" kata Said di kompleks DPR RI Senayan, Jakarta, Senin (7/9/2026).
Ia memperkirakan inflasi berada di kisaran 3%, sedangkan rata-rata pertumbuhan ekonomi sekitar 5,2-5,3%. Berdasarkan perhitungan tersebut, Said memperkirakan kenaikan upah minimum 2027 dapat berada pada kisaran 7,5% hingga 8,5%.
""Kalau diambil rata-rata (pertumbuhan ekonomi) 5,2% atau 5,3%, ditambah inflasi 3 sekian persen, kita udah ketemu tuh kira-kira 8,4% atau 8,5%. Dikalikan aja 0,9 (alfa). Maka bisa diperkirakan kenaikan upah minimum 2027 itu adalah berkisar 7,5% sampai dengan 8,5%,"" jelas dia.
Sebagai informasi, penghitungan kenaikan upah minimum 2026 menggunakan formula inflasi + (pertumbuhan ekonomi x alfa). Pemerintah menetapkan rentang alfa sebesar 0,5-0,9.
Alfa merupakan indeks tertentu yang menggambarkan kontribusi tenaga kerja terhadap pertumbuhan ekonomi. Besaran alfa menjadi salah satu komponen yang menentukan persentase kenaikan upah minimum.
Namun, Said menegaskan usulannya masih berupa perkiraan. Besaran usulan masih menunggu data resmi Badan Pusat Statistik (BPS) mengenai inflasi dan pertumbuhan ekonomi yang menjadi dasar penghitungan upah minimum.
""Tentu menunggu laporan resmi BPS tentang inflasi dan pertumbuhan ekonominya, dihitung bukan tahun kalender tapi tahun takwim. September 2025 sampai Oktober 2026. Berarti menunggu BPS. Kan kita belum tau September dan Oktober berapa inflasi dan berapa pertumbuhan ekonominya,"" jelas dia.
Usulan Dibagi 3 Kategori
Sementara itu, Presiden Konfederasi Serikat Pekerja Nusantara (KSPN) Ristadi menyoroti kesenjangan upah minimum antardaerah yang dinilai semakin lebar. Ristadi mencontohkan upah minimum di Cirebon sekitar Rp 2,8 juta, sedangkan Kota Bekasi sudah mencapai sekitar Rp 5,9 juta.
""Selisihnya sudah 100% lebih, misal Cirebon Rp 2,8 juta, di kota Bekasi sudah Rp 5,9 juta, ini sudah termasuk ekstrem. Maka secara prinsip KSPN sedang meminta reformasi aturan upah minimum melalui UU Ketenagakerjaan yang baru yang sedang proses dibahas di DPR,"" kata Ristadi dihubungi detikcom.
Dengan skema tersebut, pekerja pada sektor industri sejenis akan memiliki upah minimum yang sama di seluruh Indonesia. Sistem tersebut dinilai dapat memberikan keadilan bagi pekerja sekaligus menciptakan persaingan yang lebih sehat bagi pengusaha.
Namun, apabila sistem pengupahan tahun depan masih menggunakan formula yang berlaku saat ini, KSPN mengusulkan persentase kenaikannya tidak disamaratakan di seluruh Indonesia.
KSPN mengusulkan kenaikan upah minimum dibagi menjadi tiga kategori. Berikut rinciannya:
1. Upah Minimum di atas Rp 4,5 juta
= 3,5% + (5,7% x 0,6)
= 3,5% + 3,42%
= 6,92% bulatkan 7%
2. Upah Minimum Rp 3,5 juta sampai dengan Rp 4,5 juta
= 3,5% + (5,7% x 0,8)
= 3,5% + 4,56%
= 8,06% bulatkan 8%
3. Upah Minimum di bawah Rp 3,5 juta
= 3,5% + (5,7% x 1)
= 3,5% + 5,7%
= 9,2%",51,4127
https://finance.detik.com/berita-ekonomi-bisnis/d-8656172/ini-kesalahan-promosi-di-whatsapp-yang-bikin-calon-customer-kabur,finance,Ini Kesalahan Promosi di WhatsApp yang Bikin Calon Customer Kabur,"Rabu, 09 Sep 2026 22:11 WIB","WhatsApp bisa menjadi salah satu channel paling efektif untuk berkomunikasi dengan calon customer. Tapi kalau digunakan dengan cara yang kurang tepat, broadcast WhatsApp justru bisa membuat orang merasa terganggu dan memilih mengabaikan pesan dari bisnis kamu.
Salah satu kesalahan yang masih sering dilakukan pelaku usaha adalah mengirim pesan promosi dengan pola yang sama berulang kali.
Mulai dari judul dengan huruf kapital semua, harga yang dicoret, hingga ajakan ""order sekarang"" tanpa memberikan konteks yang membuat customer merasa pesan tersebut memang relevan untuk mereka.
Padahal, broadcast WhatsApp seharusnya tidak hanya berisi promosi. Cara menyusun pesan, memilih informasi yang disampaikan, hingga menentukan waktu pengiriman juga bisa memengaruhi respons calon customer.
Broadcast Terlalu Promosi Bisa Terasa Seperti Spam
Ketika setiap pesan yang masuk hanya berisi penawaran, diskon, atau ajakan membeli, customer bisa merasa bahwa mereka sedang menerima spam, bukan sedang mendapatkan informasi yang bermanfaat.
Pesan yang terlalu berjualan juga berisiko membuat penerima kehilangan ketertarikan untuk membuka pesan berikutnya. Dalam jangka panjang, hal ini dapat mempengaruhi hubungan bisnis dengan customer dan membuat komunikasi melalui WhatsApp menjadi kurang efektif.
Belajar Membuat Broadcast WhatsApp yang Lebih Efektif
Kalau kamu masih bingung bagaimana membuat broadcast yang tidak terasa seperti spam, kelas WhatsApp Marketing: Maksimalin Cuan, Cuma Pakai WhatsApp Doang!!! Batch 3 bisa menjadi salah satu pilihan untuk mempelajari strateginya.
Kelas online yang berlangsung pada Jumat, 18 September 2026 ini akan membahas cara menyusun broadcast yang informatif tanpa menghilangkan tujuan penjualan. Peserta juga akan mempelajari copywriting melalui studi kasus yang dekat dengan kebutuhan pelaku bisnis sehari-hari.
Cocok untuk Pelaku Usaha yang Ingin Maksimalkan WhatsApp
Kelas ini ditujukan untuk pemilik usaha yang sudah menggunakan WhatsApp sebagai salah satu channel penjualan maupun yang baru ingin membangun sistem komunikasi digital dari awal.
Kalau selama ini broadcast WhatsApp kamu belum memberikan hasil yang maksimal, mungkin masalahnya bukan pada produknya, tetapi pada cara pesan tersebut disampaikan.
Yuk, daftarkan dirimu melalui detikevent!
(hns/hns)",65,2300
https://finance.detik.com/berita-ekonomi-bisnis/d-8656160/pembukuan-usaha-jasa-kamu-masih-manual-pelajari-accurate-lewat-pelatihan-ini,finance,Pembukuan Usaha Jasa Kamu Masih Manual? Pelajari Accurate Lewat Pelatihan Ini!,"Rabu, 09 Sep 2026 22:03 WIB","Masih pakai Excel atau bahkan catatan tulisan tangan buat pembukuan usaha jasa kamu? Risikonya bukan cuma buang waktu, tapi juga rawan salah hitung yang berujung ke keputusan bisnis yang keliru.
ACCURATE FOR SERVICE COMPANY: Pelatihan Akuntansi Jasa Berbasis Accurate Batch 4 hadir buat pelaku usaha jasa yang mau naik level dari pencatatan manual ke sistem digital yang lebih rapi dan real-time.
Kenapa Harus Migrasi dari Manual ke Sistem Digital
Pencatatan manual gampang human error, susah ditelusuri kalau ada selisih, dan bikin laporan keuangan telat setiap kali dibutuhkan mendadak, misalnya buat ajukan pinjaman atau evaluasi bulanan. Software akuntansi seperti Accurate bantu proses ini jadi lebih cepat dan minim drama.
Yang Dipelajari di Pelatihan Ini
Digelar Rabu, 16 September 2026 hingga Jumat, 18 September 2026, pukul 18.30-20.30 WIB, secara online, pelatihan ini mengajak peserta praktik langsung mengelola transaksi usaha jasa di Accurate. Mulai dari pencatatan penjualan jasa, kas dan bank, transaksi penyesuaian, sampai alur lengkap laporan keuangan siap pakai.
Siapa yang Cocok Ikut
Pelatihan ini pas buat pelaku usaha jasa yang masih mengandalkan cara manual, staf administrasi dan keuangan yang mau upgrade skill, sampai mahasiswa akuntansi yang mau paham sistem kerja software akuntansi sungguhan, bukan cuma teori di kelas.
Jangan tunggu laporan makin berantakan. Amankan slot pelatihan Accurate for Service Company Batch 4 sekarang di detikevent.
(hns/hns)",78,1481
https://finance.detik.com/berita-ekonomi-bisnis/d-8656126/prabowo-ungkap-kata-pakar-2050-ri-negara-keempat-ekonomi-terbesar-dunia,finance,Prabowo Ungkap Kata Pakar: 2050 RI Negara Keempat Ekonomi Terbesar Dunia,"Rabu, 09 Sep 2026 21:15 WIB","Presiden Prabowo Subianto menyebut pakar dan institusi dunia meramalkan bahwa Indonesia akan menjadi negara dengan ekonomi terbesar keempat dunia pada 2050.
Hal ini diungkapkan Prabowo dalam acara perayaan HUT Ke-25 Partai Demokrat yang disaksikan secara virtual, Rabu (9/9/2026).
""Semua pakar, semua institusi dunia menyampaikan bahwa Indonesia tahun 2050 akan menjadi negara keempat. Kita akan menjadi negara keempat ekonominya terbesar di dunia. Mereka mengatakan kita akan menjadi one of the great powers,"" ujar Prabowo.
Namun di sisi lain, Prabowo mengatakan, dari omongan para pakar tersebut juga bahwa masyarakat Indonesia terkadang belum menyadari besarnya potensi yang dimiliki Indonesia.
""Mereka mengatakan kadang-kadang orang Indonesia ini tidak sadar betapa besar dan betapa potensi kuat kita,"" kata Prabowo.
Prabowo menambahkan pada masa Indonesia menjadi negara dengan ekonomi terbesar keempat di dunia nanti, para pemimpinnya adalah generasi muda saat ini.
Dengan begitu, tugas pemerintah saat ini adalah membuat suatu pondasi yang kuat untuk generasi anak-anak muda Indonesia.
""Yang ingin saya sampaikan, 2050 adalah 24 tahun lagi. 24 tahun lagi itu adalah masa yang muda-muda. Pak SBY dan saya, ya kita generasi ibarat kami adalah anak tangga yang akan digunakan oleh generasi yang lebih muda kita untuk naik, untuk mengambil alih tanggung jawab, untuk meneruskan kebangkitan bangsa Indonesia,"" terang Prabowo.
(hns/hns)",72,1437
https://finance.detik.com/moneter/d-8656071/kapan-pembukaan-rekening-buat-masyarakat-dimulai-ini-jawabannya,finance,Kapan Pembukaan Rekening buat Masyarakat Dimulai? Ini Jawabannya,"Rabu, 09 Sep 2026 20:47 WIB","Pemerintah menyiapkan program pembukaan rekening untuk masyarakat. Kebijakan ini merupakan perintah Presiden Prabowo Subianto kepada jajarannya dalam rapat terbatas soal pertumbuhan ekonomi Senin (7/9/2026).
Menteri Koordinator Perekonomian Airlangga Hartarto mengatakan pembukaan rekening ini akan dibahas bersama Bank Indonesia (BI) dan Otoritas Jasa Keuangan (OJK).
""Kita akan siapkan dalam waktu dekat. Roll out-nya kita akan bahas dengan BI dan OJK,"" ujar Airlangga di Kompleks Istana Kepresidenan, Jakarta Pusat, Rabu (9/9/2026).
Dia mengatakan masih perlu ada rapat teknis untuk membentuk regulasinya kemudian masuk dalam program Dewan Nasional Keuangan Inklusif.
""Kita siapkan. Mungkin nanti sesudah dirapatkan teknis, kita siapkan regulasinya, masuk ke dalam Dewan Nasional Keuangan Inklusif, kemudian baru sesudah itu kita buatkan timeline-nya,"" terang Airlangga.
Airlangga menambahkan sebelum akhir tahun ini persiapan pembukaan rekening untuk masyarakat sudah bisa dimulai.
""Insyaallah, kita sudah bisa mulai,"" tutur Airlangga.
(hal/hns)",64,1049
https://finance.detik.com/berita-ekonomi-bisnis/d-8656057/kopdes-merah-putih-bakal-gandeng-pnm-dan-pt-pos,finance,Kopdes Merah Putih Bakal Gandeng PNM dan PT Pos,"Rabu, 09 Sep 2026 20:33 WIB","Koperasi Desa/Kelurahan Merah Putih bakal menggandeng BUMN untuk memperkuat layanan. BUMN itu adalah PT Permodalan Nasional Madani (PNM) dan PT Pos Indonesia.
Chief Operation Officer Danantara sekaligus Kepala Badan Pengaturan BUMN Dony Oskaria mengatakan PNM nantinya akan membuka kantor di Kopdes. PNM menyalurkan pembiayaan kepada masyarakat desa dengan bunga yang lebih rendah.
Langkah ini dilakukan guna memutus mata rantai rentenir.
""Kita ingin memutus mata rantai rentenir di desa. PNM nanti akan membuka kantor di Koperasi Desa. Dalam rangka apa? Menyalurkan kredit untuk menghindari adanya, sekarang kan banyak ya saudara-saudara kita kena rentenir dan lain sebagainya. Nanti dengan bunga 8%. Ya, jadi dia akan menjadi collecting agent dan juga distribution agent-nya,"" jelas Dony saat ditemui di Kantor Kementerian Keuangan, Jakarta, Rabu (9/9/2026).
Kopdes juga akan menjadi agen layanan logistik yang diharapkan dapat mempermudah masyarakat dalam mengirimkan barang. Di mana Kopdes akan berkerja sama dengan PT Pos Indonesia.
""Kemudian juga, untuk teman-teman saudara-saudara kita, sekarang kan eranya itu era online kan, yang berbisnis di desa, lalu bagaimana kalau ada order pick-up-nya? PT Pos Indonesia akan bekerja sama dengan seluruh Koperasi Desa menjadi channel untuk logistik, agennya logistik PT Pos Indonesia,"" kata Dony.
Kemudian, Kopdes Merah Putih juga akan menjadi menjadi tempat bagi masyarakat untuk menarik uang dan setor tunai. Dalam hal ini Kopdes akan menjadi agennya BRILink.
""Sekarang ini kan banyak orang tidak punya akses perbankan masyarakat kita. Nah, nanti dengan adanya Kopdes, Kopdes ini akan menjadi BRILink, akan menjadi agennya BRILink. Di mana masyarakat desa bisa melakukan penarikan dan setoran uang di situ,"" terang Dony.
(hns/hns)",47,1780
https://finance.detik.com/infrastruktur/d-8656017/otorita-ikn-minta-tambah-rp-15-8-triliun-purbaya-jawab-begini,finance,"Otorita IKN Minta Tambah Rp 15,8 Triliun, Purbaya Jawab Begini","Rabu, 09 Sep 2026 20:15 WIB","Menteri Keuangan Purbaya Yudhi Sadewa mengaku belum menerima usulan anggaran tambahan dari Otorita Ibu Kota Nusantara (OIKN). Tambahan anggaran yang diajukan sebesar Rp 15,8 triliun untuk pagu indikatif OIKN tahun 2027.
Purbaya juga belum memberikan lampu hijau untuk penambahan anggaran pembangunan IKN. Ia mengaku akan terlebih dahulu mempelajari usulan anggaran tersebut.
""Saya nggak tahu, saya harus lihat dulu suratnya seperti apa, alasan seperti apa,"" ungkap Purbaya kepada wartawan di kantor Kemenkeu, Jakarta, Rabu (9/9/2026).
Sebagai informasi, tambahan anggaran diusulkan oleh Sekretaris OIKN Bimo Adi Nursanthyasto, dalam rapat bersama Komisi II pada Selasa (1/9) kemarin. Tambahan anggaran tersebut akan dialokasikan untuk pembangunan fisik, sarana dan prasarana pendukung pembangunan IKN batch II-III.
Dalam rapat tersebut, Bimo menjelaskan pagu indikatif OIKN baru tercatat sebesar Rp 6,7 triliun. Padahal total kebutuhan anggaran untuk pembangunan IKN mencapai Rp 22,5 triliun.
""Dari total kebutuhan anggaran Otorita IKN tahun anggaran 2027 sebesar Rp 22,5 triliun telah dialokasikan dalam pagu indikatif sebesar Rp 6,7 triliun sehingga masih terdapat kebutuhan tambahan anggaran sebesar Rp 15,8 triliun yang terdiri dari pembangunan IKN batch kedua sebesar Rp 7,22 triliun, pembangunan IKN batch ketiga sebesar Rp 8,57 triliun,"" ungkap Bimo dikutip dari YouTube TV Parlemen.
(ahi/hns)",62,1400
https://finance.detik.com/berita-ekonomi-bisnis/d-8655884/bulog-minta-jatah-minyakita-100-mendag-tegaskan-umkm-harus-kebagian,finance,"Bulog Minta Jatah Minyakita 100%, Mendag Tegaskan UMKM Harus Kebagian","Rabu, 09 Sep 2026 20:00 WIB","Menteri Perdagangan (Mendag) Budi Santoso alias Busan menegaskan pihaknya belum berencana melakukan perubahan kebijakan terkait persentase penyaluran Minyakita hasil domestic market obligation (DMO) yang dilakukan oleh BUMN sektor pangan.
Ia menjelaskan dalam aturan yang ada, BUMN pangan seperti Bulog dan ID FOOD hanya diwajibkan untuk menyalurkan 35% dari seluruh pasokan DMO Minyakita ke masyarakat. Namun dalam praktiknya, para BUMN pangan ini secara total menyalurkan 51% dari produk Minyakita.
Lagi pula menurutnya di luar BUMN, banyak UMKM ikut terlibat sebagai distributor DMO Minyakita. Atas dasar inilah menurutnya tidak perlu meningkatkan persentase DMO Minyakita yang harus disalurkan Bulog dan ID FOOD untuk menjaga usaha-usaha kecil ini.
""Ini kan 35% ya, terus realisasinya kan sudah mencapai 51%. Jadi sementara memang belum 100%, kenapa? Karena juga banyak UMKM, distributor yang lain itu menjadi distributor Minyakita. Jadi kan harus bareng-bareng,"" kata Busan dalam saat ditemui di AEON Mall BSD City, Tangerang, Rabu (9/9/2026).
Ketika ditanya mengenai kemungkinan adanya penyesuaian atau kenaikan aturan penyaluran DMO Minyakita oleh BUMN pangan ke depan, Budi menegaskan bahwa pemerintah masih melihat perkembangan situasi di lapangan secara dinamis.
Sebab pihaknya perlu untuk menjaga keseimbangan penyaluran Minyakita antara BUMN Pangan dan pelaku usaha lainnya.
""Ya sambil berjalan saja, kan dinamikanya seperti itu. Jadi kan sekarang masih UMKM yang berbarengan juga dengan Bulog, dengan ID FOOD, tapi kan nggak ada masalah selama ini ya. Jadi kita juga harus kasih kesempatan kepada UMKM yang lain,"" pungkasnya.
Sebelumnya, Perum Bulog menunggu keputusan Kementerian Perdagangan atas usulan agar porsi penyaluran Minyakita melalui BUMN pangan ditingkatkan menjadi 100% dari realisasi domestic market obligation (DMO).
Direktur Utama Perum Bulog Ahmad Rizal Ramdhani mengatakan usulan peningkatan porsi tersebut telah disampaikan secara tertulis kepada Menteri Perdagangan (Mendag).
""Kami sudah mengajukan secara tertulis kepada Pak Mendag untuk kenaikan DMO untuk BUMN,"" kata Rizal seusai meninjau operasi pasar di Pasar Jatinegara, Jakarta Timur, Sabtu (5/9) seperti dikutip dari Antara.
Rizal mengatakan Bulog mengajukan peningkatan porsi penyaluran hingga 100% sesuai arahan Menteri Pertanian Andi Amran Sulaiman. Menurut Rizal, peningkatan porsi penyaluran melalui BUMN pangan diusulkan untuk memperkuat ketersediaan Minyakita di pasar.
(igo/fdl)",69,2477
https://20.detik.com/detikupdate/20260909-260909048/video-tanyadetikfinance-pak-purbaya-umr-sekarang-cukup-nggak-buat-kehidupan-gen-z,finance,"Video: #Tanyadetikfinance Pak Purbaya, UMR Sekarang Cukup Nggak buat Kehidupan Gen Z?",,"Scroll atau gunakan tombol
                                        []
                                        []
                                        serta klik panah di sisi kanan
                                        untuk menjelajahi feed video.
                                    
UMR sekarang cukup nggak buat hidup Gen Z?
Harga kebutuhan terus naik, sementara penghasilan harus dibagi untuk berbagai kebutuhan. Lantas, sebenarnya berapa penghasilan yang ideal agar Gen Z bisa hidup layak dan tetap punya ruang untuk menabung?
Simak jawabannya dari Pak Purbaya di #TanyadetikFinance!",85,594
https://finance.detik.com/moneter/d-8656006/bni-biayai-kopdes-merah-putih-dinilai-minim-risiko-kredit-macet,finance,"BNI Biayai Kopdes Merah Putih, Dinilai Minim Risiko Kredit Macet","Rabu, 09 Sep 2026 19:49 WIB","Head of Investor Relation PT Bank Negara Indonesia (Persero) Tbk atau BNI, Yohan Setio menilai penyaluran kredit untuk program prioritas pemerintah memiliki risiko yang rendah. Pasalnya pembayaran kredit program pemerintah ditanggung oleh Anggaran Pendapatan dan Belanja Negara (APBN).
Emiten berkode saham BBNI ini menyalurkan kredit untuk salah satu program prioritas pemerintah, yaitu Koperasi Desa/Kelurahan Merah Putih (KDMP).
Perseroan juga memberikan suku bunga kredit yang lebih murah untuk program KDMP, yakni sebesar 6% dari rata-rata sebesar 7%.
""Kalau kita lihat di tahun ini, pemerintah menggarap proyek pembangunan Koperasi Desa Merah Putih melalui Agrinas, yang Bank Himbara berpartisipasi memberikan kredit. Nah, untuk suku bunganya biasanya sedikit lebih rendah dibanding suku bunga komersial, misalkan suku bunga komersial di BNI secara rata-rata kita di angka 7%, untuk proyek ini, Koperasi Desa Merah Putih, sedikit lebih murah hanya 6%,"" ungkap Yohan dalam acara Public Expose virtual, Rabu (9/9/2026).
Suku bunga kredit khusus ini diberikan lantaran sumber pembayaran proyek KDMP ditanggung oleh APBN langsung. Karenanya, profil risiko program tersebut menjadi lebih rendah.
""Untuk proyek seperti ini, sumber pembayarannya akan datang dari APBN secara langsung sehingga profil risikonya secara teori menjadi sangat rendah. Itu menjadi alasan kenapa pricingnya juga bisa menjadi lebih rendah,"" jelasnya.
Di sisi profitabilitas, Yohan mengatakan kredit terhadap program pemerintah masih memiliki margin yang bisa diperoleh Himpunan Bank Milik Negara (Himbara). Namun ia menekankan, BNI tidak mencari profit dalam menyalurkan kredit ke sejumlah program pemerintah.
""Secara profitabilitas, masih ada profit yang bisa dipetik oleh Bank Himbara, tentunya ketika kita menjalankan proyek pemerintah, mencari profit bukan tujuan utama kita. Kita balance antara profit yang wajar dan membangun negara,"" tegasnya.
(ahi/hns)",64,1934
https://finance.detik.com/berita-ekonomi-bisnis/d-8655921/kopdes-diklaim-bikin-negara-hemat-rp-150-t-putus-mata-rantai-rentenir,finance,Kopdes Diklaim Bikin Negara Hemat Rp 150 T-Putus Mata Rantai Rentenir,"Rabu, 09 Sep 2026 19:45 WIB","Pemerintah bakal menjadikan Koperasi Desa/Kelurahan Merah Putih (Kopdes Merah Putih) sebagai saluran distribusi barang subsidi kepada masyarat. Hal ini dilakukan agar barang subsidi yang diberikan pemerintah benar-benar tepat sasaran.
COO Danantara sekaligus Kepala BP BUMN Dony Oskaria mengatakan dengan penyaluran barang subsidi langsung dari Kopdes Merah Putih ke masyarakat ini akan menekan adanya kebocoran subsidi setelah sistem data penerima subsidi terintegrasi.
Dony mengatakan saat ini, pihaknya bersama Kementerian Keuangan, dan Kementerian Koperasi engah menyiapkan sistem secara daring untuk menekan kebocoran subsidi. Dari perhitungannya bisa menekan Rp 150 triliun per tahun.
""Kami menargetkan kalau ini sudah terjadi nanti ada single data-nya, kebocoran subsidi itu akan berkurang. Tadi kita berdiskusi kita sedang membuat tim antara saya, tim saya, dan tim Pak Purbaya, dan tim Menteri Koperasi, membangun nanti online system yang berdasarkan kepada basis siapa yang berhak untuk menerima subsidi,"" ujarnya saat ditemui di Kantor Kementerian Keuangan, Jakarta, Rabu (9/9/2026).
""Teman-teman bisa bayangkan nanti paling tidak kita bisa menghemat subsidi kita yang tidak tepat sasaran itu sekitar Rp 150 triliun setahun. Jadi mesti dilihat dampaknya,"" sambungnya.
Selain itu, Dony menyebut hadirnya koperasi ini dapat m menjadi instrumen pemerintah untuk mengendalikan harga barang kebutuhan pokok di daerah. Jaringan Kopdes yang tersebar di seluruh desa, dinilai memungkinkan pemerintah melakukan intervensi distribusi ketika terjadi kenaikan harga.
""Dan kedua adalah untuk channel kita menekan inflasi. Kalau terjadi inflasi, orang main-mainin harga, kita punya distribution di seluruh desa. Misalkan harga beras naik, misalkan contohnya. Kita tinggal distribusikan khusus di seluruh Kopdes harga sekian, inflasi bisa kita tekan. Terutama bahan pokok ya. Nah, inilah makanya kita mesti lihat manfaatnya. Jadi lokasinya itu kan memang coverage-nya satu desa itu,"" terangnya.
Kemudian, Kopdes Merah Putih juga akan menjadi menjadi tempat bagi masyarakat untuk menarik uang dan setor tunai. Dalam hal ini Kopdes akan menjadi agennya BRILink.
""Kita ingin memutus mata rantai rentenir di desa. PNM nanti akan membuka kantor di Koperasi Desa. Dalam rangka apa? Menyalurkan kredit untuk menghindari adanya, sekarang kan banyak ya saudara-saudara kita kena rentenir dan lain sebagainya. Nanti dengan bunga 8%. Ya, jadi dia akan menjadi collecting agent dan juga distribution agent-nya,"" ungkap Dony.
Tidak hanya itu, Kopdes nantinya akan menjadi agen layanan logistik yang diharapkan dapat mempermudah masyarakat dalam mengirimkan barang. Di mana Kopdes akan bekerja sama dengan PT Pos Indonesia.
""Kemudian juga, untuk teman-teman saudara-saudara kita, sekarang kan eranya itu era online kan, yang berbisnis di desa, lalu bagaimana kalau ada order pick-up-nya? PT Pos Indonesia akan bekerja sama dengan seluruh Koperasi Desa menjadi channel untuk logistik, agennya logistik PT Pos Indonesia,"" kata Dony.
(fdl/fdl)",69,3022
https://finance.detik.com/foto-bisnis/d-8655963/berburu-mainan-dan-nostalgia-masa-kecil-di-kampoeng-mainan-blok-m,finance,Berburu Mainan dan Nostalgia Masa Kecil di Kampoeng Mainan Blok M,"Rabu, 09 Sep 2026 19:30 WIB","Jakarta - Kampoeng Mainan di Blok M Square menjadi tujuan berburu koleksi mainan, dari action figure hingga kartu Pokmon, bagi anak-anak dan kolektor dewasa.
Sejumlah pembeli terlihat memilih berbagai koleksi mainan yang dijual di Kampoeng Mainan, Blok M Square, Jakarta, Rabu (9/9/2026).
Beragam jenis mainan tersedia di tempat tersebut, mulai dari action figure, LEGO, Hot Wheels, hingga kartu Pokémon. Koleksi yang ditawarkan tidak hanya menyasar anak-anak, tetapi juga orang dewasa yang memiliki ketertarikan terhadap dunia mainan dan kegiatan mengoleksi.
Harga mainan yang ditawarkan cukup beragam, mulai dari puluhan ribu rupiah hingga jutaan rupiah. Kondisi koleksi pun bervariasi, mulai dari barang baru hingga pre-loved atau bekas, sehingga pembeli dapat menyesuaikan pilihan dengan kebutuhan dan anggaran.
Kampoeng Mainan buka setiap hari mulai pukul 10.00 hingga 22.00 WIB. Para pengunjung dapat datang untuk melihat-lihat koleksi, mencari mainan tertentu, maupun berburu barang yang dapat menambah koleksi pribadi.
Setiap koleksi dapat memiliki nilai tersendiri, baik karena kelangkaan, karakter yang disukai, maupun kenangan yang melekat pada masa ketika mainan tersebut populer.
Kampoeng Mainan telah menggunakan nama tersebut sejak 2013 dan mulai semakin eksis sejak 2020. Kehadirannya menjadi salah satu tempat yang mempertemukan penggemar mainan dari berbagai usia dalam satu ruang.
Aktivitas jual beli koleksi juga membuat kawasan tersebut tidak hanya menjadi tempat bermain bagi anak-anak, tetapi turut menjadi ruang bagi orang dewasa untuk kembali menikmati hobi yang pernah mereka gemari ketika kecil.
Dengan beragam pilihan dan rentang harga yang tersedia, Kampoeng Mainan terus menjadi salah satu tempat bagi penggemar mainan untuk menemukan koleksi sekaligus merawat kembali nostalgia masa kecil mereka.",65,1827
https://finance.detik.com/moneter/d-8655862/bri-ditugaskan-buka-rekening-warga-ri-khusus-aceh-lewat-bsi,finance,"BRI Ditugaskan Buka Rekening Warga RI, Khusus Aceh Lewat BSI","Rabu, 09 Sep 2026 19:30 WIB","CEO Badan Pengelola Investasi (BPI) Danantara, Rosan Roeslani menjelaskan soal penugasan Bank Rakyat Indonesia (BRI) dan Bank Syariah Indonesia (BSI) dalam menyediakan rekening untuk masyarakat.
Rosan menjelaskan, pembukaan rekening secara nasional akan dilakukan oleh BRI. Namun khusus wilayah Aceh, pembukaan rekening akan dilakukan oleh BSI.
""Pembukaan rekening di seluruh Indonesia melalui BRI dan untuk Aceh itu khusus dengan BSI bisa terlaksana dengan secepatnya ya,"" kata Rosan saat ditemui di Kompleks Istana Kepresidenan, Jakarta Pusat, Rabu (9/9/2026).
Rosan menyebut manajemen BRI dan BSI sudah berkoordinasi terkait penugasan tersebut. Rosan menyebut mekanisme penyerahan rekening sedang dibahas pemerintah.
""Ya nanti mekanismenya lagi dirancang segera kok,"" ujar Rosan.
Diberitakan sebelumnya, pemerintah bakal memberikan rekening bagi warga berusia 17 tahun. Rekening tersebut akan terisi saldo Rp 50 ribu.
Menurut Menteri Koordinator bidang Perekonomian, Airlangga Hartarto, seluruh saldo bisa dicairkan oleh pemilikinya. Saldo tersebut berasal dari Anggaran Pendapatan dan Belanja Negara (APBN) dengan anggaran Rp 11 triliun.
""Bisa, bisa ditarik,"" kata Airlangga singkat saat ditemui di Kompleks Istana Kepresidenan, Jakarta Pusat, Rabu (9/9/2026).
(acd/acd)",60,1274
https://finance.detik.com/moneter/d-8655958/duit-apbn-dipakai-biayai-buka-rekening-bank-purbaya-buka-suara,finance,"Duit APBN Dipakai Biayai Buka Rekening Bank, Purbaya Buka Suara","Rabu, 09 Sep 2026 19:18 WIB","Menteri Keuangan (Menkeu) Purbaya Yudhi Sadewa buka suara soal Anggaran Pendapatan dan Belanja Negara (APBN) dipakai mendanai pembukaan rekening bank. Pembukaan rekening untuk masyarakat merupakan perintah Presiden Prabowo Subianto.
Prabowo menugaskan PT Bank Rakyat Indonesia (Persero) Tbk (BRI) dan PT Bank Syariah Indonesia (Persero) Tbk (BSI) sebagai penyedia rekening bagi masyarakat. Purbaya juga membuka kemungkinan penggunaan APBN sebagai saldo awal pembukaan rekening.
""Mungkin ya. Kan kalau Rp 50 ribu kali sekian saya, nggak banyak-banyak amat lah kalau saya lihat,"" ungkap Purbaya kepada wartawan di kantor Kementerian Keuangan, Jakarta, Rabu (9/9/2026).
Purbaya mengatakan, anggaran tersebut dialokasikan dari cadangan belanja pemerintah. Menurutnya, besaran anggaran tersebut cukup untuk memenuhi kebutuhan saldo awal pembukaan rekening.
""Cadangan belanja pemerintah ada, selalu ada. Saya lihat masih masuk,"" jelasnya.
Diberitakan sebelumnya, Menteri Koordinator Perekonomian Airlangga Hartarto, mengatakan saldo awal pembukaan rekening bersumber dari APBN. Menurut perhitungannya, kira-kira butuh anggaran Rp 11 triliun untuk menjalankan program penyediaan rekening untuk masyarakat.
""Dananya dari APBN. Totalnya, kalau 200 juta penduduk kan berarti kira-kira 600 juta, atau sekitar Rp 11 T lah,"" ujar Airlangga di Kompleks Istana Kepresidenan, Jakarta Pusat, Rabu (9/9/2026).
(ahi/hns)",63,1401
https://finance.detik.com/berita-ekonomi-bisnis/d-8655809/nasib-karyawan-telkom-yang-gedungnya-bakal-ditempati-bgn,finance,Nasib Karyawan Telkom yang Gedungnya Bakal Ditempati BGN,"Rabu, 09 Sep 2026 19:00 WIB","Badan Gizi Nasional (BGN) dalam beberapa bulan ke depan akan pindah kantor ke Gedung Merah Putih (GMP) Telkom di kawasan Gatot Subroto Jakarta. Adapun saat ini kantor BGN masih berada di kawasan Kebon Sirih Jakarta.
Lantas bagaimana dengan nasib karyawan Telkom ketika nanti GMP ditempati BGN?
COO Danantara sekaligus Kepala BP BUMN Dony Oskaria memastikan bahwa karyawan yang selama ini bekerja di gedung tersebut telah disiapkan tempat kerja penggantinya. Tak mungkin kata Dony, jika ada rencana BGN bertempat di GMP tanpa menyiapkan gedung pengganti.
""Kadang-kadang kan kita suka berlebihan. Pasti kalau enggak ada tempatnya enggak mungkin orang dipindahin. Masa mereka kerja di jalan. Ya pasti ada, gedungnya memang sudah dihitung ya kan,"" ujar Dony saat ditemui di Kantor Kementrian Keuangan, Jakarta, Rabu (9/9/2026).
Adapun ketika ditanya terkait dengan adanya kabar di media sosial soal barang-barang yang ada di gedung tersebut sudah ditandai akan digunakan oleh BGN, Dony meminta agar masyarakat tak gampang percaya terkait kabar tersebut. Pasalnya kata Dony, BGN saja belum menempati gedung milik Telkom tersebut.
""Barang-barang yang di-tag itu gimana? Itu kan BGN-nya aja belum masuk. Jadi ya hati-hati juga. Kok di-tag-in pasti ada sewa-menyewanya, tidak ada. Ingat, Telkom itu adalah perusahaan terbuka. Jadi jangan teman-teman juga termakan oleh hal-hal yang perusahaan terbuka, semua prosesnya mengikuti ketentuan yang berlaku sebagai perusahaan terbuka,"" katanya.
""Ada fair value-nya, tidak boleh dan itu dilarang oleh OJK. Nanti kena benturan kepentingan, misalkan harganya di bawah pasar, enggak boleh. Enggak boleh! Apalagi kalau cuma dipakai enggak sewa, ya enggak mungkin. Karena itu kan perusahaan terbuka,"" lanjutnya.
Sebelumnya, Kepala BGN Sudaryono dalam sesi jawaban RDP dengan Komisi IX DPR RI pada Kamis (3/9/2026) membenarkan rencana pemindahan kantor BGN ke Gedung Merah Putih. Dia mengatakan saat ini pihaknya masih berkoordinasi dengan Danantara terkait rencana tersebut.
""Betul, Pak, ini sedang koordinasi dengan Danantara dan dalam waktu dekat ini Badan Gizi Nasional akan menduduki Gedung Graha Merah Putih yang saat ini menjadi kantor Telkom,"" ujar Sudaryono.
Sudaryono menjelaskan jika tak ada aral melintang, perpindahan kantor BGN ke Gedung Merah Putih akan dilakukan dalam satu hingga dua bulan ke depan.
""InsyaAllah dalam satu dua bulan ini kami akan pindah kantor ke Graha Merah Putih,"" terang Sudaryono.
Dalam kesempatan tersebut, ia mengatakan bahwa pegawai yang yang sebelumnya menempati Gedung Merah Putih dan akan digunakan BGN tersebut akan dipindahkan ke gedung Telkom yang berada di sebelahnya.
""Orang yang menempati Gedung Graha Merah Putih itu akan menempati gedung Telkom yang di sebelahnya, gedung yang lebih tinggi lagi,"" katanya.
(fdl/fdl)",56,2796
https://finance.detik.com/moneter/d-8655820/warga-ri-bakal-dapat-rekening-saldo-rp-50-ribu-bisa-dicairkan,finance,"Warga RI Bakal Dapat Rekening Saldo Rp 50 Ribu, Bisa Dicairkan!","Rabu, 09 Sep 2026 18:45 WIB","Pemerintah bakal memberikan rekening bagi warga berusia 17 tahun dari Bank Rakyat Indonesia (BRI) dan Bank Syariah Indonesia (BSI). Rekening tersebut akan terisi saldo Rp 50 ribu.
Menurut Menteri Koordinator bidang Perekonomian, Airlangga Hartarto, seluruh saldo tersebut bisa dicairkan oleh pemiliknya. Sebagai informasi, pemberian rekening untuk masyarakat merupakan salah satu upaya pemerintah meningkatkan inklusi keuangan.
""Bisa, bisa ditarik,"" kata Airlangga singkat saat ditemui di Kompleks Istana Kepresidenan, Jakarta Pusat, Rabu (9/9/2026).
Saldo tersebut berasal dari Anggaran Pendapatan dan Belanja Negara (APBN). Total anggaran yang disiapkan untuk sekitar 200 juta penduduk mencapai Rp 11 triliun.
Pemerintah melarang saldo rekening tersebut disalahgunakan untuk judi online atau judol. Menurut Airlangga, pihak yang menyalahgunakan akan langsung ditangkap pihak berwajib.
""Nah, kalau judol kan langsung ditangkap,"" tegas Airlangga.
Rekening sendiri akan diterima masyarakat secara otomatis tanpa pergi ke bank. Dalam hal ini pemerintah akan memanfaatkan data Kependudukan dan Pencatatan Sipil (Dukcapil).
""Otomatis dapat. Nanti kita kerja sama dengan Dukcapil ya, mengenai data-data ini kayaknya,"" terang Airlangga.
Nantinya akan ada teknis terkait pembuatan rekening dari pemerintah. Menurut Airlangga, BRI dan BSI telah memiliki program yang mendukung hal tersebut. Selain itu, kebijakan serupa pernah diterapkan pemeritah sebelumnya.
""Nanti akan ada teknisnya seperti apa. Karena kan BI, bank BSI maupun BRI sudah punya programnya. Dan sebetulnya kami pernah lakukan juga di periode sebelumnya dengan berbagai program yang direct dari Menteri Keuangan ke rekening masing-masing orang,"" tutup Airlangga.
(acd/acd)",63,1730
https://finance.detik.com/moneter/d-8655777/pemilik-ktp-baru-usia-17-tahun-otomatis-dibuatkan-rekening-bri-atau-bsi,finance,Pemilik KTP Baru Usia 17 Tahun Otomatis Dibuatkan Rekening BRI atau BSI,"Rabu, 09 Sep 2026 18:30 WIB","Chief Executive Officer (CEO) BPI Danantara, Rosan Roeslani, merespons rencana pemerintah memberikan rekening bank bagi warga negara Indonesia yang telah berusia 17 tahun dan memiliki Kartu Tanda Penduduk (KTP).
Rosan mengatakan pemerintah telah menunjuk dua bank pelat merah sebagai penyedia rekening, yakni PT Bank Rakyat Indonesia (Persero) Tbk (BRI) dan PT Bank Syariah Indonesia Tbk (BSI).
""Iya memang sudah BRI dan BSI,"" kata Rosan saat ditemui di Istana Kepresidenan, Jakarta Pusat, Rabu (9/9/2026).
Untuk itu pemerintah bersama Danantara dan manajemen perbankan terkait telah melakukan koordinasi dan kajian bersama agar program tersebut dapat berjalan dengan baik di seluruh pelosok Tanah Air.
""Memang dari manajemennya juga sudah berkoordinasi, untuk apa? melakukan rencananya agar akselerasi dari pembukaan rekening di seluruh Indonesia melalui BRI dan untuk Aceh itu khusus dengan BSI bisa terlaksana dengan secepatnya,"" jelasnya.
Mengenai ketetapan saldo awal pembukaan rekening sebesar Rp 50.000 hingga sumber pendanaan, Rosan menyebutkan hal itu masih dalam tahap penyusunan. Ia juga tidak merinci lebih jauh kapan program ini akan dimulai hingga teknis pendaftarannya di lapangan.
""Ya nanti mekanismenya lagi dirancang segera kok,"" ujarnya singkat.
(fdl/fdl)",71,1274
https://finance.detik.com/moneter/d-8655804/warga-usia-17-tahun-bakal-otomatis-dapat-rekening-tanpa-pergi-ke-bank,finance,Warga Usia 17 Tahun Bakal Otomatis Dapat Rekening tanpa Pergi ke Bank,"Rabu, 09 Sep 2026 18:15 WIB","Menteri Koordinator bidang Perkeonomian, Airlangga Hartarto menjelaskan soal mekanisme pembuatan rekening Bank Rakyat Indonesia (BRI) danBank Syariah Indonesia (BSI). Pembuatan rekening tersebut merupakan perintah langsung dari Presiden Prabowo Subianto.
Airlangga menjelaskan, masyarakat berusia 17 tahun akan menerima rekening secara otomatis tanpa pergi ke bank. Dalam hal ini pemerintah akan memanfaatkan data Kependudukan dan Pencatatan Sipil (Dukcapil).
""Otomatis dapat. Nanti kita kerja sama dengan Dukcapil ya, mengenai data-data ini kayaknya,"" kata Airlangga saat ditemui di Kompleks Istana Kepresidenan, Jakarta Pusat, Rabu (9/9/2026).
Nantinya akan ada teknis terkait pembuatan rekening dari pemerintah. Menurut Airlangga, BRI dan BSI telah memiliki program yang mendukung hal tersebut. Selain itu, kebijakan serupa pernah diterapkan pemeritah sebelumnya.
""Nanti akan ada teknisnya seperti apa. Karena kan BI, bank BSI maupun BRI sudah punya programnya. Dan sebetulnya kami pernah lakukan juga di periode sebelumnya dengan berbagai program yang direct dari Menteri Keuangan ke rekening masing-masing orang,"" tuturnya.
Terkait kapan program ini dimulai, Airlangga belum merinci. Namun ia menyebut perlu ada rapat teknis dalam mempersiapkan regulasi lengkapnya.
""Kita siapkan. Mungkin nanti sesudah dirapatkan teknis, kita siapkan regulasinya, masuk ke dalam Dewan Nasional Keuangan Inklusif, kemudian baru sesudah itu kita buatkan timeline-nya,"" tutup Airlangga.
(acd/acd)",69,1482
https://finance.detik.com/berita-ekonomi-bisnis/d-8655808/cicilan-kopdes-merah-putih-pakai-duit-negara-purbaya-jamin-nggak-gagal-bayar,finance,"Cicilan Kopdes Merah Putih Pakai Duit Negara, Purbaya Jamin Nggak Gagal Bayar","Rabu, 09 Sep 2026 18:06 WIB","Menteri Keuangan (Menkeu) Purbaya Yudhi Sadewa, menjamin pemerintah tidak akan gagal bayar cicilan kredit pembangunan Koperasi Desa/Kelurahan Merah Putih (KDMP) ke Himpunan Bank Milik Negara (Himbara) atau Bank BUMN.
Hal tersebut ia pastikan usai menggelar pertemuan bersama Kepala Badan Pengaturan (BP) Badan Usaha Milik Negara (BUMN) Dony Oskaria dan Menteri Koperasi (Menkop) Ferry Juliantono.
Purbaya menjelaskan, pembayaran akan dilakukan Kementerian Keuangan (Kemenkeu) setelah menerima permintaan pembayaran dari Kementerian Koperasi (Kemenkop).
""Kita akan memastikan bahwa tidak akan ada kegagalan bayar sehingga perbankan akan tetap keadaannya. Nanti Pak Menteri Koperasi akan mengirim surat ke saya permintaan pembayarannya dan dengan syarat-syarat yang dijanjikan beliau,"" ungkap Purbaya kepada wartawan di kantor Kemenkeu, Jakarta, Rabu (9/9/2026).
Selain itu, pemerintah juga akan membentuk satuan tugas (satgas) untuk memastikan operasional KDMP berjalan baik. Terlebih KDMP juga akan diarahkan untuk menyalurkan bantuan sosial (bansos) pemerintah.
""Kami bertiga sepakat untuk membentuk satu satgas yang bisa memanfaatkan keadaan adanya Koperasi Merah Putih secara maksimal, termasuk penyaluran barang-barang subsidi di sana dipastikan hanya lewat sana,"" jelasnya.
Purbaya mengatakan, cicilan kredit akan langsung ditransfer ke rekening Himbara sesuai permintaan Kemenkop. Ia juga memastikan dananya siap sebelum jatuh tempo pembayaran.
""Uangnya ada kan selama ini dianggarkan. Jadi, bukan bukan ABT, bukan dana bank, memang sudah ada disediakan,"" terang Purbaya.
Dalam kesempatan yang sama, Ferry mengatakan satgas tersebut akan diisi juga oleh Menkeu dan Kepala BP BUMN. Satgas ini akan memperkuat pengawasan penyaluran barang subsidi pemerintah melalui infrastruktur KDMP.
Kemenkop juga akan melakukan verifikasi dan validasi ulang terhadap KDMP sebelum mengajukan pembayaran ke Kemenkeu. Ia memastikan, pembayaran cicilan KDMP akan dilakukan berdasarkan surat pengajuan pihaknya.
""Pak Menteri Keuangan bersama Pak Dony juga tim ini nanti ikut, Pak Menteri Keuangan ikut memastikan nanti supaya utilitas atau penggunaan ini, termasuk kepastian barang-barang subsidi itu menggunakan infrastruktur pemerintah yang namanya sekarang Koperasi Desa Kelurahan Merah Putih, begitu. Tadi yang kita sepakati tadi juga itu, tim bersama,"" pungkasnya.
(ahi/hns)",77,2365
https://finance.detik.com/bursa-dan-valas/d-8655761/adhi-karya-buka-suara-usai-diminta-tutup-semua-anak-usaha,finance,Adhi Karya Buka Suara Usai Diminta Tutup Semua Anak Usaha,"Rabu, 09 Sep 2026 18:00 WIB","PT Adhi Karya (Persero) Tbk (ADHI) buka suara usai diminta Badan Pengelola Investasi (BPI) Daya Anagata Nusantara (Danantara) dan Badan Pengaturan (BP) Badan Usaha Milik Negara (BUMN) untuk menutup seluruh anak-cucu usaha. Danantara dan BP BUMN diketahui adalah pemegang saham Seri A dan Seri B terbanyak perseroan.
Direktur Portofolio Bisnis dan Manajemen Risiko Adhi Karya, Rozi Sparta, menjelaskan streamlining atau pemangkasan entitas usaha perseroan akan dilakukan melalui skema divestasi perusahaan afiliasi. Proses tersebut ditargetkan mulai memberikan hasil pada akhir 2026.
""Sesuai dengan arahan dan aspirasi dari pemegang saham seri A dan seri B terbanyak bahwa Adhi Karya diminta untuk back to core sehingga beberapa perusahaan yang tidak relevan dengan core itu diminta untuk dilakukan streamlining, streamlining-nya adalah salah satunya bagaimana Adhi Karya saat ini mendorong terkait dengan perusahaan afiliasi ini untuk segera dilakukan divestasi,"" ungkap Rozi dalam acara Public Expose secara virtual, Rabu (9/9/2026).
Rozi menjelaskan, Adhi Karya memiliki 18 entitas usaha yang terdiri dari tujuh anak usaha, satu cucu usaha dan 10 usaha afiliasi. Belasan entitas usaha tersebut berasal dari sektor properti, pembangunan gedung, pengelolaan jalan tol.
Dalam kesempatan yang sama, Direktur Utama Adhi Karya Moeharmein Zein Chaniago, menjelaskan perseroan diminta untuk kembali fokus pada bisnis kontraktor. Hal ini menjadi dasar untuk dilakukannya pemangkasan entitas usaha Adhi Karya.
""Sejalan dengan aspirasi pemegang saham, kami untuk kembali berfokus pada bisnis inti, core bisnisnya yaitu kontraktor, construction only, serta kami juga sedang melakukan penataan anak usaha yang juga sedang dilakukan,"" jelasnya.
Zein mengatakan, Adhi Karya akan melakukan divestasi terhadap tiga anak usaha pada tahun ini. Sementara itu, divestasi terhadap entitas usaha lainnya akan dilakukan secara bertahap hingga seluruh proses ditargetkan rampung pada 2027.
""Pada 2026 ini mungkin akan bisa kita divest paling tidak tiga perusahaan, anak perusahaan dan seterusnya dalam waktu secepatnya tidak lewat dari tahun 2027, sisanya juga akan kita lakukan program divestasi tersebut,"" pungkasnya.
Diberitakan sebelumnya, Kepala BP BUMN sekaligus COO BPI Danantara, Dony Oskaria, meminta Adhi Karya untuk tidak membuka anak usaha baru. Pasalnya setiap membentuk anak usaha, entitas usaha tersebut bermasalah.
""Tidak ada lagi, ini kan sudah kita lihat nih, setiap bikin anak perusahaan semuanya bermasalah. Jadi stop, tidak boleh lagi ada anak-anak perusahaan baru dan Adhi fokus pada kontraktor,"" tegas Dony dalam unggahan resmi Instagram @bumn_id, Jumat (4/9/2026).
(acd/acd)",57,2675
https://finance.detik.com/moneter/d-8655766/masyarakat-dibuatkan-rekening-saldo-awal-rp-50-ribu-sumber-apbn-rp-11-t,finance,"Masyarakat Dibuatkan Rekening Saldo Awal Rp 50 Ribu, Sumber APBN Rp 11 T","Rabu, 09 Sep 2026 17:43 WIB","Semua masyarakat akan memiliki rekening bank. Presiden Prabowo Subianto telah menugaskan BRI dan Bank Syariah Indonesia untuk menyediakan rekening untuk masyarakat.
Rencananya setiap rekening baru akan diberikan saldo awal sebesar Rp 50.000. Dana tersebut, menurut Menteri Koordinator Perekonomian Airlangga Hartarto bersumber dari APBN.
Menurut perhitungannya, kira-kira butuh anggaran Rp 11 triliun untuk menjalankan program penyediaan rekening untuk masyarakat.
""Dananya dari APBN. Totalnya, kalau 200 juta penduduk kan berarti kira-kira 600 juta, atau sekitar Rp 11 T lah,"" ujar Airlangga di Kompleks Istana Kepresidenan, Jakarta Pusat, Rabu (9/9/2026).
Soal anggarannya akan masuk di APBN tahun ini atau tidak, dia enggan menjelaskan. Yang jelas soal anggarannya masih perlu dibahas.
""Anggaran nanti kita bahas, karena kan nggak semuanya langsung segitu. Kan nanti itunya (penyediaan rekeningnya) secara bertahap,"" kata Airlangga.
Ketika masyarakat sudah menerima rekening tersebut, Airlangga bilang uang yang menjadi dana mengendap di awal sebesar Rp 50.000 bisa diambil sepenuhnya.
""Bisa, bisa ditarik ya,"" tuturnya.
Tonton juga video ""TanyadetikFinance Utang Whoosh Beralih ke Kemenkeu, Ndak Bahaya Ta?""
(hal/hns)",72,1221
https://finance.detik.com/berita-ekonomi-bisnis/d-8655752/danantara-soal-bgn-pindah-ke-gedung-telkom-disewa-di-atas-harga-pasar,finance,Danantara soal BGN Pindah ke Gedung Telkom: Disewa di Atas Harga Pasar,"Rabu, 09 Sep 2026 17:32 WIB","COO Danantara sekaligus Kepala BP BUMN Dony Oskaria buka suara soal Gedung Merah Putih (GMP) milik Telkom di kawasan Gatot Subroto Jakarta bakal ditempati oleh Badan Gizi Nasional (BGN) dalam beberapa bulan ke depan.
Dony menyampaikan hal tersebut merupakan bagian dari optimalisasi aset milik Telkom yang sudah melalui kajian internal perusahaan.
""Itu kan corporate action ya. Satu, yang pertama adalah bahwa tentu sudah ada pertimbangan. Jadi harus dilihat bahwa kadang-kadang kan kita melihatnya dari sisi yang negatif. Ini optimalisasi aset pasti sudah dilakukan, sudah dikaji tentu oleh Telkom ya, untuk melakukan itu,"" ujar Dony saat ditemui di Kantor Kementerian Keuangan, Jakarta, Rabu (9/9/2026).
Ia juga menyampaikan BGN tak serta merta pindah begitu saja tanpa membayar biaya sewa.
Kata Dony, penyewaan gedung tersebut dilakukan melalui transaksi bisnis yang normal. Di mana akan ada penilaian dari Kantor Jasa Penilai Publik (KJPP) untuk memastikan harga transaksinya. Bahkan Dony menyebutkan nilai sewa Gedung Merah Putih kepada BGN berada di atas harga pasar.
""Ya, tetapi proses sewanya tentu karena perusahaan terbuka melewati tadi, benturan kepentingan. Jadi harus ada KJPP-nya, market price-nya, dan saya dengar ini harganya di atas daripada harga pasar untuk sewa. Ini yang paling penting ya,"" ujar Dony.
""Jadi jangan lihat, Ini gedung itu.. Jadi kadang-kadang kan kita melihatnya tuh, memang ada masalah apa? Gedung disewakan kan banyak. Itu OJK juga sewa gedung. Di mana juga sewa gedung, ini normal aja,"" sambungnya.
Sebelumnya, PT Telkom Indonesia (Persero) Tbk (Telkom) menyambut positif rencana pemanfaatan Gedung Graha Merah Putih (GMP) oleh Badan Gizi Nasional (BGN) secara skema Business to Business (B2B). Langkah penyewaan ini menjadi bagian dari strategi leveraging asset perusahaan untuk mengoptimalkan aset properti sekaligus membuka peluang pendapatan baru dari konektivitas digital.
Direktur Utama Telkom, Dian Siswarini menyampaikan bahwa skema bisnis ini dijalankan secara proporsional dengan tetap mengedepankan tata kelola perusahaan yang baik (Good Corporate Governance).
""Bagi Telkom Group, rencana penyewaan gedung GMP oleh BGN merupakan bentuk leveraging asset yang dapat menghadirkan peluang bisnis baru, termasuk melalui penyediaan layanan konektivitas dan solusi digital unggul dari yang kami miliki,"" ujar Dian dalam keterangannya, Selasa (8/9/2026).
""Saat ini, sejumlah unit masih yang berkaitan tersebar di berbagai lokasi kerja di Jakarta. Melalui penataan ini, kami ingin menciptakan lingkungan kerja yang lebih terintegrasi sesuai stream masing-masing unit. Harapannya, ini dapat membuat kolaborasi menjadi lebih mudah, proses kerja semakin efektif, dan produktivitas karyawan semakin meningkat,"" jelas Dian.
Proses transisi penempatan ruang kerja BGN di GMP akan dilakukan secara bertahap setelah seluruh pembahasan negosiasi rampung. Telkom memastikan keamanan, keselamatan, serta kenyamanan operasional karyawan tetap menjadi prioritas utama.
""Berdasarkan hasil survei dan diskusi bersama Telkom, BGN menyampaikan rencana pemanfaatan GMP untuk ruang kerja serta beberapa fasilitas workstation standar. Pemanfaatan tersebut akan dilakukan setelah proses penataan unit-unit di Telkom dan pemindahan peralatan kerja existing ke lokasi yang telah disepakati bersama,"" lanjut Dian.
Tonton juga video ""Maaf! Minuman Rasa Susu hingga Kental Manis Dilarang Masuk Menu MBG""
(hrp/fdl)",70,3428
https://finance.detik.com/berita-ekonomi-bisnis/d-8655674/prabowo-janji-berikan-bonus-rp-3-m-buat-peraih-emas-asian-games-2026,finance,Prabowo Janji Berikan Bonus Rp 3 M buat Peraih Emas Asian Games 2026,"Rabu, 09 Sep 2026 16:45 WIB","Presiden Prabowo Subianto menyatakan bonus untuk atlet Asian Games 2026 akan ditetapkan Rp 3 miliar, jauh lebih besar daripada bonus emas untuk Sea Games 2025. Kenaikan bonus ini dikatakan Prabowo setelah mendapatkan bisikan dari Menteri Pemuda dan Olahraga Erick Thohir.
""Dan saya nggak lupa, saya diberi laporan Pak Erick, pak untuk Sea Games medali emas dapat Rp 1 miliar, tapi ini Asian Games medali Rp 3 miliar,"" ujar Prabowo saat pelepasan Kontingen Indonesia di Istana Kepresidenan, Jakarta Pusat, Rabu (9/9/2026).
Ketua Umum Pengurus Besar Persatuan Angkat Besi Seluruh Indonesia (PB PABSI) Rosan Perkasa Roeslani mengatakan pihaknya bersyukur dengan bonus yang dijanjikan oleh Prabowo.
""Ya tentunya itu ya alhamdulillah ya, itu adalah suatu bentuk apresiasi dari pemerintah, tentunya,"" kata Rosan usai acara.
Menurutnya, Prabowo berpesan bahwa untuk menjadi atlet yang bisa berkompetisi dan juga bisa mendapatkan medali emas adalah suatu kebanggaan dan kehormatan bukan hanya untuk atlet itu sendiri, tapi juga untuk kebanggaan untuk seluruh masyarakat Indonesia.
""Jadi, ya saya rasa itu apa, apresiasi yang sangat luar biasa dari bapak presiden langsung tadi disampaikan,"" kata Rosan.
Tonton juga video ""Bicara Kesiapan Atlet untuk Asian Games, Mensesneg: Persiapan Sangat Baik""
(hal/ara)",68,1298
https://finance.detik.com/bursa-dan-valas/d-8655589/kepala-pengawas-bursa-mineral-mau-ri-tentukan-harga-nikel-ini-alasannya,finance,"Kepala Pengawas Bursa Mineral Mau RI Tentukan Harga Nikel, Ini Alasannya","Rabu, 09 Sep 2026 16:17 WIB","Kepala Eksekutif Pengawas Bursa Mineral dan Komoditas Strategis (BMKS) Otoritas Jasa Keuangan (OJK), Sarjito, mengungkap rencananya dalam mengembangkan BMKS. Sarjoto sendiri baru dilantik di Mahkamah Agung (MA) hari ini.
Sarjito menyoroti posisi Indonesia sebagai salah satu produsen nikel terbesar dunia tetapi belum memiliki pengaruh dalam menentukan harga. Menurutnya, harga nikel hingga saat ini masih mengacu pada harga yang dibentuk negara lain.
""Kita itu sebagai penghasil contoh nikel terbesar di dunia, tetapi kita tidak pernah bisa menentukan harganya harganya ditentukan di yuridiksi lain, oleh pihak-pihak lain, dan itu ironi,"" kata Sarjito usai pelantikan di MA, Jakarta Pusat Rabu (9/9/2026).
Karena itu, ia menilai keberadaan BMKS penting untuk memperkuat posisi Indonesia. Keberadaan bursa tersebut diharapkan membuat Indonesia secara bertahap tidak lagi sekadar menjadi price taker atau mengikuti harga yang terbentuk, melainkan menjadi penentu harga.
""Paling tidak untuk awal tidak lagi menjadi price taker tapi bisa menjadi price influencer dan menjadi bursa kita reference dan at the end kita tentu harus sanggup dan mampu confident untuk menjadi price maker,"" ujarnya.
Selain memperkuat posisi Indonesia dalam pembentukan harga, keberadaan bursa dapat meningkatkan pengawasan terhadap transaksi komoditas. Hal ini termasuk untuk mengantisipasi persoalan transfer pricing dan under-invoicing karena data harga maupun volume transaksi dapat terpantau lebih baik.
""Oleh karena itu, kita mestinya confident untuk membangun bursa sendiri, sehingga di dalam banyak kesempatan juga isu mengenai transfer pricing, under-invoicing, baik harga dan volume bisa kita kontrol dengan baik,"" tutur Sarjito.
Meski demikian, Sarjito belum mengungkap komoditas apa yang pertama kali akan diperdagangkan melalui bursa tersebut. Pemerintah masih menunggu Peraturan Presiden (Perpres) yang akan menentukan mineral dan komoditas strategis yang masuk dalam perdagangan bursa.
Penerapannya juga akan dilakukan secara bertahap. Sarjito mengatakan pemerintah tidak ingin langsung memasukkan banyak komoditas tetapi pada akhirnya sistem tersebut tidak berjalan optimal.
""Bahwa kita menunggu Perpres dulu. Kita tentu tidak ingin, nanti banyak yang diperdagangkan, tapi it doesn't work tapi kita ingin gradual, dan mana-mana yang bisa diperdagangkan terlebih dahulu,"" sebut dia.
OJK sendiri tengah mengejar penyusunan aturan awal terkait pengawasan bursa mineral dan komoditas strategis. Sarjito menyebut Peraturan OJK (POJK) awal ditargetkan dapat diundangkan pada 17 September 2026, sementar BMKS sendiri ditargetkan beroperasi 1 Januari 2027.
""Kita harus keluarkan POJK yang harus minta persetujuan DPR, itu yang harus diundangkan tanggal 17 September itu POJK awal. Dan kita menyusun POJK-POJK yang baru, kemudian kita juga menunggu peraturan presiden untuk at the beginning mineral dan komunitas strategis apa yang akan diperdagangkan,"" tutup Sarjito.
Tonton juga video ""Kejagung Pamerkan Uang Rp 401 M Hasil Sitaan Korupsi Nikel PT CNI""
(acd/acd)",72,3044
https://finance.detik.com/berita-ekonomi-bisnis/d-8655579/purbaya-mau-kejar-potensi-pajak-perdagangan-emas-gelap,finance,Purbaya Mau Kejar Potensi Pajak Perdagangan Emas Gelap,"Rabu, 09 Sep 2026 16:15 WIB","Menteri Keuangan Purbaya Yudhi Sadewa mengatakan sistem Lembaga National Single Window (LNSW) dapat mengejar potensi pajak dari perdagangan emas gelap. Purbaya meminta LNSW untuk mendeteksi potensi pajak dari perdagangan emas ilegal.
LNSW nantinya dapat mendeteksi pembelian emas dari para Pertambangan Emas Tanpa Izin (PETI). Pihaknya akan mengejar pendapatan yang belum masuk ke kocek negara.
""Itu akan ketahuan nanti sebelah belakangnya siapa sih yang melakukan pembelian nggak tercatat atau beli barang dari PETI-PETI itu yang ilegal. Itu nanti akan kita kejar. Income-nya yang belum masuk ke negara akan kita kejar,"" kata Purbaya di Kantor LNSW, Jakarta Pusat, Rabu (9/9/2026).
Ditanya soal potensi pendapatan yang bisa dikejar, Purbaya bilang masih dihitung secara keseluruhan. Namun dia bilang sudah ada data 10 besar potensi penarikan pajak dari perdagangan emas ilegal.
""Lagi mau dihitung secara keseluruhan. Kalau sedikit-sedikit kan kalau 10 besar sudah kelihatan,"" lanjut Purbaya.
Yang jelas, bila nantinya sudah jelas nama-nama pihak yang melakukan perdagangan emas ilegal sudah bisa dikantongi pihaknya akan langsung menarik pajak.
""Nanti harusnya sih kalau sudah clear kan nama PT-PT-nya ada tuh, kita kan bisa kejar. Saya akan minta orang pajak periksa perusahaan itu, belinya dari mana. Ke belakangnya bisa diteruskan. Kalau dia belum bayar pajak, kita suruh bayar pajak, kayak gitu kira-kira. Itu namanya ekstensifikasi dalam pengertian mengefisienkan, meningkatkan efisiensi pengumpulan pajak dengan analisa big data,"" papar Purbaya.
Tonton juga video ""Banggar Tagih Profil Utang Pemerintah, Purbaya: DPR Mau Minta Kapan?""
(hal/ara)",54,1651
https://finance.detik.com/bursa-dan-valas/d-8655574/danantara-mau-beli-saham-bei-bursa-bakal-dimiliki-pemerintah,finance,"Danantara Mau Beli Saham BEI, Bursa Bakal Dimiliki Pemerintah?","Rabu, 09 Sep 2026 16:08 WIB","Badan Pengelola Investasi (BPI) Danantara menyatakan minatnya untuk menjadi salah satu pemegang saham Bursa Efek Indonesia (BEI) melalui skema demutualiasi. Minat ini pun telah disampaikan melalui Danantara Investment Management (DIM).
CEO Badan Pengelola Investasi (BPI) Danantara Rosan Roeslani menyampaikan rencana tersebut saat ini masih terus dimatangkan. Baik itu untuk besaran porsi yang bakal diambil Danantara maupun terkait hal lainnya.
Ia mengatakan pembahasan ini akan melibatkan sejumlah pihak. Namun ia tidak menjelaskan detail siapa saja yang juga ikut dalam pembahasan terkait pengambilan porsi saham di BEI.
""Iya, ini masih kita bahas, nanti kita bahas bersama-sama bukan dengan Danantara saja,"" ujar Rosan singkat saat ditemui di Kantor Kementerian Investasi dan Hilirisasi/BPKM, Jakarta, Rabu (9/9/2026).
Sebelumnya, Direktur Utama Bursa Efek Indonesia (BEI), Jeffrey Hendrik, membenarkan adanya minat Badan Pengelola Investasi (BPI) Daya Anagata Nusantara (Danantara) membeli saham bursa efek melalui skema demutualisasi. Diketahui, demutualisasi merupakan perubahan status hukum perusahaan tertutup menjadi perusahaan publik.
Skema ini menjadi amanat dari Undang-Undang (UU) tentang Pengembangan dan Penguatan Sektor Keuangan (P2SK) yang disahkan beberapa waktu lalu. Dalam UU tersebut, Kementerian Keuangan (Kemenkeu), Bank Indonesia (BI), dan BPI Danantara, dimungkinkan menjadi pemegang saham BEI melalui demutualisasi.
Namun begitu, Jeffrey tak menyebut pasti porsi yang diajukan lantaran masih menunggu Peraturan Otoritas Jasa Keuangan (POJK) tentang demutualisasi.
""Yang sudah menyampaikan minat, itu adalah BPI Danantara melalui DIM. Ya jadi untuk selanjutnya, untuk komunikasi kita bangun terus ya sambil menunggu POJK,"" ungkap Jeffrey kepada wartawan di gedung BEI, Jakarta, Rabu (12/8/2026).
Jeffrey mengatakan, BEI telah melakukan kajian terkait demutualisasi bursa efek. Ia mengaku, skema demutualisasi ini dilakukan dengan mencontoh bursa Hong Kong, Singapura, Australia, hingga Malaysia.
""Kalau di kajian kita kan tentu kita melihat bursa-bursa yang sudah demutualisasi, ada Hong Kong, ada Singapura, ada Australia, ada Malaysia. Bursa-bursa yang memang sudah melakukan demutualisasi,"" jelasnya.
Dalam kesempatan terpisah, Jeffrey juga mengungkap ada investor potensial yang akan membeli saham BEI. Ia menambahkan, pihak akan menjaga independensi pasar modal kendati dilakukan demutualisasi.
""Adapun kepemilikan saham oleh pihak-pihak tersebut akan tetap mempertahankan independensi Bursa Efek,"" ungkap Jeffrey dalam konferensi persnya secara virtual, Rabu.",62,2592
https://finance.detik.com/foto-bisnis/d-8654607/bajaj-masih-eksis-di-tengah-gempuran-ojol,finance,Bajaj Masih Eksis di Tengah Gempuran Ojol,"Rabu, 09 Sep 2026 16:00 WIB","Jakarta - Di tengah maraknya transportasi online, bajaj konvensional masih bertahan melayani penumpang di sekitar Stasiun Cikini, Jakarta Pusat.
Sejumlah pengemudi ojek online dan bajaj beraktivitas di depan Stasiun Cikini, Jakarta Pusat, kemarin. Kawasan stasiun menjadi titik pertemuan penumpang yang baru turun dari KRL dengan berbagai moda transportasi untuk melanjutkan perjalanan.
Moda transportasi roda tiga yang identik dengan Jakarta tersebut masih melayani perjalanan warga di tengah semakin banyaknya pilihan transportasi berbasis aplikasi.
Padatnya aktivitas berbagai moda membuat kawasan sekitar stasiun menjadi ruang pertemuan kendaraan dan pejalan kaki.
Ojol menjadi salah satu pilihan transportasi warga yang membutuhkan kendaraan setelah keluar dari kawasan stasiun.
Dua moda transportasi dengan karakter berbeda tersebut sama-sama beraktivitas di kawasan yang menjadi salah satu titik mobilitas warga.
Kemudahan pemesanan melalui aplikasi menjadi salah satu perubahan dalam cara masyarakat mendapatkan kendaraan untuk melanjutkan perjalanan.
Bajaj masih menjadi pilihan bagi sebagian warga untuk perjalanan, terutama untuk mobilitas jarak dekat di kawasan perkotaan.
Kehadiran transportasi berbasis aplikasi menjadi salah satu tantangan bagi moda konvensional seperti bajaj dalam mendapatkan penumpang.
Berbeda dengan transportasi online yang menentukan perjalanan melalui aplikasi, tarif bajaj konvensional umumnya disepakati langsung antara pengemudi dan penumpang.
Di tengah perubahan pola mobilitas masyarakat dan semakin kuatnya transportasi berbasis aplikasi, bajaj masih bertahan menjadi bagian dari kehidupan transportasi Jakarta.",41,1656
https://finance.detik.com/berita-ekonomi-bisnis/d-8655538/anak-krakatau-erupsi-harga-bahan-pokok-aman-ini-kata-mendag,finance,"Anak Krakatau Erupsi, Harga Bahan Pokok Aman? Ini Kata Mendag","Rabu, 09 Sep 2026 15:48 WIB","Erupsi Gunung Anak Krakatau yang sempat mengganggu aktivitas penerbangan dan sejumlah moda transportasi di sejumlah wilayah belum berdampak terhadap harga bahan pokok.
Menteri Perdagangan (Mendag) Budi Santoso alias Busan mengatakan kondisi ini terlihat dalam data Sistem Pemantauan Pasar dan Kebutuhan Pokok (SP2KP), di mana harga bahan pokok sejauh ini masih relatif stabil.
""Sementara nggak ada masalah. Dari pantuan kami, termasuk dari SP2KP, dan kita juga komunikasi, tidak hanya melihat SP2KP, sementara tidak ada masalah,"" kata Busan saat ditemui di Kantornya, Jakarta Pusat, Rabu (9/9/2026).
Lebih lanjut, menurut Busan sebaran abu vulkanik juga belum memengaruhi rantai pasok dan distribusi bahan pokok, termasuk di daerah terdampak. Sehingga belum ada indikasi kenaikan harga.
""Kan kami bisa pantau juga dari SP2KP, karena SP2KP itu di semua kabupaten kota, yang terkena dampak pun juga sebenarnya distribusinya tetap masuk. Jadi selama ini kalau kita lihat sebenarnya harganya stabil,"" ujarnya.
Terlepas dari imbas sebaran abu vulkanik, Busan menegaskan pemerintah akan terus memperhatikan perkembangan harga barang pokok secara nasional. Menurutnya pemerintah tidak hanya fokus ketika harga mengalami lonjakan, namun saat harga jatuh terlalu rendah juga menjadi ancaman karena berpotensi menekan produsen.
Ia mencontohkan harga telur ayam yang sempat turun hingga sekitar Rp 22.000 per kilogram padahal harga acuannya berada di kisaran Rp 30.000 per kilogram, pemerintah terus melakukan intervensi agar nilai komoditas ini dapat kembali meningkat.
""Nah sekarang sudah mulai naik harga rata-rata nasionalnya, kayak telur kan Rp 26.600. Berarti kan naik dari Rp 22.000 mendekati harga acuan,"" tandasnya.
Tonton juga video ""5 Jurnalis Hilang Kontak di Sekitar Anak Krakatau, Pencarian DIperluas""
(igo/fdl)",61,1814
https://finance.detik.com/industri/d-8655518/pemerintah-permudah-izin-tenaga-kerja-asing-5-hari-langsung-terbit,finance,"Pemerintah Permudah Izin Tenaga Kerja Asing, 5 Hari Langsung Terbit","Rabu, 09 Sep 2026 15:43 WIB","Menteri Investasi dan Hilirisasi/Kepala BKPM Rosan Perkasa Roeslani menyampaikan saat ini beberapa sektor industri yang ada di Indonesia masih membutuhkan Tenaga Kerja Asing (TKA). Pemerintah akan memangkas proses perizinan bagi TKA yang menyertai penanaman modal di Indonesia.
Hal ini ditandai dengan penandatanganan dua Surat Keputusan Bersama (SKB) antara Menteri Ketenagakerjaan Yassierli, Menteri Imigrasi dan Pemasyarakatan Agus Andrianto, serta Menteri Investasi dan Hilirisasi/Kepala BKPM Rosan P. Roeslani di Kantor Kementerian Investasi dan Hilirisasi/BKPM, Jakarta, Rabu (9/9/2026).
SKB pertama yaitu tentang Integrasi Sistem Online Single Submission (OSS), Sistem Informasi dan Aplikasi Pelayanan Ketenagakerjaan (SIAPkerja), dan Aplikasi All Indonesia. SKB kedua yaitu tentang Pembentukan Tim Teknis Integrasi.
Melalui SKB tiga kementerian ini, sistem Online Single Submission (OSS) pada Kementerian Investasi dan Hilirisasi/BKPM akan diintegrasikan dengan SIAPkerja milik Kementerian Ketenagakerjaan dan Aplikasi All Indonesia pada Kementerian Imigrasi dan Pemasyarakatan.
Rosan mengatakan kini proses perizinan TKA ditargetkan dapat selesai dalam waktu sekitar lima hari. Jika melewati batas waktu tersebut, izin akan diterbitkan secara otomatis sesuai mekanisme yang telah ditetapkan. Adapun keputusan ini mulai berlaku akhir bulan ini.
""Jadi memang rencananya pada akan mulai berjalan implementasinya pada akhir bulan ini rencananya tadi saya di- diinformasikan, Insyaallah akhir bulan ini sudah mulai berjalan hasil dari kesepakatan dari kami bertiga,"" ujar Rosan.
Dengan terpangkasnya waktu ini, Rosan mengatakan hal ini dapat meningkatkan iklim investasi dan industri di Indonesia. Kebijakan itu juga diharapkan memberikan dampak positif terhadap penanaman modal asing atau foreign direct investment (FDI).
""Karena memang kita melihat bahwa dari beberapa sektor industri memang kebutuhan tenaga kerja asing itu masih kita perlukan. Dan harapan ini bisa memberikan transfer of knowledge, transfer of technology kepada sumber daya manusia kita,"" terangnya.
Menteri Ketenagakerjaan Yassierli menyampaikan bahwa dengan SKB ini, pelayanan ke depan nantinya akan lebih baik dari yang ada saat ini. Meski begitu, pihaknya tetap berkomitmen untuk melakukan monitoring terhadap jalannya proses perizinan kerja KTA.
""Dan Insyaallah kita yakin dalam implementasinya nanti akan memberikan layanan dan hasil yang efektif dan efisien yang lebih baik,"" katanya.
Tonton juga video ""Kemendikdasmen: Terdapat 172 Pelanggaran TKA 2026""
(hrp/fdl)",67,2546
https://finance.detik.com/berita-ekonomi-bisnis/d-8655508/cuma-presentasi-online-umkm-ri-bisa-dapat-buyer-dari-33-negara,finance,"Cuma Presentasi Online, UMKM RI Bisa Dapat Buyer dari 33 Negara","Rabu, 09 Sep 2026 15:38 WIB","Kementerian Perdagangan (Kemendag) mencatat transaksi ekspor usaha mikro, kecil, dan menengah (UMKM) pada Januari-Juli 2026 berhasil mencapai US$ 333 juta atau setara Rp 5,82 triliun (kurs Rp 17.500). Angka ini sudah jauh melampaui capaian transaksi sebelumnya yang sebesar US$ 134,8 juta atau Rp 2,35 triliun untuk periode Januari-Desember 2025.
Menteri Perdagangan (Mendag) Budi Santoso alias Busan mengatakan capaian transaksi ini merupakan catatan dari hasil program pendampingan UMKM Bisa Ekspor yang diusung Kemendag. Sehingga nilai ekspor produk UMKM ini belum termasuk yang di luar program.
""Tahun lalu transaksinya itu mencapai US$ 134,8 juta setahun. Nah, sekarang Januari-Juli itu sudah mencapai US$ 333 juta,"" ungkap Busan dalam pembukaan Program Pendampingan UMKM bertajuk Gapai Pasar Global dengan AI di kantornya, Jakarta Pusat, Rabu (9/9/2026).
Dalam hal ini, Busan menjelaskan program UMKM Bisa Ekspor ini memanfaatkan jaringan yang dimiliki Kemendag di luar negeri. Melalui program ini pelaku usaha disambungkan secara langsung dengan jajaran Direktorat Jenderal Pengembangan Ekspor Nasional (PEN) serta kantor perwakilan Indonesia di berbagai negara guna mempresentasikan produk mereka secara daring.
""Kita ada 46 perwakilan atas perdagangan dan ITPC (Indonesia Trade Promotion Center) ya, di 33 negara. Jumlahnya 46 di 33 negara. Nah, Bapak-Ibu nanti tinggal presentasi mempresentasikan produknya, semua dengan cara online. Nah, setelah itu perwakilan kita carikan buyer,"" jelasnya.
Setelah itu, pihaknya akan mencarikan calon pembeli atau importir produk UMKM di negara itu. Guna memastikan kelancaran proses negosiasi, Kemendag juga menyediakan pendampingan bahasa bagi para pelaku usaha saat berhadapan dengan pembeli asing.
""Jadi kalau misalnya buyer-nya dari Taiwan, dari Jepang, pakai bahasa mereka, ya Bapak, Ibu nggak usah khawatir karena nanti akan diterjemahkan oleh teman-teman kita yang mendampingi,"" imbuh Busan.
Berkat fasilitasi inilah menurutnya pemerintah berhasil mendongkrak transaksi ekspor produk UMKM yang amat pesat hingga Rp 5,82 triliun dalam tujuh bulan pertama 2026 tadi. Untuk itu Busan sangat mendorong pelaku UMKM untuk ikut dalam program ini dan merambah pasar luar negeri.
""Yang ikut UMKM Bisa Ekspor ini rata-rata 70% belum pernah ekspor. Jadi Bapak, Ibu nggak usah khawatir, kalau belum pernah ekspor itu bisa aja ekspor,"" pungkasnya.
Tonton juga video ""Driver Ojol Bakal Jadi UMKM, Perpres Dikebut Sebelum 17 Agustus""
(fdl/fdl)",63,2482
https://finance.detik.com/berita-ekonomi-bisnis/d-8655501/purbaya-kebut-sistem-deteksi-pajak-ekspor-impor-pakai-ai,finance,Purbaya Kebut Sistem Deteksi Pajak Ekspor-Impor Pakai AI,"Rabu, 09 Sep 2026 15:36 WIB","Menteri Keuangan Purbaya Yudhi Sadewa akan terus menyempurnakan sistem Lembaga National Single Window (LNSW), yang salah satunya berfungsi untuk mendeteksi pajak ekspor dan impor. Pengembangan LNSW akan menggunakan kecerdasan buatan atau artificial intelligence (AI), khususnya untuk menganalisa potensi pendapatan dari perbaikan sistem.
""Jadi, kita kembangkan di sini aplikasi menggunakan AI juga. Untuk membantu para analis kita melihat potensi pendapatan yang mungkin diperoleh dengan perbaikan sistem. Dengan mengintegrasikan pemakaian semua data yang ada di LNSW,"" ujar Purbaya di kantor LNSW, Jakarta Pusat, Rabu (9/9/2026).
LNSW akan menjadi sistem yang cukup kuat dan dapat membantu analisa perpajakan secara signifikan. Segala bentuk potensi pajak dan cukai dapat terdeteksi sejak awal.
""Jadi segala potensi pajak, potensi cukai yang miss bisa terdeteksi awal di sini,"" ujar Purbaya.
Purbaya mengatakan, sudah banyak programmer jago yang menjadi awak LNSW, namun tetap saja hasil kerjanya akan ditentukan oleh masyarakat. Maka dari itu pihaknya meminta agar semua awak LNSW bekerja dengan sungguh-sungguh.
Sebagai contoh kasus saja, pada tata kelola ekspor impor batu bara, bila ada potensi kurang bayar pajak LNSW harus bisa mendeteksinya.
""Untuk batu bara ke depan setiap perusahaan berapa potensi pembayaran pajak yang kurang. Digabungkan dengan SPT-nya mereka. Jadi, ke depan nggak ada yang bisa main-main lagi. Kita akan monitor itu dengan lebih teliti. Kita pakai semua data yang ada secara integrasi. Dengan memanfaatkan AI, data,"" ujar Purbaya.
Tonton juga video ""Menkeu Bidik Rp 2.908 T Penerimaan Pajak di 2027""
(hal/ara)",56,1640
https://finance.detik.com/moneter/d-8655433/punya-banyak-rencana-cek-penawaran-bri-multiguna-pre-approved,finance,Punya Banyak Rencana? Cek Penawaran BRI Multiguna Pre-Approved,"Rabu, 09 Sep 2026 15:01 WIB","Kebutuhan dana tambahan bisa muncul ketika seseorang sedang menyiapkan berbagai rencana, mulai dari biaya pendidikan anak, renovasi rumah, kebutuhan kesehatan, hingga persiapan pernikahan dan kebutuhan keluarga lainnya.
Dalam kondisi tersebut, pembiayaan multiguna bisa menjadi salah satu pilihan untuk membantu memenuhi kebutuhan dana. Bagi nasabah terpilih, PT Bank Rakyat Indonesia (Persero) Tbk atau BRI memiliki fasilitas BRI Multiguna Pre-Approved yang menawarkan proses pengajuan lebih mudah dan cepat dibandingkan pengajuan pembiayaan reguler.
Apa Itu BRI Multiguna Pre-Approved?
BRI Multiguna Pre-Approved merupakan fasilitas pembiayaan dari BRI yang ditujukan khusus bagi nasabah terpilih dengan kriteria tertentu yang ditetapkan BRI.
Status Pre-Approved ini membuat proses pengajuan pembiayaan dapat dilakukan secara lebih sederhana dibandingkan pengajuan reguler. Nasabah yang mendapatkan penawaran pun dapat mengakses Pinjaman Multiguna untuk berbagai kebutuhan sesuai ketentuan produk.
Apa Keunggulan BRI Multiguna Pre-Approved?
Fasilitas ini memberikan kemudahan bagi nasabah yang telah mendapatkan penawaran. Proses pengajuannya lebih cepat dan sederhana dibandingkan pengajuan pembiayaan reguler.
Beberapa keunggulan BRI Multiguna Pre-Approved antara lain:
- Pengajuan lebih cepat.
- Proses lebih mudah dibandingkan pengajuan reguler.
- Khusus bagi nasabah BRI yang terpilih dan memenuhi kriteria.
- Dapat digunakan untuk berbagai kebutuhan produktif maupun konsumtif sesuai ketentuan produk.
Dengan proses tersebut, nasabah yang telah memperoleh penawaran dapat mengakses pembiayaan secara lebih praktis ketika membutuhkan dana untuk rencana yang telah disiapkan.
Bisa Digunakan untuk Berbagai Kebutuhan
Sesuai namanya, Pinjaman Multiguna dapat digunakan untuk berbagai kebutuhan, sehingga nasabah bisa menyesuaikan pemanfaatan dana dengan prioritas masing-masing.
Pembiayaan ini antara lain dapat digunakan untuk dana pendidikan, termasuk biaya pendidikan anak atau anggota keluarga. Dana juga dapat dimanfaatkan untuk renovasi rumah, seperti memperbaiki atau menambah bagian rumah agar lebih nyaman.
Selain itu, kebutuhan kesehatan, baik biaya pengobatan maupun perawatan, juga dapat menjadi pertimbangan. Pembiayaan ini dapat digunakan untuk persiapan pernikahan, kebutuhan acara keluarga, maupun kebutuhan keluarga lainnya yang sudah direncanakan atau bersifat mendesak.
Bagi nasabah yang ingin mengembangkan usaha, fasilitas ini juga dapat dimanfaatkan sebagai modal usaha, selama penggunaannya sesuai dengan ketentuan produk yang berlaku.
Dengan fleksibilitas tersebut, BRI Multiguna dapat menjadi salah satu alternatif pembiayaan bagi nasabah yang memiliki beberapa kebutuhan sekaligus.
Siapa yang Bisa Mendapatkan Penawaran?
Perlu diketahui, BRI Multiguna Pre-Approved tidak otomatis tersedia bagi seluruh nasabah BRI. Penawaran diberikan secara khusus kepada nasabah terpilih yang telah memenuhi kriteria dan ketentuan yang ditetapkan oleh BRI.
Salah satu kelompok nasabah yang berkesempatan memperoleh penawaran adalah nasabah yang payroll atau pembayaran gajinya disalurkan melalui BRI. Namun, ketersediaan penawaran tetap bergantung pada hasil seleksi serta kriteria yang berlaku di BRI.
Lalu, bagaimana cara mengetahui apakah Anda termasuk nasabah yang mendapatkan penawaran?
Nasabah terpilih akan mendapatkan informasi penawaran BRI Multiguna Pre-Approved melalui kanal resmi BRI, antara lain:
- WhatsApp Blast resmi BRI yang menginformasikan adanya penawaran BRI Multiguna Pre-Approved; atau
- Pop-up notification/penawaran di aplikasi BRImo ketika nasabah mengakses aplikasi.
Apabila menerima salah satu notifikasi tersebut, nasabah dapat melihat detail penawaran dan melanjutkan proses pengajuan sesuai tahapan yang tersedia.
Karena penawaran diberikan secara khusus, nasabah disarankan untuk memastikan informasi yang diterima berasal dari kanal resmi BRI serta tidak memberikan PIN, password, kode OTP, maupun data rahasia perbankan kepada pihak lain.
Cara Mengajukan BRI Multiguna Pre-Approved
Nasabah yang sudah memperoleh penawaran dapat mengajukan BRI Multiguna Pre-Approved melalui aplikasi BRImo.
Proses pengajuan dilakukan dengan mengikuti tahapan yang tersedia di BRImo serta syarat dan ketentuan yang berlaku. Dengan adanya penawaran Pre-Approved, proses tersebut menjadi lebih praktis dibandingkan pengajuan pembiayaan reguler.
Dana yang diperoleh kemudian dapat direncanakan sesuai kebutuhan, mulai dari pembiayaan pendidikan, renovasi rumah, kebutuhan kesehatan, persiapan pernikahan, hingga kebutuhan keluarga lainnya.
Saatnya Cek Penawaran BRI Multiguna Pre-Approved
Berbagai rencana keuangan tentu membutuhkan persiapan, termasuk dalam menyiapkan dana. Ketika kebutuhan tersebut muncul, pilihan pembiayaan yang mudah diakses dapat membantu nasabah mengatur rencana dengan lebih terarah.
Bagi nasabah BRI yang telah mendapatkan penawaran, BRI Multiguna Pre-Approved dapat menjadi salah satu pilihan untuk memenuhi kebutuhan produktif maupun konsumtif sesuai ketentuan yang berlaku.
Jika payroll Anda telah disalurkan melalui BRI, tidak ada salahnya mengecek apakah sudah memperoleh penawaran BRI Multiguna Pre-Approved.
Untuk mengetahui informasi lebih lanjut sekaligus mengecek penawaran yang dimiliki, kunjungi laman berikut.
Lihat juga Video: Dirut BRI Paparkan Evolusi Industri Perbankan",62,5342
https://finance.detik.com/berita-ekonomi-bisnis/d-8655321/bencana-jadi-beban-ekonomi-negara,finance,Bencana Jadi Beban Ekonomi Negara?,"Rabu, 09 Sep 2026 14:45 WIB","Berada di jalur cincin api, Indonesia bisa dibilang bukan pendatang baru sebagai negara yang sering didatangi bencana. Mulai dari gempa, erupsi, hingga banjir, Indonesia sudah khatam dengan peristiwa-peristiwa alam tersebut. Maka, tidak salah jika pemerintah menyiapkan anggaran untuk logistik mitigasi dan penanggulangan bencana alam.
Terkait hal tersebut, baru-baru ini, Presiden Prabowo sudah menyiapkan angka untuk anggaran baru kebencanaan. Hal ini diungkapkan Prabowo dalam Ratas Perkembangan Penanganan Bencana Alam secara virtual di Istana Merdeka. Prabowo menyebut jika sederet bencana yang terjadi belakangan merupakan takdir sekaligus menjadi pelajaran bagi Indonesia.
""Pelajaran juga bagi kita, bagi pemerintah yang saya pimpin, alokasi anggaran untuk mitigasi bencana harus kita tambah secara signifikan. Saya kira dalam menghadapi keadaan ke depan kita akan lebih mampu,"" lanjut Prabowo.
Menanggapi hal tersebut, Menteri Keuangan RI Purbaya Yudhi Sadewa anggaran ini akan dikelola oleh Badan Nasional Penanggulangan Bencana (BNPB). Maka dari itu, pihaknya menunggu perhitungan dari BNPB terlebih dahulu soal tambahan anggaran.
""Nanti kita tingkatkan sesuai permintaan, kan BNPB yang hitung. Nanti kita lihat seperti apa perhitungan BNPB. Kan sekarang saya belum terima,"" ujar Purbaya dikutip dari detikFinance, Senin (7/9/2026).
""Berapapun angkanya akan kita usahakan semaksimal mungkin. Tapi jangan ngaco ya hitungannya, gitu aja,"" lanjut dia.
Dari meja parlemen, rencana tersebut disambut baik. Ketua DPR RI, Puan Maharani, menyatakan sepakat selama anggaran tersebut bermanfaat bagi masyarakat.
Soal bencana, negara ini memang perlu memperhatikan masak-masak soal anggaran. Sebabnya, kerusakan infrastruktur, perlambatan ekonomi, hingga dampak psikologis masyarakat bermuara pada beban fiskal dan moneter negara.
Lalu sejauh mana bencana menjadi beban ekonomi negara? Berapa anggaran ideal yang dibutuhkan sebuah negara untuk memitigasi dampak bencana? Simak ulasannya dalam detikSore bersama Ekonom Senior INDEF, Tauhid Ahmad.
Beralih ke Berita Nusantara, proses pencarian lima jurnalis yang dilaporkan hilang saat meliput aktivitas Gunung Anak Krakatau di Perairan Selat Sunda memasuki hari kedua. Kantor SAR Banten sudah menyiapkan dua pesawat tanpa awak termal atau drone dan memperluas lokasi pencarian untuk menemukan kelima orang tersebut.
""Tim SAR gabungan akan kembali melanjutkan pencarian pada hari berikutnya dengan memperluas area penyisiran sesuai hasil evaluasi, dan kondisi di lapangan,"" ungkap Kepala Kantor Pencarian dan Pertolongan Banten Al Amrad, dikutip dari detikNews.
Selain para jurnalis tersebut, terdapat pula tiga orang lainnya yang merupakan awak kapal. Seperti apa perkembangan terbaru dari pencarian lima jurnalis ini? Apa saja upaya yang sudah dilakukan oleh Tim SAR? Simak laporan lengkapnya bersama jurnalis detikcom.
Jelang petang nanti, detikSore akan kembali membedah strategi mencari cuan di tengah volatilitas pasar saham. Meski IHSG berangsur membaik, namun pada setiap kenaikan, ada fluktuasi tipis yang perlu dihadapi. Dalam kondisi seperti ini, ada kepekaan yang perlu dimiliki oleh seorang investor.
Lalu apa strategi mengeruk keuntungan di masa-masa pasar saham yang tidak menentu seperti saat ini? Simak ulasannya dalam Sunsetalk detikSore!
Ikuti terus berita terbaru dan bermutu dari detikSore. Tonton tayangan langsungnya lewat berbagai platform media sosial. Jangan lupa follow detikSore di Instagram dan TikTok. detikSore Nggak Cuma Hore-hore!
(vys/gub)",34,3520
https://finance.detik.com/bursa-dan-valas/d-8655386/sah-sarjito-jadi-kepala-pengawas-bursa-mineral,finance,Sah! Sarjito Jadi Kepala Pengawas Bursa Mineral,"Rabu, 09 Sep 2026 14:37 WIB","Mahkamah Agung (MA) resmi melantik Sarjito sebagai Kepala Eksekutif Pengawas Bursa Mineral dan Komoditas Strategis (BMKS) Otoritas Jasa Keuangan (OJK). Sarjito mengucapkan sumpah jabatan di hadapan Ketua MA Sunarto.
Menurut Sunarto, berdasarkan surat keputusan Presiden Republik tanggal 31 Agustus 2026, Sarjito telah diangkat sebagai Anggota Dewan Komisioner Otoritas Jasa Keuangan.
""Sebelum memangku jabatan Anggota Dewan Komisioner OJK, sudara wajib mengucapkan sumpah. Bersediakah saudara menyampaikan sumpah jabatan menurut agama saudara? "" tanya Sunarto, di kantor MA, Jakarta Pusat, Rabu (9/9/2026).
Sarjito lantas menyatakan bersedia dan mengucapkan sumpahnya. Sarjito menyebut siap melaksanakan tugas sesuai peraturan perundang-undangan, serta tidak akan menerima langsung atau tidak langsung, dari siapa pun sesuatu janji atau pemberian dalam bentuk apa pun.
""Saya bersumpah bahwa saya akan melaksanakan tugas dan kewajiban sebagai Anggota Dewan Komisioner OJK, dengan sebaik-baiknya dan dengan penuh rasa tanggung jawab berdasarkan peraturan perundang-undangan yang berkenaan dengan tugas dan kewajiban tersebut,"" kata Sarjito mengucapkan sumpahnya.
Dengan diucapkannya sumpah tersebut, Sarjito resmi menjabat sebagai Kepala Pengawas BMKS OJK. Sebelumnya, Dewan Perwakilan Rakyat (DPR) resmi menetapkan Sarjito sebagai Kepala BMKS OJK untuk periode 2026-2031.
Sarjito juga telah menjalani uji kelayakan dan kepatutan sebagai Kepala BMKS OJK bersama Komisi XI DPR. Berdasarkan hasil uji kelayakan tersebut, Komisi XI menyetujui penetapan Sarjito untuk kemudian disahkan dalam Rapat Paripurna DPR pada 27 Agustus 2026.
Dalam uji kelayakan tersebut, Sarjito mengakui ada sejumlah tantangan yang dihadapi, termasuk praktik under invoicing, transfer pricing, hingga penentuan harga. Ia menilai bagian terpenting dalam BMKS adalah pasar yang terpercaya alias trusted market.
""Apa yang terpenting? Yaitu trusted market. Karena market yang bagus pasti akan dipakai untuk arbitrage. Price arbitrage, bukan supervisory dan regulatory arbitrage,"" ujar Sarjito dalam agenda fit and proper test.
Sarjito diketahui menjadi calon tunggal untuk Kepala Eksekutif Pengawas BMKS OJK merangkap jabatan sebagai Anggota Dewan Komisioner (ADK) OJK. DPR RI menerima Surat Presiden (Surpres) dari Presiden Prabowo Subianto yang mengusulkan nama Sarjito.
Simak juga Video OJK Ungkap Biang Kerok IHSG Merah Sendirian di Asia",47,2408
https://finance.detik.com/energi/d-8655368/mglv-resmi-jadi-pemain-ai-data-center,finance,MGLV Resmi Jadi Pemain AI Data Center,"Rabu, 09 Sep 2026 14:23 WIB","PT NexAl Digital Infrastruktur Tbk (MGLV) yang sebelumnya bernama PT Panca Anugrah Wisesa Tbk, resmi mengubah fokus bisnis usaha. Kini MGLV fokus pada bisnis penyedia layanan pusat data kecerdasan buatan (artificial intelligence/AI) data center.
Keputusan ini diperoleh pada Rapat Umum Pemegang Saham Luar Biasa (RUPS-LB) dan Rapat Umum Pemegang Saham Independen (RUPS-Independen) pada, Senin (7/9/2026).
Selain itu, pemegang saham menyetujui rencana penguatan permodalan melalui Penambahan Modal dengan Memberikan Hak Memesan Efek Terlebih Dahulu (PMHMETD) atau rights issue.
Dalam aksi tersebut, perseroan berencana menerbitkan maksimal 285.732.512 saham biasa baru. Di mana dana yang diperoleh dari rights issue akan digunakan untuk mendukung pengembangan bisnis baru perseroan di sektor infrastruktur digital.
Ahmad Zulfikar, Presiden Direktur NexAl, mengatakan bahwa persetujuan pemegang saham ino menjadi landasan perseroan untuk mempercepat ekspansi ke sektor infrastruktur digital.
""Kami berterima kasih atas. kepercayaan dan dukungan pemegang saham. Persetujuan ini menjadi landasan bagi kami untuk mengakselerasi penetrasi ke sektor infrastruktur digital, sekaligus membangun fondasi pertumbuhan yang solid di industri Al data center yang berkembang sangat cepat,"" ujarnya dalam keterangan tertulis, Rabu (9/9/2026).
Sejalan dengan perubahan kegiatan usaha tersebut, pemegang saham turut menyetujui rencana Perseroan untuk melepas kepemilikan pada sejumlah anak perusahaan yang berkaitan dengan lini usaha sebelumnya kepada pihak ketiga, sekaligus mengalihkan aset dan liabilitas terkait.
Sementara itu dalam RUPS Independen, pemegang saham Independen juga menyetujul akuisisi oleh Perseroan atas saham PT Nextier Askara Center (NAC) dan PT Nextier GenAi Center (NGC), beserta piutang terkait dari PT Nextier Datamate Center (NDC), yang merupakan salah satu pemegang saham Perseroan.
""Divestasi sejumlah anak usaha dan akuisisi NAC dan NGC merupakan langkah konkret menata kembali portofolio Perseroan sesuai fokus usaha yang baru. Kedua perusahaan ini. akan memperkuat pondasi operasional dan strategi pengembangan bisnis Al data center kami,"" ujar Zulfikar.
Lihat juga Video: Permintaan RAM Lagi Tinggi, SK Hynix Mau Tambah Kapasitas Produksi",37,2254
https://finance.detik.com/infrastruktur/d-8655326/otorita-ikn-pastikan-karhutla-di-tol-balsam-dan-bukit-tengkorak-sudah-padam,finance,Otorita IKN Pastikan Karhutla di Tol Balsam dan Bukit Tengkorak Sudah Padam,"Rabu, 09 Sep 2026 14:00 WIB","Otorita Ibu Kota Nusantara (IKN) memastikan kebakaran hutan dan lahan (karhutla) di kawasan Jalan Tol Balikpapan-Samarinda (Balsam) Km 31, serta Kawasan Bukit Tengkorak yang berada di dalam kawasan Taman Hutan Raya (Tahura) Bukit Soeharto di Kecamatan Sepaku telah padam.
Hal ini berdasarkan pengecekan yang dilakukan Staf Khusus Kepala Otorita IKN Bidang Manajemen Kebijakan dan Strategi Konstruksi, Danis H Sumadilaga. Danis melakukan pengecekan ke Tol Balsam Km 31, Desa Wonotiro, Kecamatan Samboja, serta kawasan Bukit Tengkorak.
Pada Rabu (09/09/2026), Danis memastikan kondisi di Bukit Tengkorak sudah dalam keadaan padam. Saat melakukan pengecekan sekitar pukul 10.30 WITA, tidak terlihat lagi kebakaran aktif, meskipun masih terdapat asap tipis di sejumlah titik.
""Alhamdulillah sudah tidak ada kebakaran lagi, mungkin ada asap kecil-kecil saja. Ini hasil pemadaman yang dilakukan oleh tim darat bersama-sama dan juga dari udara waktu water bombing. Hari ini di Bukit Tengkorak sudah padam,"" ujar Danis dalam keterangan tertulis, Rabu (9/9/2026).
Danis juga terus berkomunikasi dengan berbagai pihak untuk memastikan penanganan karhutla dapat dilakukan secara cepat dan terkoordinasi, baik melalui upaya pemadaman dari darat maupun udara.
Menurut Danis, keberhasilan pemadaman tersebut perlu diikuti dengan langkah antisipasi agar api tidak kembali muncul. Karena itu, monitoring dan patroli akan terus dilakukan untuk memastikan kondisi kawasan tetap aman dari potensi kebakaran susulan.
""Mudah-mudahan jangan sampai terjadi lagi. Harus kita lakukan upaya monitoring, patroli untuk memastikan bahwa jangan sampai kebakaran ini terjadi lagi,"" tambah danis.
Otorita IKN mengapresiasi kerja bersama seluruh pihak yang terlibat dalam penanganan karhutla, baik melalui pemadaman darat maupun dukungan pemadaman dari udara.
Otorita IKN juga menegaskan bahwa penanganan karhutla tidak berhenti setelah api padam. Pemantauan dan patroli berjalan untuk mencegah dan mendeteksi asap atau titik api sedini mungkin.
Simak juga Video Puan soal Lahan Bekas Karhutla Jadi Kebun Sawit: Segera Ditindak!",75,2095
https://finance.detik.com/bursa-dan-valas/d-8655301/jasa-marga-jajaki-potensi-investasi-tol-baru-siapkan-dana-rp-12-t,finance,"Jasa Marga Jajaki Potensi Investasi Tol Baru, Siapkan Dana Rp 12 T","Rabu, 09 Sep 2026 13:49 WIB","PT Jasa Marga (Persero) Tbk (JSMR) terbuka untuk penjajakan investasi terhadap sejumlah tol yang telah beroperasi. Perseroan bahkan menyiapkan belanja modal atau capital expenditure (capex) untuk seluruh kebutuhan, termasuk investasi tol Rp 12 triliun.
Direktur Utama Jasa Marga, Rivan Achmad Purwantono, menjelaskan capex diarahkan untuk optimalisasi jadwal konstruksi dan operasional tol baru secara bertahap. Hingga semester I-2026, realisasi capex perseroan telah mencapai Rp 4,4 triliun yang digunakan untuk operasional, pemeliharaan, dan investasi pembangunan tol.
""Serapan capex hingga tahun ini sangat tergantung pada kondisi realisasi di lapangan tentunya, namun kami estimasikan bahwa capex investasi sampai dengan akhir tahun 2026 ini adalah mencapai sekitar Rp 12 triliun,"" ungkap Rivan dalam acara Public Expose virtual, Rabu (9/9/2026).
Rivan mengatakan, perseroan terbuka terhadap investasi pada pembangunan tol baru yang sesuai dengan arah pengembangan perusahaan. Namun ia menegaskan, keputusan partisipasi dalam pengembangan tol akan diputuskan secara komprehensif dan mempertimbangkan prospek.
Pertimbangan investasi tersebut mencakup prospek lalu lintas, konektivitas, jaringan jalan tol existing, kelayakan investasi dan kemampuan finansial perusahaan. Jasa Marga juga terbuka untuk investasi di sektor brownfield.
""Di dalam hal ekspansi ini tentu sesuai dengan arah strategis yang telah disampaikan sebelumnya, Jasa Marga juga terbuka untuk peluang investasi pada sektor brownfield mengingat saat ini tender jalan tol baru memang tidak terlalu banyak jika dibandingkan periode sebelumnya,"" jelasnya.
Saat ditanya terkait proses streamlining yang tengah dijalankan BP Badan Usaha Milik Negara (BUMN) dan Badan Pengelola Investasi (BPI) Daya Anagata Nusantara (Danantara), Rivan mengatakan Jasa Marga juga ikut berperan dalam transformasi tersebut. Menurutnya, langkah ini dilakukan untuk mengoptimalisasikan portofolio dan meningkatkan nilai tambah.
""Saat ini Jasa Marga terus berkoordinasi dan masih berkoordinasi baik dengan pemegang saham, dengan Danantara, BP BUMN, maupun perusahaan-perusahaan yang masuk di dalam streamlining, di mana proses penataan tersebut juga tetap dilakukan dengan memperhatikan prinsip tata kelola yang baik,"" pungkasnya.
Lihat juga Video Viral Mobil Pecah Ban Massal di Tol Jagorawi, Jasa Marga Buka Suara",66,2357
https://finance.detik.com/berita-ekonomi-bisnis/d-8655278/59-8-juta-rokok-ilegal-di-jakarta-ditindak-bea-cukai-negara-rugi-rp-46-79-m,finance,"59,8 Juta Rokok Ilegal di Jakarta Ditindak Bea Cukai, Negara Rugi Rp 46,79 M","Rabu, 09 Sep 2026 13:35 WIB","Kanwil Direktorat Jenderal Bea Cukai (DJBC) Jakarta telah melakukan penindakan terhadap rokok ilegal dengan jumlah 59,8 juta batang sepanjang tahun 2026. Menurut Kepala Kantor Wilayah Bea Cukai Jakarta, Hendri Darnadi, total kerugian tembus Rp 46,79 miliar.
Ia menyebut peredaran rokok ilegal tidak hanya merugikan negara, tetapi juga menciptakan persaingan usaha yang tidak sehat. Untuk itu, DJBC bersinergi dengan Kementerian Perindustrian dan instansi lainnya untuk melindungi industri hasil tembakau yang legal.
""Selama tahun 2026 sebanyak 413 kali kegiatan penindakan di bidang cukai, yang kemudian menghasilkan 59 juta, hampir 60 juta batang (rokok ilegal),"" kata Hendri dalam konferensi pers di Kantor Kanwil DJBC Jakarta, Rabu (9/9/2026).
Hendri menyebut jumlah tersebut meningkat sekitar 257% dibandingkan capaian pada periode yang sama tahun 2025. Kanwil DJBC Jakarta mencatat penindakan yang dilakukan tahun lalu mencapai 23 juta batang rokok ilegal.
""Jumlah tersebut meningkat 250% dibanding capaian pada periode yang sama tahun lalu, yaitu sampai 31 Agustus itu ada 23 juta batang. Ini menandakan bahwa ada permasalahan serius bahwa kegiatan perdagangan rokok ilegal ini sanga masif,"" tuturnya.
Sebagai informasi, total kerugian juga memperhitungkan hasil penindakan terhadap Minuman Mengandung Etil Alkohol (MMEA) sebanyak 12.093 liter. Selain itu, Bea Cukai Jakarta turut menindak 5.300 liter etil alkohol.
 
Jumlah penindakan bidang cukai secara keseluruhan meningkat 31,7% dibandingkan capaian tahun 2025. Adapun nilai barang bidang cukai dari rokok ilegal, MMEA dan etil alkohol sepanjang 2026 tembus Rp 83,39 miliar.
Hendri menambahkan, isu ini harus menjadi atensi karena penerimaan negara dari cukai tergolong besar. Dengan beredarnya rokok ilegal, penerimaan negara atau fiskal bisa digerogoti.
""Yang harus menjadi atensi atau perhatian yang sangat serius dari kita semua, rokok merupakan salah satu di bidang cukai, merupakan sumber penerimaan negara terbesar. Jadi peredaraan rokok ilegal ini tidak hanya kemudian menggerogoti penerimaan negara atau fiskal,"" tegas Hendri.
Lihat juga Video: Petugas Bea Cukai Razia di Warung Madura Viral, Ternyata Cari Rokok Ilegal",76,2189
https://finance.detik.com/fintech/d-8655330/bitcoin-masih-diminati-investor-ini-tandanya,finance,"Bitcoin Masih Diminati Investor, Ini Tandanya","Rabu, 09 Sep 2026 13:29 WIB","ETF Bitcoin spot di Amerika Serikat mencatat net inflow sekitar US$ 3,8 miliar selama tiga pekan perdagangan berturut-turut pada periode 17 Agustus-4 September 2026 berdasarkan data SoSoValue. Hal ini menunjukan, minat institusional terhadap bitcoin masih terjaga di tengah pergerakan harga yang volatil.
Harga Bitcoin sendiri sempat turun dari kisaran US$ 81.200 ke bawah US$ 79.000. Berdasarkan data CoinGecko pada Selasa (8/9), Bitcoin bergerak pada rentang sekitar US$ 78.200-US$ 79.600.
Chief Marketing Officer Indodax, Aloysia Dian, menilai konsistensi arus masuk ETF menjadi salah satu indikator yang dapat digunakan untuk melihat dinamika permintaan bitcoin.
""Yang menarik bukan hanya besarnya arus masuk, tetapi konsistensinya ketika harga bitcoin sedang mengalami tekanan. Ini menunjukkan bahwa pergerakan harga jangka pendek dan arus dana ke ETF tidak selalu bergerak searah, serta perlu melihat bitcoin dalam horizon yang lebih panjang, alih-alih bereaksi terhadap pergerakan harian,"" katanya dalam keterangan tertulis, Rabu (9/9/2026).
Di tengah kuatnya arus dana ETF, lanjutnya, perhatian pasar berikutnya tertuju pada rangkaian data ekonomi Amerika Serikat yang akan menjadi acuan sebelum keputusan The Fed. Producer Price Index (PPI) dijadwalkan dirilis pada 10 September, disusul Consumer Price Index (CPI) pada 11 September. Setelah itu, Federal Open Market Committee (FOMC) pada 15-16 September 2026, yang dinilai akan menjadi salah satu katalis utama.
Berdasarkan ekspektasi pasar saat ini, peluang kenaikan suku bunga sebesar 25 basis poin (bps) mencapai 58,4%, sementara peluang suku bunga tetap berada di 41,6%. Ekspektasi tersebut turut dipengaruhi data tenaga kerja Agustus yang menunjukkan penambahan 162.000 lapangan kerja dengan tingkat pengangguran sebesar 4,1%. Namun, arah ekspektasi pasar masih dapat berubah, seiring dirilisnya data inflasi sebelum pertemuan FOMC.
Aloysia menilai bahwa rangkaian data tersebut penting untuk dilihat sebagai bagian dari gambaran makro yang lebih luas, bukan sebagai penentu tunggal arah pasar.
""Arus dana ETF memberikan gambaran mengenai permintaan institusional, sementara PPI, CPI, dan keputusan The Fed akan menentukan bagaimana pasar membaca kondisi makro berikutnya. Namun, investor tetap perlu melihat seluruh indikator tersebut secara menyeluruh, melakukan riset mandiri (DYOR), dan tidak menjadikan satu data sebagai satu-satunya dasar pengambilan keputusan,"" tambahnya.
Simak juga Video BNN Ungkap Sulitnya Lacak Transaksi Narkoba Lewat Bitcoin-Kripto",45,2526
https://finance.detik.com/berita-ekonomi-bisnis/d-8655154/bea-cukai-tindak-10-juta-batang-rokok-ilegal-yang-rugikan-negara-rp-8-m,finance,Bea Cukai Tindak 10 Juta Batang Rokok Ilegal yang Rugikan Negara Rp 8 M,"Rabu, 09 Sep 2026 12:37 WIB","Direktorat Jenderal Bea Cukai (DJBC) melalui Kantor Wilayah Jakarta melakukan penindakan terhadap rokok ilegal di wilayah kerja Kanwil Bea Cukai Jakarta. Hasilnya sebanyak 10.067.000 batang rokok ilegal berhasil ditindak.
Kepala Kantor Wilayah Bea Cukai Jakarta, Hendri Darnadi mengatakan, jumlah tersebut diperoleh dari tiga penindakan dalam periode 31 Agustus sampai 1 September 2026. Estimasi potensi kerugian negara diperkirakan mencapai Rp 7,51 miliar.
""Kantor Wilayah DJBC Jakarta bekerja sama dengan Kantor Bea Cukai Marunda telah melakukan atau mengamankan sekitar 10 juta batang rokok ilegal di wilayah Pademangan, Jakarta Utara, dengan estimasi potensi kerugian negara mencapai Rp 7,5 miliar,"" kata Hendri dalam konferensi pers di kantor DJBC Jakarta, Rabu (9/9/2026).
Selain itu, Kantor Bea Cukai Marunda menerima limpahan sebanyak 45 koli berisi 716 ribu batang rokok ilegal dengan estimasi kerugian negara sekitar Rp 534 juta. Artinya total batang rokok ilegal yang diamankan mencapai 10,78 juta batang dengan total kerugian Rp 8 miliar.
""Total keseluruhan dari tiga rangkaian penindakan serta pelimpahan dari Polres Metro Jakarta Barat sekitar 10.783.800 batang rokok ilegal dengan estimasi kerugian negara adalah Rp 8 miliar,"" tuturnya.
Barang tersebut diketahui berasal dari wilayah Jawa Timur. Rencananya barang akan dipasarkan ke wilayah Jawa Barat, Sumatera, dan Kalimantan.
""Rokok ilegal tersebut berasal dari Jawa Timur yang akan dikirim ke daerah pemasaran. Sementara ini yang terdeteksi ke tiga tempat, yaitu Jawa Barat, Sumatera dan Kalimantan,"" ungkap Hendri.
Menurut Hendri, seluruh barang hasil penindakan dan barang yang diserahterimakan tersebut saat ini masih dilakukan proses penelitian lebih lanjut sesuai dengan ketentuan peraturan perundang-undangan.
Ia juga menambahkan pelaksanaan tugas ini dilakukan melalui sinergi bersama dengan Polri, Kejaksaan, TNI, Pemerintah Provinsi, dan berbagai kementerian/lembaga.
""Saya menyampaikan apresiasi atas sinergi dan kolaborasi yang terjalin sangat baik antara Bea Cukai dengan Komisi III DPR RI, Kementerian Perindustrian, Pemerintah Provinsi DKI Jakarta, Polri, TNI, Kejaksaan, serta seluruh instansi terkait dalam upaya melindungi masyarakat dari peredaran rokok ilegal."" tutup Hendri.
Lihat juga Video: Petugas Bea Cukai Razia di Warung Madura Viral, Ternyata Cari Rokok Ilegal",71,2356
https://finance.detik.com/infrastruktur/d-8655144/tol-probolinggo-banyuwangi-beroperasi-awal-2027,finance,Tol Probolinggo-Banyuwangi Beroperasi Awal 2027,"Rabu, 09 Sep 2026 12:31 WIB","PT Jasa Marga (Persero) Tbk (JSMR) memastikan Tol Probolinggo-Banyuwangi mulai beroperasi pada awal 2027. Jasa Marga tengah melakukan persiapan untuk ruas Paiton-Besuki sebagai bagian dari operasional tol tersebut.
Direktur Pengembangan Usaha Jasa Marga, Ari Respati menjelaskan saat ini ruas Paiton-Besuki akan menjalani uji laik fungsi dan operasi (ULFO). Progress konstruksi ruas tersebut telah mencapai 92,66%.
Secara keseluruhan, seluruh ruas Tol Probolinggo-Banyuwangi ditargetkan operasional kuartal I tahun depan. Progress konstruksi di ruas Gending-Kraksaan dan Kraksaan-Paiton telah mencapai 100%.
""Jalan tol Probolinggo-Banyuwangi sepanjang 49,68 km yaitu Probolinggo-Situbondo Barat telah selesai dan saat ini proses ULFO untuk ruas Paiton-Besuki sebagai bagian dari persiapan pelaksanaan operasional yang direncanakan pada awal 2027,"" ungkap Ari dalam acara Public Expose virtual, Rabu (9/9/2026).
Selain itu, Ari juga menjelaskan proyek pembangunan tol yang tengah dikerjakan perseroan, seperti ruas Jakarta-Cikampek (Japek) II Selatan yang tengah proses pembangunan jalur Setu-Sadang.
Proyek selanjutnya, Tol Akses Patimban yang saat ini telah masuk dalam tahap pembangunan jalan tol sepanjang 14 km. Pembangunan ini dijalankan dengan skema pendanaan Viability Gap Funding (VGF) atau dukungan kelayakan finansial dari pemerintah.
""Perseroan menargetkan agar dapat dioperasikan di tahun 2028,"" jelasnya.
Sementara untuk Tol Jogja-Bawen, sudah masuk tahap penyelesaian terhadap ruas Yogyakarta-Banyurejo. Jasa Marga akan melakukan proses Profesional Hand Over (PHO) di akhir September setelah seluruh pekerjaan di lapangan selesai.
Selain itu terdapat ruas SS Ambarawa Junction Bawen yang saat ini juga telah memasuki fase tahap uji layak fungsi dan operasi. Ruas ini ditargetkan beroperasi di akhir tahun 2026.
Terakhir, proyek Tol Jogja-Solo. Dalam proyek tersebut, terdapat ruas Kartosuro-Prambanan yang telah beroperasi secara komersial, sedangkan tahap konstruksi tengah berlangsung untuk ruas Prambanan-Maguwoharjo dan Trianggo Junction Sleman.
""Target pengoperasian secara bertahap di 2027,"" pungkasnya.
Lihat juga Video Ringseknya Innova Zenix Usai Tabrak Truk di Tol Probolinggo",47,2200
https://finance.detik.com/berita-ekonomi-bisnis/d-8655135/garuda-cek-pesawat-sebelum-terbang-lagi-imbas-abu-vulkanik,finance,Garuda Cek Pesawat Sebelum Terbang Lagi Imbas Abu Vulkanik,"Rabu, 09 Sep 2026 12:25 WIB","Ratusan penerbangan di Indonesia dibatalkan sejak hari Minggu kemarin imbas ditutupnya beberapa bandara karena sebaran abu vulkanik dari aktivitas erupsi Gunung Anak Krakatau. Penerbangan baru bisa kembali dilakukan Selasa kemarin setelah bandara dibuka.
Kembali dibukanya bandara menjadi bagian penting dari pemulihan penerbangan setelah terdampak abu vulkanik. Namun, sebelum pesawat kembali melayani penumpang, semua maskapai mulai menyiapkan kondisi teknis armadanya melalui pemeriksaan dan pembersihan serta perawatan sesuai petunjuk pabrikan.
Proses seperti ini juga dilakukan oleh maskapai pelat merah Garuda Indonesia. Setiap armada Garuda menjalani penanganan berdasarkan kondisi dan hasil pemeriksaan masing-masing. Direktur Teknik Garuda Indonesia, Mukhtaris, menjelaskan bahwa kebutuhan penanganan dapat berbeda pada setiap pesawat.
""Pemeriksaan menjadi dasar untuk menentukan tindakan yang diperlukan pada masing-masing pesawat. Kami memastikan seluruh pemeriksaan dan perawatan yang dipersyaratkan telah diselesaikan sesuai panduan pabrikan sebelum pesawat dinyatakan laik terbang dan kembali melayani penumpang,"" ujar Mukhtaris dalam keterangannya, Rabu (9/9/2026).
Abu vulkanik memerlukan penanganan khusus karena partikelnya dapat menempel pada permukaan pesawat maupun masuk ke area komponen dan sistem. Oleh karena itu, penanganannya tidak hanya mencakup pembersihan bagian yang terlihat, tetapi juga pemeriksaan area yang berpotensi terdampak sesuai petunjuk pabrikan.
Pada pesawat yang parkir, perhatian antara lain diberikan pada bagian atas badan pesawat, sayap, dan ekor horizontal, tempat abu dapat mengendap. Saluran masuk udara serta bagian terbuka pada perangkat roda pendaratan juga diperiksa. Apabila pesawat mengalami paparan saat terbang, pemeriksaan turut mencakup kaca kokpit, bagian depan sayap, dan komponen mesin sesuai ketentuan pabrikan.
Proses Pembersihan
Penanganan dimulai dengan pemeriksaan awal pada bagian luar pesawat, mesin, saluran masuk udara, sensor, serta komponen lain yang berpotensi terdampak. Hasilnya menjadi acuan bagi teknisi untuk menentukan area yang perlu dibersihkan maupun memerlukan pemeriksaan lebih lanjut.
Area yang terdampak kemudian dibersihkan menggunakan metode dan material sesuai petunjuk pabrikan. Pemilihan cara pembersihan menjadi penting untuk menjaga kondisi komponen sekaligus mencegah abu masuk lebih jauh ke dalam sistem pesawat.
Jika hasil pemeriksaan menunjukkan perlunya penanganan tambahan, teknisi melanjutkan pemeriksaan dan perawatan sesuai ketentuan teknis yang disetujui. Dengan demikian, tindakan yang dilakukan mengikuti kebutuhan setiap pesawat berdasarkan hasil pemeriksaan.
Tahap berikutnya adalah verifikasi kelaikudaraan, yaitu memastikan pesawat memenuhi persyaratan teknis untuk dapat dioperasikan dengan aman. Pesawat hanya kembali melayani penerbangan setelah seluruh pekerjaan yang dipersyaratkan selesai dan status kelaikudaraannya memenuhi ketentuan yang berlaku.
Upaya menjaga kondisi pesawat dilakukan sejak armada berada di area yang berpotensi terdampak. Berkoordinasi dengan pengelola bandara, Garuda Indonesia melakukan tindakan perlindungan melalui pemasangan penutup pada mesin, saluran masuk udara, sensor, dan komponen lainnya sesuai instruksi pabrikan.
Langkah perlindungan, pemeriksaan, pembersihan, dan perawatan tersebut menjadi bagian yang saling melengkapi dalam memastikan kesiapan armada. Bersamaan dengan proses ini, Garuda Indonesia terus memantau informasi keselamatan penerbangan dan berkoordinasi dengan otoritas penerbangan, pengelola bandara, serta pihak terkait untuk mendukung pemulihan operasional secara bertahap.
""Keselamatan selalu menjadi prioritas utama kami dan landasan setiap keputusan operasional. Kami memahami bahwa penyesuaian penerbangan turut memengaruhi rencana dan waktu berharga para penumpang. Kepercayaan yang diberikan menjadi tanggung jawab kami untuk memastikan kesiapan pesawat dan layanan, agar setiap perjalanan dapat kembali berlanjut dengan aman dan nyaman,"" tutup Mukhtaris.
Lihat juga Video Imbas Erupsi Anak Krakatau! 2 Pesawat Garuda Mendarat di Kertajati",58,4118
https://finance.detik.com/berita-ekonomi-bisnis/d-8655132/elnusa-petrofin-salurkan-bantuan-bagi-pengungsi-erupsi-gunung-sinabung,finance,Elnusa Petrofin Salurkan Bantuan bagi Pengungsi Erupsi Gunung Sinabung,"Rabu, 09 Sep 2026 12:24 WIB","PT Elnusa Petrofin (EPN), anak usaha PT Elnusa Tbk (IDX : ELSA) bersama Pertamina Peduli menyalurkan bantuan logistik bagi sekitar 650 warga yang terdampak erupsi Gunung Sinabung. Para warga mengungsi di Jambur Pengungsian Desa Sukatepu, Kecamatan Simpang Empat, Kabupaten Karo, Sumatera Utara.
Bantuan yang diberikan meliputi 1.000 masker medis untuk membantu melindungi warga dari paparan abu vulkanik, 360 botol air mineral, 400 bungkus mi instan, 24 kaleng sarden, 50 kilogram beras, serta 120 botol susu steril.
Adapun erupsi Gunung Sinabung yang terjadi pada awal September mengakibatkan guguran abu vulkanik menjangkau sejumlah wilayah di sekitarnya. Kondisi tersebut mendorong ribuan warga meninggalkan tempat tinggal untuk sementara waktu dan berlindung di lokasi pengungsian demi menjaga keselamatan.
Sebagai respons terhadap kondisi tanggap darurat tersebut, Elnusa Petrofin melalui unit bisnis transportasi di Integrated Terminal Medan berkolaborasi dengan Pertamina Peduli menyalurkan bantuan yang disesuaikan dengan kebutuhan masyarakat selama berada di pengungsian.
Manager Corporate Communication & Relations Elnusa Petrofin, Putiarsa Bagus Wibowo, mengatakan bahwa kehadiran perusahaan dalam situasi bencana merupakan bagian dari komitmen untuk memberikan manfaat nyata bagi masyarakat, khususnya di sekitar wilayah operasional perusahaan.
""Dalam kondisi darurat akibat erupsi, masker menjadi kebutuhan penting untuk membantu melindungi masyarakat dari paparan abu vulkanik. Di sisi lain, ketersediaan pangan dan air minum juga perlu dipastikan agar kebutuhan dasar warga selama berada di pengungsian tetap terpenuhi,"" ujar Putiarsa dalam keterangan tertulis, Rabu (9/9/2026).
Menurut Putiarsa, bantuan tersebut merupakan wujud kepedulian sekaligus respons kolaboratif Elnusa Petrofin bersama Pertamina Peduli terhadap kebutuhan masyarakat terdampak.
""Kami berupaya hadir melalui bantuan yang relevan dan dapat langsung dimanfaatkan oleh masyarakat. Kami berharap dukungan ini dapat membantu memperkuat ketahanan logistik posko, meringankan beban para pengungsi, serta mendukung masyarakat dalam melewati masa tanggap darurat hingga kondisi berangsur pulih,"" tambahnya.
Bantuan diserahkan secara langsung kepada Kepala Desa Sukatepu, Josua Ginting, untuk selanjutnya dikelola dan didistribusikan kepada warga yang menetap di jambur pengungsian. Koordinasi bersama pemerintah desa dilakukan guna memastikan bantuan tersalurkan secara tepat sasaran dan sesuai dengan kebutuhan masyarakat terdampak.
Josua Ginting pun mengapresiasi kepedulian dan dukungan yang diberikan Elnusa Petrofin bersama Pertamina Peduli kepada masyarakat Desa Sukatepu.
""Kami mengucapkan terima kasih atas bantuan yang diberikan kepada warga kami yang saat ini berada di Jambur Pengungsian Desa Sukatepu. Bantuan ini akan kami optimalkan untuk memperkuat persediaan kebutuhan di posko agar manfaatnya dapat dirasakan oleh seluruh warga. Kami berharap dukungan ini dapat membantu meringankan kebutuhan masyarakat selama berada di pengungsian,"" ujar Josua.
Lihat juga Video: Nasib Warga Sekitar Gunung Sinabung Pasca Erupsi",70,3110
https://finance.detik.com/berita-ekonomi-bisnis/d-8655118/bgn-larang-susu-kental-manis-hingga-minuman-rasa-susu-di-menu-mbg,finance,BGN Larang Susu Kental Manis hingga Minuman Rasa Susu di Menu MBG,"Rabu, 09 Sep 2026 12:14 WIB","Badan Gizi Nasional (BGN) melarang penggunaan sejumlah produk minuma susu dalam menu program Makan Bergizi Gratis (MBG). Produk yang dilarang mencakup minuman susu, minuman mengandung susu, minuman rasa susu, hingga susu kental manis.
Keputusan ini dihasilkan dalam rapat koordinasi BGN bersama sejumlah kementerian/lembaga dan asosiasi pada Selasa (8/9/2026). Rapat tersebut membahas pemanfaatan susu hewani dalam menu program MBG.
""BGN secara tegas melarang penggunaan produk minuman susu, minuman mengandung susu, minuman rasa susu, maupun susu kental manis dalam menu MBG,"" tulis keterangan dalam akun Instagram resmi BGN @badangizinasional.ri dikutip, Rabu (9/9/2026).
Sebagai gantinya, BGN merekomendasikan pemberian susu hewani bagi penerima manfaat yang meliputi ibu hamil, ibu menyusui, balita berusia di atas dua tahun, serta seluruh peserta didik.
Adapun kenis produk yang direkomendasikan mencakup susu pasteurisasi, UHT, dan susu steril full cream plain. Produk ini juga tidak diperbolehkan ditambah dengan gula, pengawet, perasa dan pewarna.
Kemudian dalam produk susu yang digunakan hari memliki kandungan susu segar minimal 80%, serta telah mengantongi izin edar resmi dari BPOM RI.
""Khusus untuk produk susu pasteurisasi, penanganannya wajib menggunakan sistem rantai dingin (cold chain) dari sarana produksi hingga sampai ke tangan penerima manfaat,"" tulis keterangan BGN.
Untuk pemberian susu hewani, BGN menetapkan dengan harga satuan Rp 3.000 untuk volume minimal 125 ml dan Rp 4.500 untuk volume 200 ml sampai di dapur pelaksana.
""Melalui keputusan ini, pemanfaatan susu hewani dalam menu MBG diharapkan tidak hanya memenuhi kecukupan konsumsi protein hewani bagi penerima manfaat, tetapi juga mendongkrak produktivitas serta kesejahteraan para peternak lokal di seluruh Indonesia,"" tutup keterangan BGN.
Simak juga Video IDAI ke BGN: Kebijakan Susu Formula Massal di MBG Berisiko",65,1902
https://finance.detik.com/bursa-dan-valas/d-8655085/emiten-rukun-raharja-rampungkan-akuisisi-5-saham-pt-lng,finance,Emiten Rukun Raharja Rampungkan Akuisisi 5% Saham PT LNG,"Rabu, 09 Sep 2026 12:00 WIB","PT Rukun Raharja Tbk (RAJA) telah merampungkan akuisisi 5% kepemilikan saham pada PT Layar Nusantara Gas (PT LNG) melalui entitas anak yang 99,99% sahamnya dimiliki perusahaan, yaitu PT Raharja Gas Kasuri. Penyelesaian transaksi ini ditandai dengan penandatanganan Akta Jual Beli Saham di hadapan notaris oleh PT Raharja Gas Kasuri dan Genting LNG Pte. Ltd. (Genting LNG) pada 4 September 2026, setelah terpenuhinya seluruh persyaratan yang diatur dalam Perjanjian Jual Beli Saham (Share Sale and Purchase Agreement/SSPA) yang telah ditandatangani oleh kedua belah pihak sebelumnya.
PT LNG merupakan pengembang infrastruktur midstream dan downstream, termasuk fasilitas Floating Liquefied Natural Gas (FLNG) pertama di Indonesia, sekaligus salah satu offtaker gas bumi yang diproduksikan dari Blok Kasuri di Papua Barat berdasarkan Kontrak Bagi Hasil Kasuri (Kasuri PSC). Transaksi ini merupakan bagian dari strategi ekspansi usaha perusahaan sekaligus kemitraan strategis yang lebih luas dengan Genting Berhad Group dalam pengembangan dan pengoperasian infrastruktur FLNG.
""Penyelesaian transaksi ini menandai tonggak penting dalam kemitraan strategis yang telah kami bangun bersama Genting Berhad Group. Kepemilikan saham kami di PT LNG memperkuat posisi RAJA Group di sepanjang rantai nilai LNG dan meletakkan fondasi bagi kolaborasi jangka panjang yang lebih luas untuk mendukung pengembangan ekosistem LNG di Indonesia,"" ujar Direktur Utama PT Rukun Raharja Tbk, Djauhar Maulidi dalam keterangan tertulis, Rabu (9/9/2026).
Lapangan Asap, Kido, dan Merah (AKM) di Blok Kasuri telah memperoleh persetujuan pemerintah melalui Rencana Pengembangan Lapangan pertama (Plan of Development/POD I). Rencana pengembangan yang telah disetujui tersebut mencakup pasokan gas bumi sebesar 230 mmscfd kepada fasilitas FLNG berkapasitas 1,2 mtpa selama 18 tahun, serta alokasi sekitar 102 mmscfd untuk pasar domestik.
Melalui kepemilikan saham di PT LNG, RAJA memperoleh eksposur langsung pada segmen midstream dan likuefaksi gas, yang melengkapi portofolio Perseroan saat ini di bidang perdagangan gas, transportasi, dan infrastruktur energi. Investasi strategis ini memperluas kehadiran RAJA Group melampaui gas pipa menuju rantai nilai LNG terintegrasi yang lebih luas.
Keikutsertaan dalam proyek FLNG pertama di Indonesia juga menempatkan Perseroan pada segmen yang partisipasi perusahaan domestiknya masih terbatas, sekaligus membuka peluang kolaborasi lebih lanjut dengan Genting Berhad Group dalam ekosistem LNG di Indonesia. Alokasi gas dari proyek ini untuk pasar domestik turut mendukung agenda ketahanan energi nasional dan sejalan dengan strategi pengembangan usaha jangka panjang RAJA.
Lihat juga Video: Netflix Tolak Naikkan Tawaran, Paramount Fix Akuisisi Warner Bros?",56,2772
https://finance.detik.com/berita-ekonomi-bisnis/d-8655076/jaguar-land-rover-bakal-phk-4-000-karyawan,finance,Jaguar Land Rover Bakal PHK 4.000 Karyawan,"Rabu, 09 Sep 2026 11:54 WIB","Pabrik mobil raksasa Jaguar Land Rover (JLR) menyatakan akan melakukan pemutusan hubungan kerja (PHK) terhadap 4.000 karyawan. Rencananya pemangkasan ini akan dilakukan bertahap selama dua tahun ke depan yang sebagian besar menyasar karyawan kantor pusat di Inggris.
Melansir BBC, Rabu (9/9/2026), keputusan PHK massal ini diambil sebagai respons atas berbagai hambatan usaha yang kini sedang dialami JLR. Mulai dari persaingan dengan mobil listrik murah China, hingga serangan siber serta imbas kebijakan tarif Presiden Amerika Serikat (AS) Donald Trump.
""Perusahaan berkomitmen untuk mendukung semua orang dengan penuh perhatian, keadilan, dan rasa hormat melalui proses pemutusan hubungan kerja,"" kata CEO Jaguar Land Rover, PB Balaji.
""Industri otomotif menghadapi tantangan signifikan, dengan perubahan teknologi di tengah persaingan ketat dan ketidakpastian geopolitik yang berkelanjutan,"" tambahnya.
Perusahaan berharap dapat mencapai pengurangan tersebut melalui program PHK sukarela dengan jangka waktu pengajuan hingga 4 Oktober.
Namun di luar itu JLR akan melakukan PHK wajib meski dengan persyaratan yang kurang menguntungkan bagi perusahaan. Karyawan yang terkena pemangkasan dikatakan akan menerima email dalam beberapa hari mendatang.
Melalui PHK massal ini, perusahaan menargetkan penghematan biaya sekitar 1,7 miliar poundsterling atau Rp 40,42 triliun (kurs Rp 23.780/pounds Inggris) dalam dua tahun ke depan.
Sederet Masalah Jaguar Land Rover
Untuk diketahui, produsen mobil asal Inggris ini mengalami penurunan penjualan imbas kalah saing dengan mobil dari China, sebuah negara yang awalnya dilihat JLR sebagai pasar untuk pertumbuhan daripada sumber persaingan.
Masalah jangka panjang Jaguar Land Rover semakin diperparah setelah perusahaan mengalami serangan siber tahun lalu. Hal ini sempat menyebabkan perusahaan yang mempekerjakan 43.000 orang di seluruh dunia itu menghentikan lini produksi mereka selama lebih dari sebulan.
Belum lagi, aturan tarif yang diberlakukan oleh Presiden AS Donald Trump juga merugikan perusahaan karena tidak seperti banyak pesaingnya, mereka tidak memiliki pabrik di AS.
Dalam laporan keuangan tahunan hingga akhir Maret, JLR menyatakan bahwa tarif AS dan serangan siber merupakan alasan utama mengapa penjualannya anjlok 20% menjadi 22,9 miliar poundsterling (Rp 544 triliun) dari 29 miliar poundsterling (Rp 689 triliun) pada dua tahun sebelumnya.
Lihat juga Video: #TanyadetikFinance Ada Sinyal Apa di Balik PHK Besar-besaran Tokopedia?",42,2494
https://finance.detik.com/berita-ekonomi-bisnis/d-8655060/inggris-larang-total-impor-produk-dari-permukiman-ilegal-israel-di-tepi-barat,finance,Inggris Larang Total Impor Produk dari Permukiman Ilegal Israel di Tepi Barat,"Rabu, 09 Sep 2026 11:45 WIB","Inggris mengumumkan larangan impor seluruh produk yang berasal dari permukiman ilegal Israel di Tepi Barat. Kebijakan ini menjadi salah satu langkah paling tegas yang diambil Inggris sejak mengakui kedaulatan negara Palestina tahun lalu.
Dikutip dari Al Jazeera, Menteri Luar Negeri Inggris Ed Miliband menuduh Israel melakukan pembersihan etnis terhadap warga Palestina. Ia juga menegaskan, pemerintah Inggris memandang perluasan permukiman Israel di Tepi Barat sebagai tindakan yang melanggar hukum.
Miliband juga mengumumkan pembatasan baru yang lebih ketat terhadap penjualan senjata ke Israel. Namun Israel juga mengumumkan empat balasan, termasuk melarang 12 anggota parlemen Inggris memasuki Israel dan menutup konsulat Inggris di Yerusalem.
Larangan Inggris terhadap perdagangan barang dari permukiman ilegal Israel ini diberlakukan di tengah meningkatnya kekerasan oleh pemukim Israel terhadap komunitas Palestina di Tepi Barat. Perluasan permukiman tersebut juga memicu perdebatan di Eropa mengenai pembatasan perdagangan dengan wilayah tersebut.
Setelah pidato Miliband di parlemen, 12 negara mengeluarkan pernyataan bersama yang mendukung solusi dua negara. Mereka juga menyatakan akan mempertimbangkan pembatasan perdagangan dengan permukiman ilegal Israel.
Prancis, Inggris, Kanada, Denmark, Spanyol, Finlandia, Irlandia, Islandia, Norwegia, Polandia, Portugal, dan Swedia menyerukan pemerintah Israel untuk menghentikan perluasan permukiman.
Larangan Inggris terhadap perdagangan dengan permukiman ilegal Israel mencakup impor semua barang dari permukiman ilegal Israel di Tepi Barat. Selain itu, Inggris juga akan menjatuhkan sanksi terhadap semua organisasi, bisnis, dan individu yang menyediakan konstruksi, infrastruktur, pembiayaan, atau properti untuk perluasan permukiman.
Kemudian larangan total terhadap iklan penjualan properti di permukiman ilegal di Tepi Barat di Inggris. Sanksi juga akan dijatuhkan terhadap pemukim ekstremis yang telah mendukung atau menghasut kekerasan terhadap warga Palestina.
Semua izin ekspor baru untuk senjata dan ekspor lainnya yang secara material berkontribusi pada pendudukan akan ditolak. Inggris telah menangguhkan lebih dari 30 izin senjata yang digunakan oleh tentara Israel di Gaza.
Inggris merupakan salah satu mitra dagang penting bagi Israel. Nilai perdagangan kedua negara mencapai 6 miliar poundsterling atau sekitar Rp 142,76 triliun (kurs Rp 23.793) pada 2025.
Meski sulit memastikan nilai barang yang berasal langsung dari permukiman, Inggris diperkirakan mengimpor barang senilai 38 juta poundsterling dari wilayah pendudukan tersebut sepanjang 2025.
Sejumlah produk yang banyak diimpor Inggris dari Israel antara lain batu dan logam mulia, peralatan teknis dan medis, plastik, mesin, serta produk pertanian seperti buah-buahan. Sebaliknya, Inggris mengekspor berbagai produk ke Israel, termasuk peralatan pertahanan seperti drone, helikopter, dan komponen pesawat.
Pada 2024, Inggris sempat menangguhkan sekitar 30 lisensi ekspor senjata karena tindakan Israel di Gaza, namun pengecualian diberikan untuk komponen pesawat tempur F-35, yang dapat diakses Israel melalui mitra lain seperti AS. Pada Mei 2025, Inggris juga menangguhkan negosiasi untuk memodernisasi perjanjian perdagangan agar mencakup perdagangan digital dan bidang lainnya.
Simak juga Video: Prabowo Ungkap Praktik Gelap Ekspor-Impor RI Sudah Ada Puluhan Tahun",77,3399
https://finance.detik.com/berita-ekonomi-bisnis/d-8655037/cuma-garuk-punggung-pria-ini-cuan-rp-220-juta-sebulan,finance,"Cuma Garuk Punggung, Pria Ini Cuan Rp 220 Juta Sebulan","Rabu, 09 Sep 2026 11:35 WIB","Siapa sangka ide sederhana bisa menjadi 'tambang' uang? Bermodalkan jasa garuk punggung, seorang pria di China bagian selatan berhasil membangun jaringan bisnis yang mencetak cuan hingga 100.000 yuan atau sekitar Rp 220 juta (kurs Rp 2.200 per Yuan China) setiap bulan.
Melansir SCMP, Rabu (9/9/2026), usaha unik ini dipelopori oleh Zhang Xiaoqiao (32 tahun). Ia pertama kali membuka bisnis garuk punggung tersebut di Distrik Baoan, Shenzhen, pada awal Mei 2026. Hanya berselang satu bulan, ia membuka gerai cabang di Distrik Futian.
Pada dasarnya Zhang bukanlah orang baru dalam menjajaki usaha-usaha baru. Setelah lulus dari universitas yang kurang dikenal, ia sempat mencoba tujuh pekerjaan berbeda dalam satu tahun.
Sebelum menginjak usia 30 tahun, ia telah mendirikan dua perusahaan di sektor e-commerce lintas batas, meskipun keduanya kesulitan untuk meraih kesuksesan. Hingga dua tahun lalu, ia juga sempat berkecimpung di industri konten kreator, namun gagal memberikan dampak yang signifikan.
Sampai tahun lalu ia secara tidak sengaja menemukan sebuah klip yang menampilkan seorang wanita sedang menggaruk punggung suaminya yang gatal saat sedang melihat-lihat video pendek di media sosial. Ia melihat banyak penonton berkomentar bahwa mereka bersedia membayar seseorang untuk melakukan hal yang sama untuk mereka.
Zhang teringat kenangan masa kecil saat ayahnya sering menggaruk punggungnya, sesuatu yang membantunya tidur nyenyak, dan hal itulah yang kemudian menginspirasinya untuk membuka jasa layanan garuk punggung ini
Cuan Besar dari Jasa Garuk Punggung
Dengan mengusung merek Suma, staf yang dipekerjakan Zhang mengenakan alat bantu berbentuk kuku runcing yang dirancang untuk menggaruk tubuh pelanggan secara lembut saat mereka berbaring tengkurap, mirip dengan suasana tempat pijat.
Dengan tarif 300 yuan atau Rp 660.000 per jam, layanan ini bertujuan untuk meredakan stres dan meningkatkan kualitas tidur. Sesekali, staf akan menggaruk area tubuh tertentu yang terasa gatal untuk membantu pelanggan rileks, bahkan memancing tawa.
""Di kota-kota besar, orang-orang umumnya mengalami tingkat stres yang tinggi. Akibatnya, layanan ini sangat diminati,"" ungkap Zhang.
Karena belum ada jenis layanan seperti ini di China, Zhang harus melakukan riset dan mengembangkan teknik menggaruk yang efektif secara mandiri dari nol. Namun usahanya ini benar-benar memberikan buah yang manis.
Pasalnya kedua gerainya ini secara total berhasil meraup pendapatan kotor sebesar 100.000 yuan atau Rp 220 juta setiap bulan. Berkat itu, dirinya bisa mencapai titik break-even point alias balik modal dalam waktu singkat dan mulai mencetak keuntungan.
""Kami melayani pelanggan pria maupun wanita, dengan pelanggan pria mencakup sekitar 70%,"" ujar Zhang.
""Beberapa pelanggan mengatakan layanan kami lebih menenangkan dibandingkan pijat pada umumnya, sehingga kami memiliki basis pelanggan setia yang kembali menggunakan jasa kami,"" sambungnya.
Kini Zhang berencana membuka 100 gerai di seluruh negeri. Di luar itu ia berharap agar jasa garuk punggung ini dapat diakui sebagai profesi secara luas.
Lihat juga Video: Cuan Ratusan Juta Rupiah dari Manisnya Budidaya Buah Kelengkeng",54,3173
https://finance.detik.com/berita-ekonomi-bisnis/d-8655064/pengadaan-pemerintah-rp-1-200-t-bisa-jadi-peluang-buat-umkm,finance,Pengadaan Pemerintah Rp 1.200 T Bisa Jadi Peluang buat UMKM,"Rabu, 09 Sep 2026 11:19 WIB","Peluang Usaha Mikro, Kecil, dan Menengah (UMKM) dan koperasi untuk terlibat dalam pengadaan barang dan jasa pemerintah semakin lebar. Nilai pengadaan pemerintah rata-rata mencapai Rp 1.200 triliun setiap tahun dan memiliki daya ungkit yang sangat besar terhadap perekonomian nasional.
UMKM dan koperasi yang terlibat dalam pengadaan barang dan jasa pemerintah juga mendapatkan layanan penjaminan dari PT Jaminan Kredit Indonesia (Persero) atau Jamkrindo. Hal ini ditandai dengan penandatanganan Nota Kesepahaman (MoU) Jamkrindo dengan Lembaga Kebijakan Pengadaan Barang/Jasa Pemerintah (LKPP) tentang Pemanfaatan Layanan Penjaminan.
Direktur Utama Jamkrindo Abdul Bari mengatakan kerja sama ini menjadi langkah strategis untuk memperkuat ekosistem pengadaan barang/jasa pemerintah melalui pemanfaatan layanan penjaminan dari Jamkrindo, sekaligus memperluas akses penjaminan bagi para pelaku usaha, khususnya UMKM dan koperasi yang terlibat dalam pengadaan pemerintah.
Ruang lingkup MoU mencakup tiga hal utama, yaitu pemanfaatan layanan interkoneksi host-to-host dari Jamkrindo untuk mendukung pengadaan barang/jasa pemerintah secara elektronik melalui aplikasi yang dikelola LKPP; pemanfaatan layanan penjaminan; serta sosialisasi dan penyebarluasan informasi terkait pengadaan barang/jasa pemerintah dan penjaminan melalui publikasi, seminar, pelatihan, maupun workshop bersama.
""Kerja sama ini mempertemukan dua mandat besar: LKPP membangun ekosistem pengadaan yang efektif, efisien, transparan, dan akuntabel, sementara Jamkrindo menghadirkan penjaminan untuk meningkatkan aksesibilitas finansial dan kapasitas pelaku usaha. Sinergi kedua mandat ini dapat menciptakan multiplier effect bagi perekonomian nasional,"" ujar Abdul Bari dalam keterangan tertulis, Rabu (9/9/2026).
Abdul Bari mengatakan penjaminan berperan sebagai instrumen kepercayaan dalam pengadaan barang/jasa. Pemerintah membutuhkan kepastian bahwa penyedia dapat memenuhi kewajibannya, sementara penyedia memerlukan instrumen untuk memenuhi persyaratan sekaligus mengelola risiko. Hal ini sejalan dengan Peraturan Lembaga Kebijakan Pengadaan Barang/Jasa Pemerintah Republik Indonesia Nomor 12 Tahun 2021 dan Peraturan Menteri Keuangan Nomor 145/PMK.05/2017 yang mengatur penggunaan surat jaminan dalam pelaksanaan kegiatan pengadaan barang dan jasa, termasuk penerbitan surat jaminan oleh perusahaan penjaminan.
Dalam konteks pengadaan barang/jasa pemerintah, Jamkrindo memiliki produk suretyship yang menjadi salah satu instrumen strategis untuk memberikan kepastian atas pemenuhan kewajiban kontraktual. Melalui layanan ini, Jamkrindo mendukung kelancaran proses pengadaan sekaligus memperluas akses pelaku usaha untuk berpartisipasi dalam proyek pemerintah.
Ke depan, kerja sama ini akan diterjemahkan ke dalam langkah implementasi yang lebih konkret melalui perjanjian kerja sama. Jamkrindo dan LKPP akan melakukan pemantauan dan evaluasi secara berkala untuk memastikan pelaksanaan kerja sama berjalan sesuai tujuan serta menjadi dasar bagi penyempurnaan program kerja sama selanjutnya.
""Kami berharap kolaborasi ini nantinya berkembang lebih luas, tidak hanya menjadi hubungan bilateral antara LKPP dan Jamkrindo, tetapi menjadi sebuah ekosistem kolaborasi yang memberikan manfaat nyata bagi penguatan ekosistem pengadaan pemerintah dan pertumbuhan ekonomi nasional,"" pungkas Abdul Bari.
Kepala LKPP Sarah Sadiqa menyampaikan bahwa dengan nilai pengadaan pemerintah yang rata-rata mencapai Rp 1.200 triliun setiap tahun, pengadaan memiliki daya ungkit yang sangat besar terhadap perekonomian nasional. Karena itu, setiap rupiah yang dibelanjakan pemerintah harus dikelola secara akuntabel, transparan, tepat guna, serta mampu menghasilkan nilai terbaik bagi masyarakat. Menurutnya, besarnya skala pengadaan tersebut juga menuntut pembangunan ekosistem pengadaan yang semakin kredibel, inklusif, dan efisien. Untuk mewujudkannya, pemerintah membutuhkan kolaborasi yang kuat antara regulator, legislatif, pelaku usaha, serta seluruh pemangku kepentingan.
Ia mengatakan kemitraan antara LKPP dan Jamkrindo memiliki arti strategis dalam mendukung transformasi digital pengadaan barang dan jasa pemerintah. Melalui Nota Kesepahaman dan interkoneksi sistem secara host-to-host, layanan penjaminan diharapkan menjadi lebih mudah, cepat, transparan, dan terintegrasi sehingga dapat memperkuat kepercayaan, kepastian, serta kualitas tata kelola pengadaan pemerintah. Lebih dari itu, kolaborasi tersebut diharapkan membuka ruang partisipasi yang lebih luas bagi UMKM dengan memberikan rasa aman dan kepastian berusaha serta peluang untuk berkompetisi secara sehat dalam pengadaan pemerintah.
""Nota kesepahaman ini merupakan langkah konkret untuk memperkuat kepercayaan, memberikan kepastian, dan meningkatkan kualitas tata kelola pengadaan pemerintah. Lebih dari itu, kolaborasi ini harus membuka ruang partisipasi seluas-luasnya bagi UMKM. Semakin banyak UMKM yang terlibat dalam rantai pasok pemerintah, semakin besar pula dampaknya terhadap penguatan kapasitas usaha, perluasan akses pembiayaan, penciptaan lapangan kerja, dan pemerataan pertumbuhan ekonomi,"" ujarnya.
Ketua Komisi XI DPR RI Mukhamad Misbakhun mengapresiasi kolaborasi LKPP dan Jamkrindo dalam memperkuat ekosistem pengadaan barang dan jasa pemerintah melalui layanan penjaminan. Ia berharap kolaborasi ini dapat memberikan manfaat yang lebih luas bagi pelaku usaha, khususnya UMKM, serta turut mendorong pertumbuhan dan penguatan ekonomi nasional.
""Kolaborasi LKPP dan Jamkrindo merupakan salah satu upaya konkret untuk memperkuat daya tahan ekonomi nasional serta mendorong UMKM berkembang dari usaha kecil menjadi pelaku usaha yang lebih besar,"" ujarnya.
(ahi/ara)",59,5704
https://finance.detik.com/berita-ekonomi-bisnis/d-8655007/pm-singapura-sumbangkan-kenaikan-gaji-rp-24-m-selama-5-tahun,finance,PM Singapura Sumbangkan Kenaikan Gaji Rp 24 M Selama 5 Tahun,"Rabu, 09 Sep 2026 11:06 WIB","Perdana Menteri (PM) Singapura, Lawrence Wong, berencana menyumbangkan seluruh kenaikan gajinya selama lima tahun ke depan. Hal ini ia lakukan sebagai bentuk komitmen terhadap gagasan tentang revisi gaji politik adalah demi kepentingan negara.
Gaji tahunan Wong akan naik menjadi US$ 3,6 juta atau sekitar Rp 63,22 miliar (kurs Rp 17.562) dari sebelumnya US$ 2,2 juta atau sekitar Rp 38,64. Gaji tersebut sudah termasuk bonus.
Jika diakumulasi, Wong akan menyumbangkan gajinya sekitar US$ 1,4 juta atau sekitar Rp 24,59 miliar per tahun. Gaji PM Singapura ditetapkan dua kali lipat dari patokan gaji menteri tingkat pemula, yang akan direvisi menjadi US$ 1,8 juta dari US$ 1,1 juta.
""Pemerintah akan terus membayar saya gaji yang telah ditetapkan dalam kerangka kerja yang ada, begitulah cara sistem kita bekerja. Kemudian saya akan menyumbangkan kenaikan gaji tersebut untuk tujuan amal yang sesuai,"" kata Wong dikutip dari The Straits Times, Rabu (9/9/2026).
Ia mengatakan, keputusan tersebut menjadi bagian dari usulan komite peninjau untuk menaikkan gaji para pemegang jabatan politik di Singapura, termasuk semua menteri dan PM. Namun untuk jabatan PM tidak menerima bonus kinerja dan hanya mendapatkan bonus nasional. Wong juga mengaku tidak mendorong pejabat politik lainnya untuk mengikuti langkahnya.
""Pada umumnya, saya tidak percaya pada praktik mempertontonkan pemberian amal di depan umum. Namun, meskipun kerangka gaji merupakan keputusan Kabinet, sebagai Perdana Menteri, saya memikul tanggung jawab utama atas hal itu. Jadi, saya ingin menjelaskan bagaimana saya secara pribadi akan menangani kenaikan ini dan mengapa saya mengambil langkah perubahan ini karena saya percaya ini demi kepentingan Singapura,"" katanya.
Wong mengatakan dirinya akan mengevaluasi kembali posisinya setelah lima tahun, dengan mempertimbangkan kondisi yang ada saat itu. Menurutnya, meski ingin terus mendukung tujuan-tujuan yang baik, ia tidak ingin membuat komitmen publik tanpa batas waktu. Ia juga tak ingin langkahnya justru menimbulkan anggapan bahwa perdana menteri berikutnya harus mengikuti pilihannya.
Simak juga Video: Peringatan PM Singapura untuk Negara di Dunia: Kenali Bahaya",60,2183
https://finance.detik.com/berita-ekonomi-bisnis/d-8654948/dari-pupuk-ke-panen-begini-peran-pupuk-indonesia-dalam-jaga-ketahanan-pangan,finance,"Dari Pupuk ke Panen, Begini Peran Pupuk Indonesia dalam Jaga Ketahanan Pangan","Rabu, 09 Sep 2026 10:34 WIB","Ketahanan pangan tidak hanya berbicara mengenai seberapa banyak hasil panen yang dihasilkan petani. Di balik setiap produksi pertanian terdapat rantai panjang yang menentukan keberhasilan panen, salah satunya ketersediaan pupuk yang terjangkau dan mudah diakses.
Dalam konteks tersebut, industri pupuk memiliki posisi strategis dalam mendukung ketahanan pangan nasional. Pupuk menjadi salah satu input penting untuk membantu menjaga produktivitas tanaman sekaligus memastikan petani dapat memenuhi kebutuhan produksi.
Peran tersebut menjadi semakin penting ketika pemerintah tengah mendorong swasembada pangan. Ketersediaan pupuk tidak hanya berkaitan dengan kebutuhan industri, tetapi berhubungan langsung dengan aktivitas petani di lapangan.
PT Pupuk Indonesia (Persero) menjadi salah satu perusahaan yang memiliki peran penting dalam rantai tersebut. Selain menjaga kapasitas produksi, perusahaan juga melakukan transformasi untuk memastikan pupuk dapat tersedia dan lebih mudah diakses oleh petani.
Dari Pabrik hingga Lahan Petani
Pupuk yang diproduksi di pabrik pada akhirnya harus sampai ke lahan pertanian. Karena itu, keberhasilan industri pupuk tidak hanya diukur dari kapasitas produksi, tetapi juga dari kemampuan menjaga kelancaran distribusi.
Pupuk Indonesia mencatat sepanjang 2025 telah menyalurkan 8.110.571 ton pupuk bersubsidi. Jumlah tersebut meningkat 10,68% dibandingkan tahun sebelumnya.
Peningkatan penyaluran tersebut didukung implementasi sistem i-Pubers yang mempercepat dan mempermudah proses penebusan pupuk bersubsidi.
Selain itu, penerapan Peraturan Presiden Nomor 6 Tahun 2025 turut menyederhanakan tata kelola penyaluran pupuk bersubsidi sehingga proses distribusi diharapkan menjadi lebih cepat, mudah dan tepat sasaran.
Hingga 1 September 2026, Pupuk Indonesia telah menyalurkan pupuk bersubsidi sebanyak 6,33 juta ton atau 64,3% dari alokasi 9,8 juta ton yang ditetapkan Pemerintah. Angka tersebut menggambarkan besarnya skala distribusi pupuk yang harus dikelola agar kebutuhan petani dapat terpenuhi.
Harga Pupuk Turun, Akses Petani Diperkuat
Selain memastikan ketersediaan, harga juga menjadi faktor penting bagi petani. Biaya pupuk merupakan salah satu komponen dalam biaya produksi pertanian sehingga perubahan harga dapat memengaruhi kemampuan petani dalam mengelola lahan.
Presiden RI Prabowo Subianto mengatakan pemerintah berhasil menurunkan harga pupuk hingga 20%. Menurutnya, kondisi tersebut merupakan yang pertama kali terjadi dalam sejarah.
""Pertama kali harga pupuk dapat kita turunkan kepada rakyat,"" kata Prabowo dalam pidato Sidang Tahunan MPR dan Sidang Bersama DPR-DPD RI, Jumat (14/8/2026).
Menurut Prabowo, penurunan harga tersebut juga diikuti dengan peningkatan volume ketersediaan pupuk bagi masyarakat.
""Pada saat yang sama harga turun, tapi volume ketersediaan tambah untuk rakyat kita. Sehingga rakyat kita sekarang mudah mendapatkan pupuk dan karena itu produksi meningkat,"" ujarnya.
Dengan harga yang lebih terjangkau dan akses yang semakin mudah, pupuk diharapkan dapat membantu petani menjaga produktivitas tanaman.
Dampaknya tidak berhenti di tingkat petani. Ketika produktivitas meningkat, pasokan hasil pertanian juga berpotensi meningkat sehingga memperkuat ketersediaan pangan di dalam negeri.
Kapasitas Produksi Jadi Penyangga
Untuk memastikan kebutuhan pupuk domestik tetap terpenuhi, kapasitas produksi menjadi salah satu faktor penting.
Pupuk Indonesia memiliki kapasitas produksi nasional sekitar 14,8 juta ton per tahun. Kapasitas tersebut memberikan ruang bagi perusahaan untuk memenuhi kebutuhan pupuk dalam negeri sekaligus merespons peluang pasar global tanpa mengganggu pasokan bagi petani Indonesia.
Kapasitas produksi tersebut juga perlu ditopang oleh fasilitas yang produktif. Karena itu, Pupuk Indonesia menyiapkan program peremajaan atau revitalisasi tujuh pabrik dalam lima tahun ke depan.
Penguatan kinerja keuangan yang dicapai perusahaan turut memberikan ruang untuk meningkatkan investasi dalam program revitalisasi tersebut. Melalui modernisasi fasilitas produksi, Pupuk Indonesia dapat meningkatkan kapasitas sekaligus efisiensi produksi, sehingga aset yang dimiliki dapat memberikan nilai tambah yang lebih optimal.
Dengan fasilitas yang lebih produktif dan efisien, kemampuan perusahaan dalam menjaga keberlanjutan pasokan pupuk diharapkan semakin kuat, sekaligus mendukung ketersediaan pupuk yang tetap terjangkau bagi petani.
Kinerja Perusahaan dan Ketahanan Pangan
Di tengah perannya dalam menjaga pasokan pupuk, Pupuk Indonesia juga mencatatkan kinerja keuangan positif.
Sepanjang Januari-Juni 2026, perusahaan membukukan laba bersih Rp8,51 triliun atau tumbuh 253% dibandingkan periode yang sama tahun sebelumnya.
Pendapatan perusahaan mencapai Rp59,67 triliun atau tumbuh 51%, sedangkan EBITDA meningkat 140% menjadi Rp14,28 triliun. Kinerja tersebut didorong peningkatan volume produksi dan efisiensi biaya operasional.
Direktur Utama Pupuk Indonesia Rahmad Pribadi mengatakan transformasi yang dilakukan perusahaan tidak hanya ditujukan untuk memperkuat kinerja bisnis.
Menurutnya, fondasi keuangan yang semakin kuat akan memberikan ruang bagi perusahaan untuk memberikan kontribusi lebih besar terhadap ketahanan pangan nasional.
""Berkat dukungan pemerintah melalui Danantara transformasi bisnis secara menyeluruh sudah mulai membuahkan hasil berupa capaian kinerja keuangan yang membanggakan. Dengan fondasi keuangan yang semakin kuat, kami optimistis pertumbuhan ini berkelanjutan, bukan hanya untuk kinerja perusahaan, tapi juga untuk kontribusi yang lebih besar terhadap ketahanan pangan nasional,"" ujar Rahmad.
Artinya, kinerja keuangan dan peran strategis perusahaan dalam ekosistem pangan memiliki keterkaitan. Perusahaan yang sehat secara finansial memiliki kapasitas lebih besar untuk menjaga operasional, melakukan investasi dan memastikan keberlangsungan pasokan.
Efisiensi untuk Menjaga Harga dan Pasokan
Menariknya, pertumbuhan laba Pupuk Indonesia terjadi ketika pemerintah juga menurunkan harga pupuk.Kondisi tersebut tidak terlepas dari strategi perusahaan meningkatkan efisiensi. Pupuk Indonesia menerapkan operational excellence dan cost leadership secara disiplin untuk menjaga daya saing.
Perusahaan juga melakukan diversifikasi sumber pendapatan dengan memperkuat segmen non-subsidi dan produk non-pupuk. Di sisi bahan baku, Pupuk Indonesia memperluas sumber pasokan dan skema kontrak untuk meredam dampak volatilitas harga komoditas global terhadap struktur biaya.
Langkah tersebut penting karena kemampuan menyediakan pupuk dengan harga yang terjangkau membutuhkan struktur biaya yang sehat. Rahmad mengatakan seluruh transformasi tersebut pada akhirnya diarahkan kepada kepentingan petani.
""Sejalan dengan agenda transformasi BUMN yang didorong Danantara, semua perubahan struktural ini bermuara pada satu hal, pupuk yang terjangkau dan lebih cepat sampai ke petani, dengan cost yang lebih sehat bagi negara serta menjaga ketahanan pangan,"" ungkap Rahmad.
Dari Pupuk Menuju Panen
Rantai hubungan antara pupuk dan ketahanan pangan pada akhirnya dapat dilihat dari perjalanan sederhana: pupuk diproduksi, didistribusikan, digunakan petani, kemudian mendukung proses budidaya hingga menghasilkan panen.
Karena itu, memastikan pupuk tersedia bukan sekadar persoalan industri. Di dalamnya terdapat kepentingan petani, produksi pangan dan ketahanan pangan nasional.
Transformasi Pupuk Indonesia juga diarahkan untuk memastikan rantai tersebut semakin kuat. Mulai dari efisiensi produksi, optimalisasi aset, digitalisasi distribusi hingga diversifikasi bisnis.
Pada akhirnya, keberhasilan industri pupuk tidak hanya dapat dilihat dari besarnya produksi atau laba perusahaan. Ukuran yang tidak kalah penting adalah seberapa jauh pupuk dapat tersedia dengan harga yang terjangkau dan sampai kepada petani tepat waktu.
Sebab, perjalanan menuju ketahanan pangan tidak berhenti di pabrik pupuk. Perjalanan tersebut berlanjut hingga ke lahan pertanian dan berakhir pada satu tujuan yang sama: panen yang cukup untuk memenuhi kebutuhan masyarakat Indonesia.
Lihat juga Video: Ini Program Pupuk Indonesia yang Bawa Pulau Lembata Mandiri Pangan!
(anl/ega)",77,8169
https://finance.detik.com/berita-ekonomi-bisnis/d-8654941/harga-emas-antam-makin-jatuh,finance,Harga Emas Antam Makin Jatuh!,"Rabu, 09 Sep 2026 10:32 WIB","Harga emas Antam terus mengalami penurunan dan melanjutkan tren pelemahan sejak akhir pekan kemarin. Harga emas Antam 24 karat hari turun Rp 17.000 per gram berada di level Rp 2.610.000 per gram.
Berdasarkan situs Logam Mulia Antam, Rabu (9/9/2026), satuan harga emas hari ini yang terkecil ukuran 0,5 gram berada di angka Rp 1.355.000. Sementara harga emas 10 gram dijual dengan harga Rp 25.595.000 dan ukuran emas terbesar yakni 1.000 gram (1 kg) dibanderol Rp 2.550.600.000.
Jika ditarik dalam sepekan terakhir, harga emas Antam berada dalam rentang Rp 2.610.000-2.670.000 per gram. Sementara dalam sebulan terakhir, harga emas Antam bergerak dalam rentang Rp 2.610.000-2.768.000 per gram.
Buyback Emas
Harga emas hari ini untuk buyback emas Antam juga turun Rp 20.000 dan berada di level Rp 2.460.000 per gram. Harga buyback adalah jika Anda ingin menjual emas, maka Antam akan membelinya dengan harga tersebut.
Sesuai Peraturan Menteri Keuangan (PMK) Nomor 34 Tahun 2017, pembelian emas batangan akan dikenakan PPh 22 sebesar 0,9%. Jika ingin mendapatkan potongan pajak lebih rendah sebesar 0,45%, harus menyertakan NPWP untuk transaksinya.
Rincian Harga Emas Hari Ini
Harga emas 0,5 gram: Rp 1.355.000
Harga emas 1 gram: Rp 2.610.000
Harga emas 2 gram Rp 5.160.000
Harga emas 3 gram Rp 7.715.000
Harga emas 5 gram: Rp 12.825.000
Harga emas 10 gram: Rp 25.595.000
Harga emas 25 gram: Rp 63.862.000
Harga emas 50 gram: Rp 127.645.000
Harga emas 100 gram: Rp 255.212.000
Harga emas 250 gram: Rp 637.765.000
Harga emas 500 gram: Rp 1.275.320.000
Harga emas 1.000 gram: Rp 2.550.600.000
Demikian rincian harga emas hari ini keluaran Antam 1 gram hingga 1.000 gram, Rabu (9/9/2026).
Lihat juga Video: Harga Emas Antam Ambruk Hari Ini",29,1733
https://finance.detik.com/infrastruktur/d-8654887/otorita-ikn-buka-suara-soal-karhutla-jarak-terdekat-dengan-kipp-30-km,finance,Otorita IKN Buka Suara soal Karhutla: Jarak Terdekat dengan KIPP 30 Km,"Rabu, 09 Sep 2026 10:02 WIB","Presiden Prabowo Subianto meminta semua pihak agar memberikan perhatian khusus pada kebakaran hutan dan lahan (karhutla) di Ibu Kota Nusantara (IKN), Kalimantan Timur. Otorita IKN buka suara soal seruan Prabowo.
Otorita memastikan penanganan karhutla(km) yang terjadi di sejumlah titik dalam delineasi IKN terus dilakukan. Staf Khusus Kepala Otorita IKN Bidang Manajemen Kebijakan dan Strategi Konstruksi, Danis H. Sumadilaga memastikan titik api berada cukup jauh dari Kawasan Inti Pusat Pemerintahan (KIPP).
Titik kebakaran terdekat berjarak sekitar 30-40 kilometer dari KIPP dan saat ini penanganan terus diperkuat melalui pemadaman dari darat dan udara.
""Jarak titik yang paling dekat dengan Kawasan Inti Pusat Pemerintahan IKN sekitar 30-40 kilometer. Memang masih masuk dalam delineasi IKN, tetapi secara jarak cukup jauh dari kawasan inti,"" ujar Danis dalam keterangannya, Rabu (9/9/2026).
Menurut Danis, penanganan terus dilakukan sebagai langkah pencegahan agar titik-titik kebakaran yang ada tidak berkembang dan meluas ke wilayah lain. ""Jadi, apa yang kita lakukan ini betul-betul merupakan tindakan preventif. Jangan sampai kebakaran tersebut berkembang menjadi lebih jauh,"" ujar Danis.
Danis juga menjelaskan angka 458 hektare (ha) yang disebut sebagai area terdampak tidak berarti seluruh luasan tersebut terbakar. Di dalam area tersebut terdapat sejumlah titik yang mengalami kebakaran.
""458 hektare itu adalah area yang terdampak. Di area tersebut ada titik-titik yang terbakar, jadi tidak seluruhnya terbakar. Yang terbakar sebenarnya kurang dari itu karena merupakan titik-titik api,"" jelas Danis.
Berdasarkan hasil penanganan selama beberapa hari terakhir, titik-titik api di sejumlah lokasi tersebut telah jauh berkurang. Dua lokasi yang menjadi perhatian utama saat ini berada di Bukit Tengkorak dan wilayah Wonotirto.
Pada Selasa pagi, tim juga kembali menemukan titik api di Tol Balikpapan-Samarinda KM 31. Titik tersebut segera ditangani oleh tim gabungan yang terdiri atas Otorita IKN, TNI, Polri, dan Jasa Marga. Penanganan dari udara juga dilakukan melalui water bombing oleh TNI AU.
Upaya penanganan karhutla di IKN dilakukan secara terpadu melalui pemadaman dari darat dan udara. Dari sisi darat, Otorita IKN bekerja bersama TNI, Polri, Babinsa, masyarakat, serta sejumlah pihak lainnya untuk menangani titik-titik yang dapat dijangkau melalui jalur darat.
Sementara itu, water bombing digunakan untuk menjangkau area yang sulit diakses oleh tim darat. Upaya tersebut dilakukan dengan dukungan BNPB, TNI, dan BMKG, antara lain di kawasan Bukit Tengkorak dan sejumlah titik di Bukit Merdeka.
""Terutama di area-area yang tidak bisa dicapai melalui jalur darat. Misalnya di daerah Bukit Tengkorak, ada beberapa area yang hanya bisa dicapai dengan water bombing. Kemudian di beberapa titik di Bukit Merdeka juga kita lakukan water bombing,"" ujar Danis.
Meskipun titik api telah jauh berkurang, Otorita IKN tetap meningkatkan kewaspadaan dengan melanjutkan patroli dan pemantauan di lapangan. Tim darat bersama TNI dan Polri akan memastikan tidak muncul titik api baru dan segera melakukan penanganan apabila kembali ditemukan.
Pemantauan dari udara juga tetap disiagakan untuk memantau perkembangan kondisi lapangan dan memastikan kebakaran tidak meluas. Langkah tersebut merupakan bagian dari upaya OIKN menindaklanjuti arahan Presiden agar penanganan karhutla dilakukan secara cepat.
Selain penanganan di lapangan, Otorita IKN terus memperkuat upaya pencegahan melalui edukasi kepada masyarakat mengenai pembukaan lahan tanpa membakar. Upaya tersebut juga telah dituangkan dalam Peraturan Kepala Otorita IKN mengenai pembukaan lahan tanpa membakar.
Sebelumnya, Presiden Prabowo Subianto meminta semua pihak memberikan perhatian lebih pada kebakaran hutan dan lahan (karhutla) yang terjadi dekat Ibu Kota Nusantara (IKN), Kalimantan Timur.
Dia memberikan instruksi agar kebakaran tidak sampai ke kawasan inti pusat pemerintahan (KIPP) IKN. Orang nomor satu di Indonesia itu mengarahkan agar pengerahan aset-aset segera dilakukan.
""Yang harus diperhatikan juga kebakaran yang dekat dengan IKN itu, harus diperhatikan, harus dikerahkan aset-aset lebih jangan sampai kebakaran itu sampai ke zona inti,"" beber Prabowo dalam Ratas Perkembangan Penanganan Bencana secara virtual, Senin (7/9/2026).
Simak juga Video: Puan soal Lahan Bekas Karhutla Jadi Kebun Sawit: Segera Ditindak!",70,4401
https://finance.detik.com/bursa-dan-valas/d-8654836/rupiah-tekan-dolar-as-ke-level-rp-17-500,finance,Rupiah Tekan Dolar AS ke Level Rp 17.500,"Rabu, 09 Sep 2026 09:28 WIB","Mata uang dolar Amerika Serikat (AS) melemah terhadap rupiah pada perdagangan pagi ini, Rabu (9/9). Mata uang Paman Sam dibuka di level Rp 17.500.
Berdasarkan data Bloomberg, dolar AS melemah 0,48% ke Rp 17.547 pagi ini. Pada perdagangan sebelumnya, Kamis (3/9), dolar AS ditutup di Rp 17.632.
Sepanjang 2026, dolar AS menguat 5,20% terhadap rupiah. Kemudian hari ini, mata uang Paman Sam diperkirakan bergerak pada rentang Rp 17.544-17.597.
Dolar AS bergerak variatif pada sejumlah mata uang negara besar. Terhadap mata uang EUR, mata uang dolar AS menguat 0,06%.
Pelemahan juga terjadi terhadap mata uang GBP, dolar AS menguat 0,01%. Dolar AS juga menguat terhadap mata uang AUD sebesar 0,07%.
Selanjutnya, dolar AS melemah terhadap mata uang CHF 0,01% dan terhadap JPY turun 0,22%. Pelemahan juga terjadi terhadap mata uang CAD, dolar AS juga berkurang 0,01%.
Lihat juga Video: BI soal Dolar AS Tembus Rp 17.700: Beda dengan 1998",40,932
https://finance.detik.com/bursa-dan-valas/d-8654828/ihsg-dibuka-balik-ke-6-700-tak-lama-lengser-ke-zona-merah,finance,"IHSG Dibuka Balik ke 6.700, Tak Lama Lengser ke Zona Merah","Rabu, 09 Sep 2026 09:19 WIB","Indeks Harga Saham Gabungan (IHSG) dibuka dua arah pagi ini. Sempat menguat saat dibuka, IHSG justru berujung melemah ke zona merah.
Berdasarkan data perdagangan RTI, Rabu (9/9/2026), IHSG dibuka pada level 6.700,83 pada pukul 09.00 WIB. Kemudian sempat menguat ke zona hijau hingga level tertinggi pada 6.707,3.
Sayangnya IHSG langsung anjlok cukup dalam ke zona merah setelahnya. Per pukul 09.05 WIB, IHSG melemah ke 6.685,11 atau turun 0,02% sekitar 1,33 poin. Paling dalam IHSG terparkir di level 6.678,58.
Sebanyak 299 saham menguat, 179 saham melemah, dan 232 saham stagnan. Volume perdagangan mencapai 2,35 miliar saham dengan perputaran uang mencapai Rp 958 miliar. Frekuensi perdagangan tercatat 156.074 kali.
IHSG masih melemah 22,71% dibandingkan posisinya di awal tahun. Nilainya juga masih melemah 19,58% dibandingkan posisinya pada enam bulan lalu. Secara tahunan IHSG juga masih melemah 10,77%.
Lihat juga Video: #Tanyadetikfinance: Apa Benar Pidato Prabowo Bikin IHSG Naik Turun?",58,995
https://finance.detik.com/berita-ekonomi-bisnis/d-8654790/bulog-gelontorkan-beras-premium-ke-ritel-modern-di-sejumlah-kota-besar,finance,BULOG Gelontorkan Beras Premium ke Ritel Modern di Sejumlah Kota Besar,"Rabu, 09 Sep 2026 09:05 WIB","Perum BULOG terus memperkuat ketersediaan beras premium di pasar konsumen dengan menggelontorkan Beras Premium melalui jaringan ritel modern. Penyaluran ini diarahkan untuk memastikan masyarakat di berbagai kota besar dan wilayah perkotaan dapat memperoleh beras premium dengan mudah.
Distribusi Beras Premium BULOG sudah menjangkau kota-kota besar seperti Jakarta, Makassar, Surabaya, Sidoarjo, Bojonegoro, Semarang, Klaten, Solo, Salatiga, Bandung, Karawang, Subang, dan Kupang.
Selanjutnya BULOG juga akan terus memperluas pasokan beras premium ini ke berbagai kota di seluruh Indonesia.
Penguatan pasokan melalui ritel modern ini menjadi bagian dari strategi BULOG untuk memperluas akses masyarakat terhadap produk beras premium BULOG sekaligus memastikan ketersediaan beras di berbagai kanal distribusi, terutama di wilayah dengan tingkat kebutuhan konsumsi yang tinggi.
Berdasarkan data alokasi penyaluran, BULOG menyiapkan pasokan Beras Premium hingga 75 ribu ton per bulan untuk sejumlah jaringan ritel modern.
Alokasi tersebut antara lain melalui PT Indomarco Prismatama, PT Megah Daya, PT Inti Cakrawala Citr, PT Sumber Aleria Trijaya, PT Lion Super Indo, PT Swalayan Sukses Abadi, PT Matahari Putra Prima, PT Tip Top Supermarket, PT Midi Utama Indonesia, dan PT Hero Retail Nusantara.
Direktur Utama Perum BULOG Letnan Jenderal TNI (Purn) Dr Ahmad Rizal Ramdhani mengatakan penyaluran Beras Premium BULOG melalui jaringan ritel modern merupakan upaya BULOG untuk semakin mendekatkan produk pangan kepada masyarakat.
""Kami ingin memastikan masyarakat, khususnya di wilayah perkotaan, memiliki akses yang mudah terhadap beras premium. Karena itu, BULOG terus memperkuat distribusi melalui jaringan ritel modern yang tersebar di berbagai kota,"" ujar Ahmad, dalam keterangan tertulis, Rabu (9/9/2026).
Menurut Ahmad, perluasan distribusi tersebut juga menunjukkan kesiapan BULOG dalam merespons kebutuhan konsumen yang semakin beragam.
Ritel modern menjadi salah satu kanal penting untuk memastikan produk Beras Premium BULOG dapat tersedia lebih dekat dengan masyarakat.
""Beras Premium BULOG kami hadirkan untuk menjawab kebutuhan masyarakat. Dengan pasokan yang terus diperkuat dan distribusi yang semakin luas, kami berharap masyarakat dapat memperoleh beras premium dengan mudah,"" kata Ahmad.
Selain memperluas akses konsumen, penguatan pasokan beras melalui ritel modern juga menjadi bagian dari upaya BULOG menjaga keseimbangan pasokan di pasar.
BULOG terus memonitor perkembangan stok, distribusi, dan kebutuhan di berbagai wilayah agar ketersediaan beras tetap terjaga.
""BULOG akan terus memastikan beras tersedia di berbagai kanal perdagangan. Kehadiran kami di ritel modern merupakan bagian dari komitmen untuk memberikan pilihan dan akses pangan yang semakin luas kepada masyarakat,"" pungkasnya.
Lihat juga Video: Ekspor 2.200 Ton Beras Bulog untuk Jemaah Haji Terancam Batal",70,2893
https://finance.detik.com/foto-bisnis/d-8654591/cabai-rawit-merah-makin-pedas-harga-tembus-rp91-ribu,finance,"Cabai Rawit Merah Makin Pedas, Harga Tembus Rp91 Ribu","Rabu, 09 Sep 2026 09:02 WIB","Jakarta - Harga cabai rawit merah menembus Rp91.300 per kilogram, naik 11,21 persen dibandingkan hari sebelumnya.
Harga cabai rawit merah mengalami lonjakan. Berdasarkan data Pusat Informasi Harga Pangan Strategis (PIHPS) Bank Indonesia, harga rata-rata cabai rawit merah secara nasional mencapai Rp91.300 per kilogram, naik 11,21 persen dibandingkan hari sebelumnya.
Harga cabai rawit merah secara nasional pada hari yang sama mencapai Rp91.300 per kilogram berdasarkan data PIHPS Bank Indonesia.
Kenaikan harga cabai menjadi salah satu pergerakan harga pangan yang paling mencolok pada Selasa (8/9). Selain cabai rawit merah, harga cabai merah keriting juga naik 6,37 persen menjadi Rp60.150 per kilogram.
Harga cabai rawit hijau turut mengalami kenaikan 4,47 persen menjadi Rp64.250 per kilogram.
Kenaikan harga cabai terjadi di tengah kenaikan sejumlah komoditas pangan lainnya, termasuk beras, telur, daging ayam, dan minyak goreng.",53,937
https://finance.detik.com/bursa-dan-valas/d-8654774/rekomendasi-saham-yang-bisa-dilirik-saat-ihsg-menguat,finance,Rekomendasi Saham yang Bisa Dilirik saat IHSG Menguat,"Rabu, 09 Sep 2026 08:50 WIB","Market Overview
Indeks Harga Saham Gabungan (IHSG) menguat pada perdagangan Selasa (8/9/2026). IHSG naik 1,01% dan berakhir di level 6.686,44.
Penguatan IHSG turut ditopang sejumlah saham yang bergerak naik. AMMN tercatat menguat 5,90%, SMMA naik 5,26%, sedangkan MDKA melesat 8,33%. Sebaliknya, BELI turun 5,88%, BBNI melemah 1,02%, dan BREN terkoreksi 0,90%.
Dari aktivitas investor, transaksi asing di pasar reguler mencatatkan net buy sebesar Rp379,39 miliar. Jika memperhitungkan seluruh pasar, investor asing membukukan net buy Rp398,20 miliar.
Pergerakan positif juga terlihat pada mayoritas sektor saham. Sebanyak 8 dari 11 sektor berakhir di zona hijau. Sektor Basic Materials mencatat kenaikan 2,00%, sedangkan sektor Healthcare menjadi sektor yang mengalami penurunan sebesar 0,59%.
Sementara itu, bursa saham Amerika Serikat (AS) bergerak melemah pada perdagangan terakhir. Dow Jones turun 1,18% ke 52.786, S&P 500 turun 0,58% ke 7.673, dan Nasdaq melemah 0,32% ke level 26.421.
Harga tembaga yang mencetak rekor turut menjadi perhatian pasar dan memberikan sentimen positif bagi saham terkait komoditas tersebut, termasuk AMMN dan MDKA. Kedua saham itu masing-masing memberikan pengaruh terhadap pergerakan IHSG sebesar 10,95 dan 6,45. Dari pasar offshore, ETF EIDO menguat 1,23%, sedangkan indeks MSCI Indonesia naik 0,78%.
Berita Emiten
Medela Potentia (MDLA)
MDLA membukukan penjualan Rp 8,17 triliun sepanjang semester I-2026. Angka tersebut meningkat dibandingkan penjualan pada periode yang sama tahun sebelumnya sebesar Rp 7,42 triliun.
Laba bersih perseroan juga bertambah 12,60% secara tahunan menjadi Rp 225,63 miliar dari Rp 200,33 miliar pada semester I-2025. Pertumbuhan tersebut turut disertai kenaikan laba kotor. MDLA mencatat gross profit sebesar Rp762,23 miliar pada 1H26, naik 6,80% YoY dari Rp713,41 miliar.
Kinerja ini ditopang oleh peningkatan volume distribusi, penambahan lima prinsipal baru, pengembangan produk dengan merek sendiri atau own-brand, serta pemanfaatan kanal digital. Dari sisi bisnis alat kesehatan, penjualan produk Stardec tumbuh 34% YoY. MDLA juga melanjutkan pengembangan infrastruktur distribusinya. Pembangunan gudang AAM Medan saat ini telah mencapai progres 95% dan ditargetkan mulai beroperasi pada kuartal IV 2026.
Selain itu, perseroan menyiapkan pembangunan National Distribution Center (NDC) 2 pada 2027. Fasilitas tersebut akan digunakan untuk mendukung kebutuhan cold storage dan direncanakan dibangun di atas lahan seluas 2,70 hektare di Kawasan Industri Jababeka 2.
Trimitra Trans Persada (BLOG)
BLOG mencatat pendapatan Rp732,87 miliar pada semester I 2026. Pendapatan tersebut naik dari Rp626,47 miliar pada periode yang sama tahun lalu. Laba bersih BLOG juga meningkat menjadi Rp77,54 miliar, dibandingkan Rp71,08 miliar pada 1H25.
Untuk tahun 2026, manajemen menargetkan pertumbuhan laba lebih dari 10%. Target tersebut akan didukung oleh ekspansi bisnis dan kontrak pelanggan jangka panjang. Kontrak jangka panjang tersebut juga diharapkan dapat membantu perseroan menghadapi dampak kenaikan biaya bahan bakar minyak (BBM).
BLOG menyiapkan anggaran belanja modal atau capital expenditure (capex) sekitar Rp500 miliar pada 2026. Hingga semester I 2026, realisasi capex berada di kisaran Rp 150–160 miliar dan diperkirakan bertambah sekitar Rp200 miliar pada semester II 2026.
Dana capex akan digunakan untuk pembangunan gudang, penambahan armada hingga 3.500 unit, serta pengembangan sistem teknologi informasi. Perseroan akan mengintegrasikan sejumlah sistem, termasuk Transportation Management System (TMS), Warehouse Management System (WMS), dan IOS.
J Resources Asia Pasifik (PSAB)
PSAB menetapkan pembagian dividen tunai interim sebesar Rp 30 per saham untuk periode yang berakhir pada 30 Juni 2026. Total dividen yang disiapkan mencapai Rp793,80 miliar. Dividen tersebut akan dibagikan kepada pemegang 26,46 miliar saham perseroan yang beredar.
Keputusan pembagian dividen tersebut dilakukan setelah PSAB membukukan laba bersih sebesar US$177,89 juta pada semester I 2026. Angka itu meningkat 803% YoY dibandingkan periode yang sama tahun sebelumnya.
Kenaikan laba tersebut turut dipengaruhi keuntungan dari aksi divestasi proyek tambang emas Doup kepada anak usaha United Tractors (UNTR). Transaksi tersebut menghasilkan keuntungan sebesar US$298,60 juta. Dengan laba bersih 1H26 tersebut, dividen interim Rp30 per saham mencerminkan dividend payout ratio sebesar 24,93%.
Sementara itu, saham PSAB pada perdagangan Selasa (8/9) ditutup di level Rp 570 per saham. Berdasarkan harga tersebut, dividen interim Rp30 per saham setara dengan dividend yield sebesar 5,26%.
Investor yang ingin memperoleh hak atas dividen tersebut perlu memperhatikan jadwal cum date. Untuk pasar reguler dan negosiasi, cum date ditetapkan pada 15 September 2026. Adapun pembayaran dividen dijadwalkan pada 29 September 2026.
Rekomendasi Saham Hari Ini
- MBMA - Buy 550-560 | TP 570-580 | SL 520
- TLKM - Buy 2620-2640 | TP 2670-2720 | SL 2510
- ENRG - Buy 1455-1465 | TP 1485-1510 | SL 1370
- JARR - Buy 3370-3390 | TP 3450-3490 | SL 3170
- UNTR - Buy 25775-25850 | TP 26150-26500 | SL 24475
Disclaimer: Ingat, bahwa segala analisis dan rekomendasi saham dalam artikel ini bersifat informatif sekaligus bukan merupakan ajakan untuk membeli atau menjual saham tertentu.
(ang/ang)",53,5335
https://finance.detik.com/berita-ekonomi-bisnis/d-8654769/ratusan-penerbangan-di-inggris-delay-batal-ada-apa,finance,"Ratusan Penerbangan di Inggris Delay & Batal, Ada Apa?","Rabu, 09 Sep 2026 08:44 WIB","Penyedia kontrol lalu lintas udara, NATS mengalami masalah teknis yang berujung pada terganggunya penerbangan di bandara-bandara besar di Inggris. Ratusan penerbangan di Bandara Heathrow, Bandara Gatwick, Bandara Manchester, dan Bandara Stansted terdampak dibatalkan dan ditunda.
""Kami telah mengidentifikasi bahwa masalahnya ada pada sistem pemrosesan penerbangan kami. Teknisi kami berada di lokasi dan bekerja dengan segera untuk melanjutkan operasi normal secepat mungkin. Penerbangan masih berangkat dan wilayah udara terbuka, tetapi pemulihan akan membutuhkan waktu,"" kata NATS dalam sebuah pernyataan, dikutip dari CNBC, Rabu (9/9/2026).
Otoritas Bandara Heathrow, yang menjadi pusat penerbangan terbesar di Inggris, mengatakan sedang bekerja sama dengan NATS untuk menyelesaikan masalah tersebut.
Menurut data pada platform pelacakan penerbangan FlightAware, sekitar 100 penerbangan telah dibatalkan di Heathrow dan 367 lainnya telah ditunda. Di sisi lain, ada sekitar 250 penerbangan ditunda di Gatwick atau 31% dari total penerbangan.
Sementara itu, Otoritas Bandara Edinburgh mengatakan masalah yang terjadi pada NATS mungkin akan mempengaruhi operasionalnya. Senada, Bandara Dublin di Irlandia mengatakan penerbangan yang berangkat dan tiba dari sana juga mengalami gangguan. Bandara lain yang melaporkan penundaan atau pembatalan termasuk Bandara Luton, Bandara Birmingham, Bandara Aberdeen, dan Bandara Glasgow.
Lalu, EasyJet mengatakan masalah ini menyebabkan penundaan di seluruh Eropa. Sementara Ryanair, Wizz Air, dan Virgin Atlantic belum memberikan komentar apapun sejauh ini.
Pada Juli tahun lalu, masalah teknis terkait radar dalam sistem kendali lalu lintas udara Inggris juga sempat terjadi dan mengganggu penerbangan selama lebih dari empat jam di bandara-bandara utama di London dan tempat lain, termasuk Heathrow.
(hal/ara)",54,1850
https://finance.detik.com/foto-bisnis/d-8654578/pemerintah-perkuat-database-penerima-gas-melon-lpg-3kg,finance,Pemerintah Perkuat Database Penerima Gas 'Melon' LPG 3Kg,"Rabu, 09 Sep 2026 08:15 WIB","Jakarta - Penyaluran LPG 3 kg alias ""gas melon"" terus meningkat. Dalam waktu dekat, pemerintah akan membenahi data warga yang berhak mengakses LPG bersubsidi itu.
Pekerja melakukan bongkar muat gas LPG di pangkalan gas kawasan Pondok Cabe, Tangerang Selatan, kemarin.
Kementerian Energi dan Sumber Daya Mineral (ESDM) tengah memperkuat basis data penerima LPG 3 kg sebagai upaya membenahi tata kelola distribusi agar penyaluran barang bersubsidi tersebut dapat tepat sasaran.
Proyeksi hingga akhir 2026, penyaluran LPG 3 kg akan mencapai 8,677 juta ton atau 108,46 persen dari kuota. Dikutip dari Rancangan Anggaran Pendapatan dan Belanja Negara (RAPBN) 2027, kuota volume LPG 3 kg dituliskan sebesar 8,9 juta ton, lebih tinggi apabila dibandingkan dengan kuota LPG 3 kg pada APBN 2026.
Transformasi pendistribusian LPG sudah dimulai sejak 1 Maret 2023 dengan dua tahapan. Tahap pertama adalah pendataan pengguna LPG 3 kg ke dalam sistem berbasis web dan pelaksanaan pembelian LPG 3 kg sesuai hasil pendataan. Tahap kedua adalah pemadanan data dan pensasaran pengguna LPG tertentu, sehingga laju konsumsi LPG tahunan dapat ditekan.",56,1131
https://finance.detik.com/berita-ekonomi-bisnis/d-8654632/puan-minta-lahan-bekas-karhutla-jadi-kebun-sawit-diusut,finance,Puan Minta Lahan Bekas Karhutla Jadi Kebun Sawit Diusut!,"Rabu, 09 Sep 2026 08:00 WIB","Ketua Dewan Perwakilan Rakyat (DPR) Puan Maharani meminta agar kabar lahan bekas kebakaran hutan dan lahan (karhutla) berubah menjadi perkebunan sawit dalam waktu singkat segera diselidiki. Menurut Puan, peristiwa tersebut seharusnya tidak boleh terjadi.
""Hal-hal yang berkaitan Karhutla kemudian sudah berubah alih fungsi, nanti kami akan meminta pihak yang terkait untuk menyelidiki hal itu dan itu seharusnya tidak boleh terjadi dan harus segera diselidiki,"" ujar Puan di Gedung DPR RI, Jakarta Pusat, Selasa (8/9/2026).
Indonesia memang masuk dalam jalur cincin api pasifik atau ring of fire. Dari tahun ke tahun, ia menyebut pemerintah sudah melakukan berbagai mitigasi untuk mengantisipasi hal tersebut.
Dalam hal penanganan bencana, Puan menekankan harus dilakukan secara terpadu serta melibatkan koordinasi lintas kementerian dan lembaga.
""Karenanya kami mengharapkan pemerintah atau KL bisa melakukan mitigasi ke depannya itu dilakukannya itu secara bersama-sama dan biasanya dikoordinasi oleh para Menko, kemudian dilakukan secara bersama-sama oleh semua kementerian lembaga,"" bebernya.
Tidak hanya fokus pada penanganan saat bencana terjadi, Puan juga menekankan pentingnya mengantisipasi dampak jangka panjang pascabencana, termasuk masalah sosial, kesehatan seperti ISPA, hingga pendidikan anak-anak yang terganggu.
""Seperti sekarang sudah ada masalah ISPA, kemudian kondisi anak-anak yang pendidikannya terganggu, itu juga harus segera teratasi dan bagaimana ke depannya itu harus segera ada solusinya,"" imbuh ia.
Sebelumnya, Menteri Kehutanan (Menhut) Raja Juli Antoni buka suara soal dugaan lokasi bekas kebakaran hutan dan lahan (karhutla) akan ditanami sawit. Menurut Raja, kegiatan membakar hutan adalah kegiatan ilegal. Ia juga mengingatkan tindakan semacam itu memiliki konsekuensi hukum yang tegas.
""Namanya itu kan kebakaran hutan dan lahan. Kalau pun ada yang membakar hutan, kalau pun ada yang membakar hutan, saya pastikan itu nggak boleh tanam sawit, karena itu ilegal,"" ujar Raja di kompleks DPR, Jakarta, Selasa (1/9/2026).
Kementerian Kehutanan akan berkoordinasi dengan Kementerian Agraria dan Tata Ruang/Badan Pertanahan Nasional (ATR/BPN) dan Kementerian Pertanian untuk mencegah lokasi bekas kebakaran digunakan untuk mendirikan usaha, termasuk menanam sawit.
Apabila kebakaran terjadi di area penggunaan lain (APL), pihaknya akan berkoordinasi dengan Menteri ATR/BPN Nusron Wahid agar lahan tersebut tidak mendapatkan hak guna usaha (HGU).
(acd/acd)",56,2484
https://finance.detik.com/berita-ekonomi-bisnis/d-8654726/bps-ungkap-dtsen-bukan-daftar-penerima-bantuan-sosial,finance,BPS Ungkap DTSEN Bukan Daftar Penerima Bantuan Sosial,"Rabu, 09 Sep 2026 07:45 WIB","Data Tunggal Sosial dan Ekonomi Nasional (DTSEN) menjadi terobosan dalam konsolidasi dan pengambilan kebijakan berbasis data di Indonesia. DTSEN adalah social registry pertama di Indonesia dan menjadi basis data utama dalam penyaluran berbagai program pemerintah.
Kepala Badan Pusat Statistik (BPS) Amalia Adininggar Widyasanti menyatakan DTSEN perlu dipahami sebagai social registry, bukan beneficiary registry atau daftar penerima bantuan. Artinya, keberadaan seseorang dalam DTSEN tidak secara otomatis menjadikannya penerima bantuan atau program pemerintah tertentu.
""Daftar bantuan ataupun beneficiary registry atau daftar bantuan penerima program itu ditentukan oleh masing-masing menteri terkait sesuai dengan kebijakannya masing-masing,"" ungkap Amalia dalam keterangannya, Rabu (9/9/2026).
Amalia mencontohkan dalam penentuan penerima manfaat program Sekolah Rakyat, kelompok yang menjadi sasaran berada pada desil 1 dan 2 (social registry). Namun, tidak semua masyarakat pada kedua desil tersebut secara otomatis menerima bantuan karena masih terdapat kriteria tambahan yang ditetapkan oleh kementerian terkait (beneficiary registry).
Pihaknya diberi amanah sebagai pengelola DTSEN. Sementara kementerian, lembaga, dan pemerintah daerah membantu pemutakhiran, verifikasi, dan validasi data.
Data yang sebelumnya tersebar dan tidak terkonsolidasi dengan baik, kini dihimpun, ditunggalkan dan diintegrasikan oleh BPS sesuai amanah Inpres Nomor 4 Tahun 2025 tentang DTSEN. Selanjutnya, kementerian/lembaga memanfaatkan DTSEN sesuai kebutuhan program masing-masing, termasuk sebagai salah satu dasar dalam menentukan sasaran program, bantuan, atau intervensi.
""DTSEN ini isinya adalah registrasi ataupun database yang merupakan kumpulan semua daftar penduduk Indonesia yang memiliki NIK dan KK yang kita jadikan satu di dalam satu data tunggal,"" jelas Amalia.
Pemutakhiran Data
Amalia juga menegaskan bahwa DTSEN merupakan data yang bersifat dinamis. Kondisi sosial dan ekonomi masyarakat dapat berubah sehingga data perlu diperbarui secara berkala agar semakin mencerminkan kondisi masyarakat yang sebenarnya.
""Setiap warga, setiap masyarakat punya hak suara dan kami berikan jalur untuk melakukan koreksi secara mudah, secara jelas dan transparan, sehingga DTSEN ini bukan hanya milik pemerintah tetapi DTSEN juga merupakan milik kita semua, milik Indonesia yang harus kita jaga bersama-sama,"" jelas Amalia.
Menurut Amalia, keterlibatan masyarakat dalam pemutakhiran data menjadi bagian penting untuk menjaga akurasi DTSEN. Dengan data yang terus diperbarui dan diperbaiki, pemerintah dapat lebih mudah menemukan masyarakat yang membutuhkan dan memastikan mereka dapat dijangkau oleh program yang sesuai.
""Di balik setiap data, ada nama, ada keluarga, ada yang terus berjuang untuk dijangkau oleh DTSEN,"" ungkap Amalia.
Ia melanjutkan, satu per satu keluarga yang tadinya tidak terdata menjadi terdata, sehingga tadinya mereka tidak terlihat oleh pemerintah menjadi terlihat dan kemudian pemerintah bisa mengulurkan bantuan secara lebih tepat.
Oleh karena itu, perbaikan dan pemutakhiran DTSEN merupakan proses yang dilakukan secara berkelanjutan. Pemerintah terus melakukan perapihan data, sementara masyarakat dapat turut memastikan informasi mengenai kondisi sosial dan ekonomi keluarganya sesuai dengan keadaan sebenarnya.
Apabila masyarakat menemukan informasi mengenai diri atau keluarganya yang belum sesuai dengan kondisi sebenarnya, pembaruan dapat disampaikan melalui mekanisme usul dan sanggah pada kanal resmi yang tersedia, antara lain Cek Bansos (cekbansos.kemensos.go.id) atau aplikasinya, SIKS-NG melalui operator desa/kelurahan, serta Cek DTSEN (dtsen-form.bps.go.id).
4,3 Juta Orang Dapat Bansos
Di sisi lain, Menteri Sosial Saifullah Yusuf menyampaikan hasil pemanfaatan DTSEN menunjukkan data yang lebih terpadu dapat membantu menemukan masyarakat yang sebelumnya belum menerima program.
""Setelah DTSEN dibentuk dan digunakan, sebanyak 4.330.417 KPM yang sebelumnya tidak pernah menerima bantuan kini menjadi penerima bantuan. Baik itu PKH (Program Keluarga Harapan, red), bantuan pangan non tunai, maupun penerima bantuan iuran. Mereka yang kehidupannya berhasil dibantu oleh pemerintah setelah kehadirannya ditemukan melalui DTSEN,"" ungkap Saifullah.
Ia menegaskan bahwa DTSEN memang belum sempurna dan masih terdapat error yang terus diperbaiki bersama. Ia juga mengajak masyarakat untuk turut berperan dalam memperbaiki dan memutakhirkan data.
""Kalau sekarang datanya masih error, bukan berarti orang itu segera diputus bantuan sosialnya. Atau orang yang mungkin berada di desil 4 padahal dia sebelumnya di desil 8, belum tentu juga dia mendapatkan bansos. Masih perlu dipastikan, dikoreksi, didalami, ditelusuri, dan seterusnya nanti akan dilakukan verifikasi dan validasi,"" tegas Saifullah.",53,4823
https://finance.detik.com/berita-ekonomi-bisnis/d-8654631/biang-kerok-sulitnya-kembalikan-aset-negara,finance,Biang Kerok Sulitnya Kembalikan Aset Negara,"Rabu, 09 Sep 2026 07:25 WIB","Badan Pemulihan Aset (BPA) Kejaksaan Agung mengungkap sejumlah kendala yang menghambat proses pemulihan aset negara. Salah satunya adalah perbedaan persepsi terkait penetapan status barang temuan yang membuat proses eksekusi aset menjadi lambat.
Kepala BPA Patris Yusrian Jaya mengatakan, perbedaan tersebut masih ditemukan antara pihaknya dengan pengadilan. Persoalan muncul ketika BPA hendak mendapatkan penetapan status atas barang temuan sebelum aset tersebut dapat dieksekusi.
""Kendala yang dihadapi oleh Badan Pemulihan Aset ini yang pertama mengenai status barang temuan masih ada di lapangan perbedaan persepsi dengan teman-teman di pengadilan tentang penetapan status barang temuan, sehingga ini eksekusinya terlambat atau bahkan tidak bisa diselesaikan sama sekali,"" kata Patris dalam rapat bersama Komisi III DPR RI di kompleks parlemen, Selasa (8/9/2026).
Ia juga mengungkap sekitar30% aset rampasan negara yang masuk proses lelang tercatat tidak laku karena tak kunjung mendapatkan penawar. Patris menyebut tingginya nilai limit menjadi salah satu penyebab aset tersebut sulit terjual.
Harga aset rampasan selama ini dinilai berdasarkan harga pasar seperti barang pada umumnya. Namun, peserta lelang cenderung memburu aset rampasan dengan harapan bisa mendapatkannya di bawah harga pasar.
""Penentuan limit ini kadang-kadang terlalu tinggi barang-barang rampasan ini dinilai seperti barang-barang pada umumnya nilai pasarnya. Sementara bagi pembeli, yang diharapkan dari lelang ini salah satunya adalah karena harganya lebih murah. Akibatnya pada waktu lelang, sekian persen, 30% rata-rata barang yang dilelang ini tidak ada penawar,"" ungkapnya.
Patris menambahkan, aturan Kementerian Keuangan mengatur penilaian ulang terhadap barang tersebut baru dapat dilakukan tiga bulan kemudian. Selama menunggu proses penilaian ulang, negara masih harus menanggung biaya pengelolaan dan pemeliharaan barang rampasan.
Bahkan setelah harga limit diturunkan pada lelang berikutnya, belum ada jaminan barang tersebut akan terjual. Kondisi tersebut pada akhirnya menyebabkan penumpukan aset rampasan yang belum dapat diselesaikan melalui mekanisme lelang.
BPA juga menghadapi kendala dalam melelang kendaraan bermotor yang berasal dari sita eksekusi. Salah satunya terkait penerbitan surat baru kendaraan setelah barang tersebut dijual.
Kepolisian mensyaratkan putusan pengadilan untuk menerbitkan surat kendaraan baru. Sementara putusan pengadilan yang dimiliki dalam sejumlah perkara hanya mengatur kewajiban terpidana membayar uang pengganti secara umum.
""Putusan pengadilan yang kita pegang hanya secara umum memberikan kewajiban kepada terpidana untuk membayar uang pengganti dan untuk menyelesaikan kewajiban. Ini kami melakukan penyitaan, jika penyitaan ini dilakukan untuk kendaraan bermotor maka di sini mengalami kesulitan karena belum adanya kesinkronan antara aturan di Kepolisian, di Keuangan, dengan di Kejaksaan,"" tutupnya.
Meski begitu, BPA tercatat berhasil menyetorkan Rp 26,04 triliun ke kas negara dalam tiga tahun terakhir. Dana tersebut berasal dari hasil penyelesaian aset, termasuk pelelangan aset yang dirampas untuk negara.
Dalam kurun waktu tersebut, BPA telah menyelesaikan sebanyak 21.737 aset. Penyelesaiannya dilakukan melalui sejumlah mekanisme, mulai dari pelelangan, pemusnahan, hingga penyerahan aset kepada pihak yang berhak seperti dalam kasus investasi bodong.
""Adapun capaian kinerja Badan Pemulihan Aset tiga tahun terakhir ini semenjak BPA ini dibentuk telah berhasil menyelesaikan dalam bentuk melakukan lelang dan menyetor ke kas negara, memusnahkan, kemudian melelang dan menyerahkan kepada para pihak yang berhak seperti dalam kasus investasi bodong sebanyak 21.737 aset,"" sebut Patris.
(ily/acd)",43,3739
https://finance.detik.com/energi/d-8654629/pertashop-terancam-tutup-ini-penyebabnya,finance,"Pertashop Terancam Tutup, Ini Penyebabnya","Rabu, 09 Sep 2026 06:55 WIB","Bisnis BBM nonsubsidi jenis Pertamax di Pertashop sedang terpuruk. Tak menutup kemungkinan bisnis ini tutup.
Ketua Umum Dewan Pimpinan Pusat Himpunan Pertashop Merah Putih Indonesia (HPMPI) Steven mengatakan kondisi tersebut terjadi karena adanya kenaikan harga BBM nonsubsidi yang mengakibatkan konsumen beralih ke BBM subsidi.
Ketua Umum Dewan Pimpinan Pusat HPMPI, Steven, mengatakan sebelum adanya perubahan harga BBM nonsubsidi, penjualan di salah satu Pertashop dapat mencapai sekitar 400 liter per hari. Namun, volume tersebut kini anjlok menjadi sekitar 100 liter per hari atau terjadi penurunan 75%.
""Maka, yang terjadi adalah disparitas itu menekan kelayakan usaha. Ada selisih harga, kemudian permintaan mulai bergeser dari produk nonsubsidi menjadi ke produk subsidi. Volume penjualan menurun, biaya per liter juga akan naik, dan juga outlet akan terancam tutup,"" ujar Steven dalam Rapat Audiensi dengan Komisi XII DPR, di Gedung DPR, Jakarta, Selasa (8/9/2026).
Steven juga menyoroti maraknya penjualan BBM subsidi yang dilakukan oleh pedagang eceran dengan harga yang masih murah dibandingkan dengan harga jual Pertamax.
Oleh karena itu, ia meminta DPR untuk memberikan masukan kepada pemerintah untuk menertibkan penjual BBM eceran. Kemudian memanfaatkan jaringan Pertashop yang sudah tersebar di berbagai daerah untuk menjual BBM subisidi.
""Penertiban eceran. Karena sudah ada jaringan kami, Pimpinan, di seluruh wilayah pelosok Indonesia. Kenapa tidak dimanfaatkan? Sebab kehadiran kami tentunya membawa hal-hal positif bagi daerah di mana kami berada. Harap ini menjadi pertimbangan, Pimpinan,"" ujarnya.
Selain itu, HPMPI juga mengeluhkan adanya persoalan perizinan yang dinilai semakin kompleks yang bisa menghambat keberlangsungan usaha Pertashop. Ia mengatakan pada aturan terbaru, Pertashop yang sebelumnya masuk kategori menengah rendah menjadi menengah tinggi.
Perubahan itu disebut berdampak pada bertambahnya persyaratan yang harus dipenuhi pengusaha Pertashop. Steven membandingkan proses perizinan pada 2023-2024 dengan kondisi saat ini. Menurutnya, ketika itu bentuk usaha yang sama memiliki persyaratan perizinan yang relatif seragam.
""Tapi di tahun 2026 ini, ada perubahan di mana skala usaha itu dari semula menengah rendah menjadi menengah tinggi. Itu mengakibatkan banyaknya tambahan atau berbedanya persyaratan perizinan yang harus kami urus. Ini juga masih terkendala, pimpinan,"" terang Steven.
(hrp/hns)",41,2440
https://finance.detik.com/berita-ekonomi-bisnis/d-8654628/alasan-purbaya-kerap-omong-gede-hingga-dicap-sombong-saat-awal-jadi-menkeu,finance,Alasan Purbaya Kerap Omong Gede hingga Dicap Sombong Saat Awal Jadi Menkeu,"Rabu, 09 Sep 2026 06:25 WIB","Menteri Keuangan Purbaya Yudhi Sadewa mengaku sempat dicap sombong saat berupaya membangun kepercayaan pasar terhadap kondisi makroekonomi Indonesia.
Saat mulai menjabat sebagai Menkeu, Indonesia baru saja menghadapi gelombang demonstrasi besar-besaran. Di tengah kondisi tersebut, Purbaya mendapat tugas untuk memulihkan kepercayaan publik.
""Pertama kan waktu saya jadi menteri, itu kan kita baru menghadapi demo besar, saya mesti kembalikan confidence ke masyarakat secepat-cepatnya. Caranya bagaimana? Saya terapkan apa, pengetahuan yang sudah disebut, saya pernah belajar macroeconomics of self-fulfilling prophecies. Jadi kita membentuk ekspektasi, dari ekspektasi itu nanti biasanya ekonomi yang berjalan ke arah sana,"" ungkap Purbaya di kawasan Sunter, Jakarta Barat, Selasa (8/9/2026).
Namun, dalam praktiknya, teori tersebut tidak mudah diterapkan. Purbaya pun mengaku terpaksa lebih banyak bicara. Meski begitu, sikap tersebut justru dinilai sebagian pihak sebagai bentuk kesombongan.
""Dalam waktu dekat kan susah untuk itu. Ya terpaksa saya omong gede, yang dibilang orang sombong, 'itu Purbaya sombong banget.' Itu bukan sombong, tapi desain untuk membentuk ekspektasi ke depan, ke arah yang positif,"" tutur mantan Kepala Lembaga Penjamin Simpanan itu..
Jika pasar memiliki ekspektasi positif, perekonomian nasional juga berpeluang bergerak lebih baik. Sebab, masyarakat dan investor menjadi lebih percaya diri untuk kembali beraktivitas dan mengambil keputusan ekonomi.
Purbaya mengatakan sejumlah kebijakan telah ditempuh untuk membangun kepercayaan pasar. Salah satunya dengan memindahkan Saldo Anggaran Lebih (SAL) ke bank pelat merah pada September tahun lalu.
Namun, pasar keuangan Indonesia kembali menghadapi tantangan setelah adanya pengumuman dari MSCI, Fitch Ratings, dan Moody's.
""Investor tidak takut investasi, masyarakat tidak takut belanja, perusahaan pun tidak takut ekspansi, karena mereka pikir ekonomi akan membaik ke depan. Tapi kalau semua berpikir ekonomi akan resesi, ekonomi bisa betul-betul resesi. Kenapa? Karena investor takut ekspansi, masyarakat takut belanja,"" terangnya.
(hns/hns)",74,2124
https://finance.detik.com/infrastruktur/d-8654625/4-fakta-utang-whoosh-dialihkan-ke-kemenkeu,finance,4 Fakta Utang Whoosh Dialihkan ke Kemenkeu,"Rabu, 09 Sep 2026 05:55 WIB","Menteri Keuangan Purbaya Yudhi Sadewa mengungkapkan fakta baru proses penyelesaian utang proyek Kereta Cepat Jakarta-Bandung atau Whoosh. Penyelesaian Utang ini akan dialihkan dari Badan Pengelola Investasi (BPI) Daya Anagata Nusantara (Danantara) ke Kementerian Keuangan (Kemenkeu) pada 15 September nanti.
Berikut fakta utang kereta cepat yang diungkap Purbaya:
1. Cicilan Utang
Kementerian Keuangan (Kemenkeu) akan membayar utang proyek tersebut secara bertahap sekitar Rp 1 triliun per tahun. Besaran cicilan tersebut diputuskan berdasarkan hasil restrukturisasi.
2. Jangka Waktu Pelunasan
Jangka waktu pelunasan utang mencapai 80 tahun. Purbaya menilai, besaran kewajiban dan tenor cicilan masih dapat disanggupi pemerintah.
""Berarti kan total utang besar, tapi di-stretch 80 tahun sudah direstrukturisasi. cicilannya Rp 1 triliun atau sedikit di bawah Rp 1 triliun dari tahun ke tahun. Ada yang tinggi, ada yang rendah, tapi kalau kita lihat 'oh masih bisa lah'. (Tenor cicilan) 80 tahun saya dengar kemarin, makanya hebat juga tuh. Iya kita sudah mati, santai saja,"" ujar Purbaya di kawasan Sunter, Jakarta Utara, Selasa (8/9/2026).
3. Lembaga Pembayar Utang
Purbaya mengatakan utang ini akan dibayarkan oleh Special Mission Vehicle (SMV) di bawah Kementerian Keuangan atau Indonesia Investment Authority (INA).
""Ada kemungkinan, mungkin kita pakai SMV atau INA,"" jelasnya
Menurut Purbaya, kewajiban utang ini tidak begitu besar sehingga bisa ditangani oleh satu entitas SMV di bawah Kementerian Keuangan. Ia juga memastikan kebutuhan anggaran untuk membayar kewajiban tersebut tersedia.
""Jadi gini, saya cuma lihat bebannya setiap tahun seperti apa sih, saya lihat setiap tahun saya lihat, 'oh kalau segini saja cukup lah ditangani oleh satu SMV.. Satu perusahaan SMV di bawah Departemen Keuangan, atau dua. Tapi uangnya cukup lebih,"" terang Purbaya.
4. Kemampuan Bayar Utang
Purbaya memastikan SMV yang nantinya menangani kewajiban tersebut tidak perlu mencari investor baru untuk mendapatkan dana. Menurutnya, SMV Kemenkeu sudah memiliki kemampuan keuangan untuk membayar utang tersebut.
Menurut Purbaya kemampuan keuangan tersebut cukup untuk menangani kewajiban utang yang ada saat ini. Namun, perhitungan lebih lanjut masih akan dilakukan sebelum skema tersebut ditetapkan.
""Nggak, sudah ada uangnya. Sudah ada juga. Kan kalau SMV, let's say satu perusahaan SMV aja, keuntungannya berapa sekarang? Rp 3 triliun, Rp 4 triliun setahun. Ditambah dengan operasionalnya sendiri, mungkin dapat Rp 800 miliar keuntungannya,"" jelas Purbaya di Kompleks Istana Kepresidenan, Jakarta Pusat, Senin (7/9/2026).
(hns/hns)",42,2620
https://finance.detik.com/berita-ekonomi-bisnis/d-8654602/masih-bingung-kelola-arus-kas-bisnis-jasamu-ikut-program-ini-solusinya,finance,Masih Bingung Kelola Arus Kas Bisnis Jasamu? Ikut Program Ini Solusinya,"Selasa, 08 Sep 2026 23:09 WIB","Buat kamu yang baru masuk kerja jadi staf administrasi atau keuangan di usaha jasa, urusan pencatatan transaksi sering kali jadi tantangan besar di bulan-bulan pertama. Belum hafal alur pembukuan, ditambah harus belajar software baru, laporan keuangan pun gampang telat dan berantakan.
Kondisi ini yang coba dijawab lewat ACCURATE FOR SERVICE COMPANY: Pelatihan Akuntansi Jasa Berbasis Accurate Batch 4, pelatihan praktikal dari Piranha Smart Center lewat Education Visionary Lab (EVL) yang tayang di detikEvent.
Kenapa Skill Accurate Jadi Nilai Tambah di Usaha Jasa
Usaha jasa, mulai dari konsultan, agency, sampai klinik kecantikan, butuh laporan keuangan yang rapi buat ambil keputusan bisnis. Staf yang paham cara kerja software akuntansi seperti Accurate biasanya lebih dipercaya pegang tanggung jawab lebih besar, karena kerjaannya minim revisi dan gampang dicek atasan.
Apa yang Dipelajari Selama 3 Hari
Pelatihan ini berlangsung Rabu, 16 September 2026 sampai Jumat, 18 September 2026, pukul 18.30-20.30 WIB, secara online lewat live training interaktif. Materinya mencakup pencatatan transaksi penjualan jasa, pengelolaan kas dan bank, sampai penyusunan laporan keuangan usaha jasa dari nol. Bukan cuma teori, peserta praktik langsung pakai studi kasus usaha jasa yang relevan sama kerjaan sehari-hari.
Untuk Siapa Pelatihan Ini
Cocok buat pelaku usaha jasa, staf administrasi dan keuangan, mahasiswa serta fresh graduate akuntansi yang mau punya bekal skill Accurate sebelum masuk dunia kerja.
Kalau kamu mau laporan keuangan usaha jasa lebih tertib dan siap pakai, daftar pelatihan Accurate ini sekarang di detikevent sebelum kelasnya penuh!
(hns/hns)",71,1662
https://finance.detik.com/infrastruktur/d-8654568/513-9-km-listrik-aliran-atas-krl-jabodetabek-dirawat-ini-prosesnya,finance,"513,9 Km Listrik Aliran Atas KRL Jabodetabek Dirawat, Ini Prosesnya","Selasa, 08 Sep 2026 22:38 WIB","KAI Properti melakukan pemeliharaan Listrik Aliran Atas (LAA) di wilayah Daerah Operasi 1 Jakarta sepanjang 513,926 kilometer. Pemeliharaan mencakup 15 resor di wilayah Jabodetabek dan melibatkan 78 pekerja.
Manager Corporate Communication KAI Properti, Bramantya Candrika, mengatakan pemeliharaan rutin dilakukan untuk memastikan jaringan LAA tetap dalam kondisi baik dan siap mendukung operasional Kereta Rel Listrik (KRL) Jabodetabek.
""Operasional kereta api didukung oleh berbagai infrastruktur yang harus dijaga kondisinya secara berkelanjutan. Pemeliharaan LAA dilakukan secara rutin sebagai bagian dari upaya memastikan sistem elektrifikasi tetap berfungsi dengan baik dan dapat mendukung kebutuhan perjalanan kereta api setiap harinya,"" ujar Bram dalam keterangan tertulis, Selasa (8/9/2026).
Pemeliharaan meliputi pemeriksaan jaringan, perbaikan komponen, dan pengadaan material jika diperlukan. Pekerjaan dilakukan rutin sepanjang tahun dengan menyesuaikan jadwal operasional KRL.
Pemeliharaan mencakup 15 resor, yakni Rangkasbitung, Parung Panjang, Serpong, Tanah Abang, Duri, Jakarta Kota, Pasar Senen, Bandara Soekarno - Hatta (Basoetta), Manggarai, Jatinegara, Cikarang, Pasar Minggu, Depok, Bogor, dan Nambo.
KAI Properti juga melaksanakan penggantian 180 isolator Engineering, Procurement, and Construction(EPC) pada sejumlah petak jalur KRL Jabodetabek. Hingga saat ini, progres pekerjaan penggantian isolator tersebut telah mencapai sekitar 70%.
Penggantian dilakukan terhadap isolator yang telah mencapai masa pakai. Isolator adalah komponen dalam sistem LAA yang berfungsi sebagai penyekat antara penghantar listrik dan struktur pendukungnya untuk menjaga keamanan dan keandalan sistem elektrifikasi.
""Setiap komponen memiliki masa pakai dan kondisi yang perlu dipantau secara berkala. Karena itu, selain melakukan pemeriksaan dan pemeliharaan rutin, kami juga melakukan penggantian terhadap komponen yang telah mencapai masa pakainya. Pekerjaan ini dilakukan secara bertahap dengan tetap memperhatikan aspek keselamatan dan kelancaran operasional perjalanan kereta api,"" terang Bram.
Pekerjaan penggantian isolator dilakukan di sejumlah petak jalur, antara lain Cikoya-Maja, Emplasemen Maja, Daru-Tenjo, Pondok Ranji-Jurangmangu, Sudimara-Rawabuntu, Tanah Abang-Palmerah, Angke-Kampung Bandan, Buaran-Klender Baru, Cawang-Duren Kalibata, Lenteng Agung-Universitas Pancasila, Universitas Pancasila-Universitas Indonesia, Citayam-Bogor, serta sejumlah lokasi lainnya.
""Kami akan terus memastikan pemeliharaan dan peningkatan infrastruktur dilakukan sesuai dengan kebutuhan operasional, dengan tetap mengutamakan aspek keselamatan dan kualitas pekerjaan. Kami berharap upaya ini dapat terus mendukung kesiapan infrastruktur dalam menunjang operasional perjalanan kereta api,"" tutup Bram.
(hns/hns)",67,2815
https://finance.detik.com/energi/d-8654538/sampah-kini-disulap-jadi-bensin-dan-solar,finance,Sampah Kini 'Disulap' Jadi Bensin dan Solar,"Selasa, 08 Sep 2026 22:10 WIB","Kebijakan mengolah sampah menjadi energi yang bisa dimanfaatkan masyarakat terus berjalan. Salah satunya adalah mengolah sampah menjadi solar dan bensin
""Sampah plastik khususnya bisa menghasilkan BBM terbarukan. Jadi istilah kami adalah bahan bakar minyak terbarukan yang bisa diolah dengan sistem pirolisis dari plastik tersebut untuk menjadi solar maupun bensin,"" ujar Direktur Jenderal Energi Baru, Terbarukan, dan Konservasi Energi, Kementerian ESDM Eniya Listiani Dewi dalam rapat dengan Komisi XII DPR, Selasa (8/9/2026).
Saat ini Kementerian ESDM mengidentifikasi kualitas BBM yang dihasilkan dari proses tersebut. Pasalnya, setiap lokasi dari pengolahan sampah tersebut menghasilkan kualitas yang berbeda.
Pemerintah juga tengah menyiapkan mekanisme perizinan untuk pengembangan usaha tersebut.
""Jadi cukup izin, nanti kita verifikasi, lalu kita berikan izin dan bisa B2B. Jadi bisa menjual bahan bakar minyak terbarukan ini secara komersial,"" terang Eniya.
""Lalu tentang produk sampah lainnya, biogas, ini bahan bahan bakar juga, yang saat ini mungkin trending ya, biogas menjadi biometana. Karena pengurangan emisi yang sangat signifikan, mendapatkan harga karbon yang lebih banyak, biometana ini mulai ingin dikomersialisasikan. Izinnya sudah ada dari Kementerian ESDM sejak 2024 akhir, cukup hanya izin produksi saja, nanti bisa B2B,"" sambung Eniya.
Sebelumnya, Menteri Koordinator Bidang Pangan Zulkifli Hasan menyampaikan bahwa TNI akan terlibat dalam pengolahan sampah menjadi BBM.
""Kita juga terima kasih kepada Bapak Maruli TNI Angkatan Darat yang akan membantu kita untuk mengubah (sampah) yang sudah lama. Sampah ini kan hanya baru datang. Kota Bekasi ini ada yang baru datang sampahnya 1.800 ton. Tapi yang menjadi gunung itu banyak. Nah, yang jadi gunung itu akan dikelola TNI nanti kerja sama akan pirolisis, jadi minyak,"" ujar Zulhas di Bekasi, Rabu (26/8/2026).
Di tempat yang sama, Kepala Staf Angkatan Darat (Kasad) Jenderal TNI Maruli Simanjuntak mengatakan bahwa pihaknya bersama mitra pilihannya akan fokus mengolah sampah lama yang sudah menggunung. Sementara saat ini pemerintah mengelola PSEL.
""Yang kami akan olah adalah timbunan-timbunan sampah lama. Yang inilah yang mungkin sampai dengan sekarang masih belum ada yang bisa memilah ini. Kebetulan ada yang bisa dari partner kami, dari Pak Agus, Pak Agus itu dari pengelola, salah satu dirut di pengembang ini yang mampu mengerjakan ini. Jadi nanti dari sampah lama ini bisa 1.000 ton per hari diproses,"" katanya.
Maruli menyampaikan dalam proyek ini pihaknya membutuhkan lahan mencapai 5 hektare untuk fasilitas utama ditambah area pre treatment sekitar setengah hektare di tiap tempatnya. Dari lahan tersebut, ia memperkirakan dapat mengolah sampah lama 1.000 ton per hari.
""Kalau itu bisa ada lahannya, bagaimana teknis penggunaannya, ini yang mungkin nanti saya akan ulas sedikit, kami bisa segera kerjakan. Jadi itu intinya,"" katanya.
Maruli menambahkan, proyek ini akan berlangsung di Bantar Gebang, Sumur Baru (Bekasi), Galuga Bogor, Sari Mukti Bandung, dan Jatibarang, Semarang.
Ia mengatakan dalam proses ini, pihaknya masih menemui berbagai kendala, mulai dari belum tersedianya lahan, proses perizinan, hingga penjualan hasil olahan sampah yang nantinya menjadi solar.
""Jadi intinya kalau ini sudah bisa diselesaikan masalah perizinan, mungkin satu tahun pabrik-pabrik ini bisa jalan Pak. Jadi ini sudah kami kerjakan dari sejak April perintah dari Presiden itu, sampai dengan sekarang masalah tempat kami belum bisa dapatkan. Kalau ini sudah bisa selesai, kita go paling lama satu tahun, pabrik sudah siap untuk bisa mengolah sampah seribu ton per hari di setiap titik,"" terangnya.
(hns/hns)",43,3688
https://finance.detik.com/berita-ekonomi-bisnis/d-8654509/sudah-lulus-brevet-pajak-ab-saatnya-lanjut-brevet-c-untuk-cv-lebih-kuat,finance,"Sudah Lulus Brevet Pajak AB, Saatnya Lanjut Brevet C untuk CV Lebih Kuat","Selasa, 08 Sep 2026 21:47 WIB","Punya sertifikat Brevet Pajak A dan B memang jadi nilai tambah di dunia kerja. Bagi sebagian tax staff dan konsultan pajak, sertifikat itu terasa belum cukup untuk bersaing di posisi yang menangani klien atau perusahaan berskala multinasional.
Persoalannya, materi Brevet A dan B umumnya fokus pada perpajakan domestik. Ketika berhadapan dengan kasus lintas negara, seperti perhitungan pajak berganda atau transfer pricing, kompetensi yang sudah dimiliki sering belum cukup menjawab kebutuhan pekerjaan sehari-hari.
Di sinilah Brevet Pajak C hadir sebagai jenjang lanjutan yang relevan. Program dari Piranha Smart Center bersama Education Visionary Lab ini dirancang khusus membahas perpajakan tingkat internasional, mencakup pajak berganda, pemajakan penghasilan luar negeri, kredit pajak luar negeri, hingga mekanisme transfer pricing secara aplikatif.
Batch 26 ini berlangsung online via Zoom mulai Senin, 14 September 2026 sampai Selasa, 29 September 2026, dengan pertemuan rutin setiap Senin dan Selasa pukul 18.30 hingga 20.30 WIB. Peserta mengikuti enam kali sesi pembelajaran plus satu ujian teori di akhir program.
Selain sertifikat Brevet C, peserta yang mengambil paket sertifikasi juga berkesempatan meraih gelar non akademik Certified Professional Tax Technician (CPTT), yang bisa memperkuat portofolio profesional di bidang perpajakan.
Materi disampaikan lewat pemaparan konsep, studi kasus dari berbagai subjek dan objek pajak, latihan soal, hingga sesi diskusi dan tanya jawab. Pendekatan ini dirancang supaya peserta bisa langsung menerapkan materi dalam pekerjaan sehari-hari, bukan sekadar memahami teori di ruang kelas.
Program ini terbuka untuk lulusan Brevet A dan B, staf keuangan, konsultan pajak, hingga pelaku usaha ekspor impor.
Daftarkan dirimu sekarang melalui detikevent!
(hns/hns)",72,1811
https://finance.detik.com/berita-ekonomi-bisnis/d-8654502/perusahaan-multinasional-butuh-staf-paham-pajak-lintas-negara-belajar-di-sini,finance,"Perusahaan Multinasional Butuh Staf Paham Pajak Lintas Negara, Belajar di Sini!","Selasa, 08 Sep 2026 21:39 WIB","Bisnis yang beroperasi lintas negara punya satu tantangan yang sering diremehkan, kepatuhan pajak internasional. Berbeda dari pajak domestik biasa, aspek ini melibatkan perjanjian pajak berganda, transfer pricing, hingga aturan pemajakan penghasilan luar negeri yang jarang dikuasai staf pajak level dasar.
Akibatnya, banyak perusahaan multinasional kesulitan mencari tenaga yang benar-benar paham perpajakan lintas batas negara. Staf yang hanya menguasai Brevet A dan B belum tentu siap menangani kasus pajak internasional yang jauh lebih kompleks.
Kebutuhan ini yang menjadi dasar program Pelatihan Brevet Pajak C + Sertifikasi CPTT dari Piranha Smart Center bersama Education Visionary Lab.
Berbeda dari Brevet A dan B yang membahas perpajakan domestik, tingkat C ini khusus mendalami kebijakan perpajakan multinasional, mulai dari pajak internasional, pajak berganda, kredit pajak luar negeri, sampai transfer pricing.
Batch ke-26 ini digelar online melalui Zoom, dimulai Senin, 14 September 2026 hingga Selasa, 29 September 2026, dengan jadwal setiap Senin dan Selasa pukul 18.30 sampai 20.30 WIB. Total enam kali pertemuan ditambah satu ujian teori pilihan ganda melengkapi rangkaian pelatihan ini.
Peserta yang lulus berhak mendapat sertifikat pelatihan Brevet C, dan bagi yang mengambil paket sertifikasi, juga memperoleh gelar non akademik Certified Professional 
Tax Technician (CPTT) yang diterbitkan Asosiasi Teknisi Perpajakan Indonesia dengan izin resmi Kemenkumham. Peserta juga mendapat akses e-modul, video recording pembelajaran, latihan soal persiapan ujian, serta konsultasi selama dan pasca pelatihan berlangsung.
Program ini cocok untuk lulusan Brevet A dan B, staf administrasi keuangan, tax konsultan, hingga pelaku usaha yang menangani ekspor impor di perusahaan multinasional.
Pendaftaran sudah dibuka, daftarkan dirimu sekarang melalui detikevent!
(hns/hns)",79,1884
https://finance.detik.com/berita-ekonomi-bisnis/d-8654488/purbaya-terjunkan-anak-buah-awasi-ketat-dapur-mbg,finance,Purbaya Terjunkan Anak Buah Awasi Ketat Dapur MBG,"Selasa, 08 Sep 2026 21:18 WIB","Menteri Keuangan Purbaya Yudhi Sadewa buka suara soal Satuan Pelayanan Pemenuhan Gizi (SPPG) atau dapur program Makan Bergizi Gratis (MBG).
Purbaya mengaku telah mengerahkan tim dari Direktorat Jenderal Perbendaharaan Kementerian Keuangan memonitor dapur MBG seluruh Indonesia.
Langkah ini diambil dalam rangka mengawasi penggunaan anggaran pada setiap dapur MBG. Jika ada dapur yang terbukti menyalahgunakan anggaran, maka langsung dilaporkan ke Badan Gizi Nasional (BGN).
Purbaya menegaskan, apabila setelah dilaporkan ke BGN tetap tidak ada perubahan, maka anggaran akan dikurangi.
""Jadi saya kerahkan orang Dirjen Perbendaharaan di seluruh Indonesia untuk memonitor secara berkala SPPG-SPPG yang ada di setiap daerah Indonesia. Itu akan menjadi penambahan tentang pelaksanaan program itu, nanti kalau ada yang ngaco-ngaco kita kasih masukkan ke BGN bahwa di satu tempat SPPG tertentu melakukan kesalahan dan kalau nggak didengar kita kurangin anggarannya,"" jelas Purbaya di kawasan Sunter, Jakarta Utara, Selasa (8/9/2026).
Purbaya menambahkan, di sisi lain, BGN telah melakukan efisiensi anggaran menjadi Rp 240 triliun dari Rp 330 triliun. Anggaran program MBG juga masih berpeluang dipangkas kembali.
Tahun ini, menurut perkiraan Purbaya dari total anggaran BGN yang telah dipangkas, hanya terpakai di bawah Rp 200 triliun.
""Jadi kepala BKN yang baru orangnya cukup bagus ya, bagus malah. Itu sudah melakukan efisiensi Implementasi program itu, sudah ada penghematan yang besar. Tahun ini kan tadinya anggarannya Rp 330 triliun, turun ke Rp 270 triliun, Rp 240 triliun. Saya pikir tahun ini implementasinya akan di bawah itu, di bawah Rp 200 triliun mungkin dugaan saya,"" jelas Purbaya.
(hns/hns)",49,1703
https://20.detik.com/detikupdate/20260908-260908069/video-bps-tegaskan-desil-tak-hanya-berdasarkan-variabel-tunggal,finance,Video: BPS Tegaskan Desil Tak Hanya Berdasarkan Variabel Tunggal,,"Scroll atau gunakan tombol
                                        []
                                        []
                                        serta klik panah di sisi kanan
                                        untuk menjelajahi feed video.
                                    
Deputi Bidang Statistik Sosial BPS, Dr. M. Nashrul Wajdi, membantah kabar bahwa pengeluaran Rp 3 juta menjadi patokan untuk masuk desil 10. Ia menegaskan penentuan desil tidak hanya berdasarkan pengeluaran atau pendapatan, tetapi menggunakan 39 variabel yang bersifat multidimensi.",64,572
https://finance.detik.com/berita-ekonomi-bisnis/d-8654444/pemda-bisa-pinjam-ke-smi-bayarnya-pakai-dbh,finance,"Pemda Bisa Pinjam ke SMI, Bayarnya Pakai DBH","Selasa, 08 Sep 2026 20:39 WIB","Menteri Keuangan Purbaya Yudhi Sadewa, menyiapkan kebijakan baru untuk memenuhi kebutuhan anggaran pembangunan pemerintah daerah (Pemda). Kebijakan baru ini nantinya akan melibatkan PT Sarana Multi Infrastruktur (Persero) atau SMI.
SMI merupakan special mission vehicle (SMV) kementerian keuangan. Purbaya mengatakan, kebutuhan anggaran pembangunan Pemda bisa diajukan melalui pinjaman ke SMI.
Selanjutnya pemda bisa memenuhi kewajiban pinjaman tersebut melalui dana bagi hasil (DBH). DBH merupakan bagian dana transfer ke daerah (TKD) yang disalurkan pemerintah pusat.
""Kalau emang daerahnya betul-betul perlu bikin infrastruktur, ya pinjaman ke PT SMI, nanti dibayar pakai sebagian DBH itu,"" ungkap Purbaya kepada wartawan di kawasan Sunter, Jakarta Utara, Selasa (8/9/2026).
Namun begitu, Purbaya mengatakan ada program infrastruktur yang tidak dijalankan sejumlah pemda salah satunya pembangunan jembatan. Hal ini juga yang mendorong pemerintah pusat untuk membentuk program 1.000 jembatan.
""Misalnya jembatan yang enggak ada, segala macam. Makanya dibuat program 1.000 jembatan, program pembangunan jembatan darurat itu, yang dibangun oleh tentara,"" jelasnya.
Purbaya menambahkan, kebijakan tersebut sudah masuk dalam tahap sosialisasi. Ia menekankan, skema pendanaan ini dibentuk untuk memastikan anggaran daerah betul-betul dimanfaatkan.
""Jadi nanti barangnya betul-betul jadi barang,"" pungkasnya.
(ahi/hns)",44,1414
https://finance.detik.com/moneter/d-8654414/purbaya-sebut-bank-ri-siap-pungut-pajak-transaksi-digital-luar-negeri,finance,Purbaya Sebut Bank RI Siap Pungut Pajak Transaksi Digital Luar Negeri,"Selasa, 08 Sep 2026 20:05 WIB","Perbankan nasional siap memungut pajak atas transaksi digital luar negeri. Hal tersebut dipastikan setelah melakukan berbagai tes terhadap puluhan perbankan domestik.
Menteri Keuangan (Menkeu) Purbaya Yudhi Sadewa, mengatakan implementasi kebijakan ini akan dimulai oleh Himpunan Bank Milik Negara (Himbara). Kebijakan ini rencananya akan diimplementasikan pada 10 September 2026.
""Sudah siap semua, peserta sudah dites, kita sudah tes berapa puluh bank-bank. Himbara akan segera mulai jalan. Nanti akan kita implementasi ke bank-bank lain secara bertahap,"" ujar Purbaya kepada wartawan di kawasan Sunter, Jakarta Utara, Selasa (8/9/2026).
Purbaya mengatakan, ada empat bank plat merah yang siap mengimplementasikan kebijakan tersebut. Meski begitu, ia mengaku belum melihat berapa besar potensi dari pemungutan pajak tersebut.
""Saya belum bisa hitung, karena itu akan ditarik dari yang sebelumnya belum kita tarik. Jadi saya gak tau potensinya. Kalau janji vendornya sih gede, cuman saya sangsi Itu akan terbukti dalam waktu dekat. Jadi saya harus hati-hati untuk prediksi potensi dari situ,"" pungkasnya.
Sebagai informasi, kebijakan ini masuk dalam Sistem Pemungutan Pajak atas Transaksi Digital Luar Negeri (SPP-TDLN) yang rencananya diterapkan pada 10 September 2026. Dalam hal ini, pemerintah menunjuk PT Jalin Pembayaran Nusantara (Jalin) penyelenggara SPP-TDLN berdasarkan Peraturan Presiden Nomor 68 Tahun 2025.
(ahi/hns)",69,1429
https://20.detik.com/detikupdate/20260908-260908066/video-45-juta-keluarga-ajukan-diri-untuk-dapat-bansos-pada-2026,finance,"Video: 4,5 Juta Keluarga Ajukan Diri untuk Dapat Bansos pada 2026",,"Scroll atau gunakan tombol
                                        []
                                        []
                                        serta klik panah di sisi kanan
                                        untuk menjelajahi feed video.
                                    
Menteri Sosial RI, Saifullah Yusuf, memastikan penyaluran bantuan sosial mengacu pada data termutakhir di awal bulan penyaluran agar setiap rupiah yang disalurkan dapat dipertanggungjawabkan.
Mensos juga membeberkan data usulan dan sanggahan masyarakat terkait bansos. Pada 2025, tercatat lebih dari 6,3 juta keluarga mengajukan usulan bansos dan 57 ribu keluarga mengajukan sanggahan. Sementara pada 2026, tercatat lebih dari 4,5 juta usulan dan 24 ribu sanggahan.",65,756
https://finance.detik.com/berita-ekonomi-bisnis/d-8654391/7-rekomendasi-jasa-forwarder-import-barang-dari-china-ke-indonesia,finance,7 Rekomendasi Jasa Forwarder Import Barang dari China ke Indonesia,"Selasa, 08 Sep 2026 19:40 WIB","Mengimpor barang dari China ke Indonesia semakin banyak dilakukan oleh pelaku usaha, mulai dari reseller dan UMKM hingga perusahaan dengan kebutuhan kargo dalam jumlah besar. Dalam proses import China ke Indonesia, jasa forwarder berperan membantu pengiriman barang dari supplier di China hingga proses customs clearance dan pengantaran di Indonesia.
Saat ini tersedia berbagai jasa import China dengan karakteristik layanan yang berbeda. Ada yang lebih cocok untuk pembelian kecil dari marketplace seperti Taobao dan 1688, sementara lainnya memiliki kapasitas untuk menangani pengiriman dalam jumlah besar menggunakan kontainer.
Berikut 7 jasa forwarder China Indonesia yang dapat dipertimbangkan berdasarkan karakteristik layanan masing-masing.
1. Natindo Cargo
Natindo Cargo menjadi salah satu pilihan forwarder China Indonesia yang melayani berbagai skala kebutuhan import. Salah satu indikator yang dapat diperhatikan calon pelanggan adalah jumlah ulasan di Google Maps yang telah mencapai 500+ ulasan, dengan rating sekitar 4,5 bintang.
Banyaknya ulasan dapat menjadi referensi tambahan untuk melihat pengalaman pelanggan yang telah menggunakan layanan Natindo.
Dengan pengalaman lebih dari 10 tahun di bidang forwarding dan import, Natindo menangani kebutuhan mulai dari import dalam jumlah kecil hingga pengiriman kargo besar. Untuk kebutuhan perusahaan dengan volume tinggi, tersedia layanan full container (FCL) mulai dari 20 feet hingga 40 feet.
Di sisi lain, importir dengan volume lebih kecil juga dapat menggunakan layanan LCL dan Air Cargo. Natindo turut membantu pembelian barang dari marketplace China seperti Taobao, 1688, Alibaba, AliExpress, dan JD.COM, sehingga layanannya dapat digunakan baik oleh reseller dan UMKM maupun perusahaan yang melakukan import dalam skala besar.
Dengan pilihan kapasitas tersebut, Natindo dapat menjadi salah satu alternatif bagi calon importir yang membutuhkan jasa import China untuk berbagai skala pengiriman.
2. Fastindo Cargo
Fastindo Cargo menyediakan layanan forwarder China Indonesia dengan pilihan Sea LCL, Sea FCL, dan Air Cargo.
Salah satu karakteristiknya adalah keberadaan warehouse di beberapa lokasi di China, termasuk Guangzhou dan Yiwu. Fasilitas tersebut dapat membantu importir yang memiliki supplier dari lokasi berbeda dan membutuhkan proses penerimaan serta konsolidasi barang sebelum dikirim ke Indonesia.
Fastindo dapat menjadi alternatif bagi bisnis yang membutuhkan fleksibilitas dalam memilih metode pengiriman untuk proses import barang dari China ke Indonesia.
3. Ducking
Ducking lebih menonjol pada kemudahan proses pembelian barang dari marketplace China. Platform ini mendukung pembelian dari sejumlah marketplace seperti Taobao, 1688, Tmall, dan Alibaba.
Pendekatan tersebut membuat Ducking lebih relevan bagi importir kecil, reseller, dan online seller yang ingin melakukan pembelian dari China tanpa harus mengurus seluruh prosesnya sendiri.
Untuk kebutuhan import dengan volume kecil, kemudahan proses pembelian sekaligus pengiriman dapat menjadi salah satu pertimbangan utama.
4. Wilopo Cargo
Wilopo Cargo menawarkan layanan import dari China ke Indonesia dengan pilihan LCL dan FCL. Dengan pilihan tersebut, Wilopo dapat digunakan untuk kebutuhan pengiriman dengan volume yang berbeda.
Ketersediaan FCL juga membuatnya relevan bagi bisnis yang mulai membutuhkan pengiriman dalam jumlah lebih besar dan tidak lagi hanya mengandalkan pengiriman konsolidasi.
5. Xing Lie Cargo
Xing Lie Cargo menyediakan layanan import barang dari China ke Indonesia melalui jalur laut maupun udara.
Layanannya juga mencakup kebutuhan import dari marketplace seperti Alibaba, AliExpress, 1688, dan Taobao. Pilihan jalur pengiriman tersebut memberikan fleksibilitas bagi importir untuk menyesuaikan pengiriman berdasarkan volume dan kebutuhan waktu.
6. CargoPro
CargoPro merupakan pemain yang relatif baru di bidang jasa import China, dengan fokus pada layanan door-to-door dan konsep All-In.
Tersedia pilihan LCL dan FCL, serta layanan pendukung seperti supplier sourcing. Bagi importir yang mencari alternatif baru dengan pendekatan pelayanan yang modern, CargoPro dapat menjadi salah satu pilihan untuk dibandingkan.
7. Trans Express
Trans Express merupakan salah satu alternatif yang relatif baru untuk kebutuhan pengiriman dan import China ke Indonesia.
Selain pilihan layanan pengiriman, customer service dan komunikasi selama proses import juga menjadi hal yang dapat dipertimbangkan. Trans Express dapat menjadi alternatif bagi importir yang ingin membandingkan pemain baru di industri forwarding.
Memilih Jasa Import China Sesuai Kebutuhan
Tidak ada satu jasa forwarder China Indonesia yang paling sesuai untuk semua kebutuhan. Importir yang membeli beberapa barang dari Taobao atau 1688 tentu memiliki kebutuhan berbeda dengan perusahaan yang mendatangkan satu atau beberapa kontainer setiap bulan.
Sebelum memilih forwarder, perhatikan beberapa faktor seperti minimum volume, pilihan LCL atau FCL, jalur pengiriman, customs clearance, pengalaman perusahaan, review pelanggan, serta cakupan layanan dari China hingga Indonesia.
Dengan memahami kebutuhan terlebih dahulu, importir dapat memilih jasa import China yang tidak hanya menawarkan harga kompetitif, tetapi juga sesuai dengan skala dan pola import masing-masing.
Dengan memahami kebutuhan terlebih dahulu, importir dapat memilih jasa import China yang tidak hanya menawarkan harga kompetitif, tetapi juga sesuai dengan skala dan pola import masing-masing. Bagi Anda yang baru menyusun strategi pengadaan barang lintas negara dan memerlukan referensi prosedural lebih lanjut, Anda dapat mempelajari panduan komprehensif mengenai cara import barang dari china.
(prf/ega)",66,5704
https://finance.detik.com/moneter/d-8654381/ungkap-pemda-punya-rp-100-triliun-nganggur-purbaya-ingatkan-tak-perlu-minjam,finance,"Ungkap Pemda Punya Rp 100 Triliun Nganggur, Purbaya Ingatkan Tak Perlu Minjam","Selasa, 08 Sep 2026 19:32 WIB","Menteri Keuangan (Menkeu) Purbaya Yudhi Sadewa menilai pemerintah daerah (pemda) belum perlu mencari sumber pembiayaan lain lewat penerbitan obligasi.
Pasalnya, pemda masih memiliki cukup anggaran untuk membiayai berbagai program pembangunan. Pemda memiliki anggaran berlebih atau excess liquidity sebesar Rp 100 triliun.
Menurut Purbaya, anggaran tersebut kerap kali tidak digunakan hingga tenggat waktu penggunaan setiap 31 Desember.
""Setiap tahun tuh daerah ada Rp 100 triliun uang yang enggak kepake, di bulan Desember. Semua ada excess liquidity, excess fund di perbankan Rp 100 triliun,"" ungkap Purbaya kepada wartawan di kawasan Sunter, Jakarta Utara, Selasa (8/9/2026).
Menurutnya, Pemda lebih baik menggunakan dana tersebut untuk mendanai program dan pembangunan ketimbang menerbitkan surat utang daerah. Meski begitu, Purbaya tidak melarang Pemda untuk menerbitkan obligasi jika diperlukan.
""Tapi basically gitu, hitungan saya sih kalau uangnya banyak, ngapain pinjam. Tapi kalau butuh ya enggak apa-apa pinjam saja,"" jelasnya.
Purbaya juga mengingatkan, pengelolaan dana obligasi harus dilakukan secara tepat guna. Pengelolaan risiko ini penting untuk menghindari fraud sebagaimana terjadi pada sejumlah Pemda di Brazil.
""Kalau kita lihat pelajaran di negara Amerika Latin, Brasil kayaknya deh, itu sama. Dulu pernah regionalnya boleh, daerah-daerahnya boleh, provinsi boleh, nerbitin surat utang, dinggapnya tak bisa sama pusat, tapi ketika dia fraud ramai-ramai, yang ditunjuk pusat juga,"" terang Purbaya.
Diberitakan sebelumnya, Purbaya sempat merespons rencana Gubernur DKI Jakarta Pramono Anung yang hendak menerbitkan obligasi daerah. Menurutnya, kondisi keuangan Jakarta sudah mencukupi sehingga tidak perlu mengambil langkah tersebut.
Kendati begitu, Purbaya tetap mempersilakan Pemprov DKI Jakarta apabila memang instrumen itu dirasa mendesak. Namun ketika disinggung permintaan Pramono agar Dana Bagi Hasil (DBH) dicairkan jika penerbitan obligasi tidak diperbolehkan, Purbaya justru mempertanyakan posisi tawar tersebut.
Ia menegaskan penahanan penyaluran DBH untuk wilayah DKI Jakarta telah sesuai dengan aturan perundang-undangan yang berlaku.
""Emang dia bisa neken ya? Ya nggak tahu, kita lihat nanti ke depan. (DBH ditahan) kan disesuaikan dengan kondisi keuangan pemerintah kan DBH itu di undang-undang APBN seperti itu,"" ujar Purbaya di Gedung DPR RI, Jakarta Pusat, Senin (7/9/2026).
(ahi/hns)",77,2422
https://finance.detik.com/berita-ekonomi-bisnis/d-8654336/graha-merah-putih-akan-disewa-bgn-bos-telkom-hadirkan-peluang-bisnis-baru,finance,"Graha Merah Putih Akan Disewa BGN, Bos Telkom: Hadirkan Peluang Bisnis Baru","Selasa, 08 Sep 2026 19:20 WIB","PT Telkom Indonesia (Persero) Tbk (Telkom) menyambut positif rencana pemanfaatan Gedung Graha Merah Putih (GMP) oleh Badan Gizi Nasional (BGN) secara skema Business to Business (B2B). Langkah penyewaan ini menjadi bagian dari strategi leveraging asset perusahaan untuk mengoptimalkan aset properti sekaligus membuka peluang pendapatan baru dari konektivitas digital.
Direktur Utama Telkom, Dian Siswarini menyampaikan bahwa skema bisnis ini dijalankan secara proporsional dengan tetap mengedepankan tata kelola perusahaan yang baik (Good Corporate Governance).
""Bagi TelkomGroup, rencana penyewaan gedung GMP oleh BGN merupakan bentuk leveraging asset yang dapat menghadirkan peluang bisnis baru, termasuk melalui penyediaan layanan konektivitas dan solusi digital unggul dari yang kami miliki,"" ujar Dian dalam keterangannya, Selasa (8/9/2026).
Optimalisasi GMP ini juga dimanfaatkan Telkom untuk menata ulang klasterisasi ruang kerja internal yang sebelumnya masih tersebar di beberapa lokasi di Jakarta. Penataan ini ditujukan agar kolaborasi antar unit kerja menjadi lebih terintegrasi.
""Saat ini, sejumlah unit masih yang berkaitan tersebar di berbagai lokasi kerja di Jakarta. Melalui penataan ini, kami ingin menciptakan lingkungan kerja yang lebih terintegrasi sesuai stream masing-masing unit. Harapannya, ini dapat membuat kolaborasi menjadi lebih mudah, proses kerja semakin efektif, dan produktivitas karyawan semakin meningkat,"" jelas Dian.
Proses transisi penempatan ruang kerja BGN di GMP akan dilakukan secara bertahap setelah seluruh pembahasan negosiasi rampung. Telkom memastikan keamanan, keselamatan, serta kenyamanan operasional karyawan tetap menjadi prioritas utama.
""Berdasarkan hasil survei dan diskusi bersama Telkom, BGN menyampaikan rencana pemanfaatan GMP untuk ruang kerja serta beberapa fasilitas workstation standar. Pemanfaatan tersebut akan dilakukan setelah proses penataan unit-unit di Telkom dan pemindahan peralatan kerja existing ke lokasi yang telah disepakati bersama,"" lanjut Dian.
Bersamaan dengan langkah tersebut, Telkom melanjutkan peremajaan Telkom Integrated Operation Center (TIOC) menggunakan teknologi kecerdasan buatan (AI) dan otomasi. Penataan ruang kerja ini diharapkan mempercepat koordinasi operasional perusahaan secara keseluruhan.
""Penataan ini diarahkan pada pengelompokan unit berdasarkan karakteristik bisnis, sehingga setiap unit dapat menempati lokasi yang lebih terintegrasi. Dengan demikian, koordinasi dan kolaborasi dapat berlangsung lebih cepat, efektif, dan pada akhirnya meningkatkan produktivitas,"" pungkasnya.
(prf/ega)",75,2594
https://finance.detik.com/moneter/d-8654356/penerima-bansos-bakal-dibuatkan-rekening-bank,finance,Penerima Bansos Bakal Dibuatkan Rekening Bank,"Selasa, 08 Sep 2026 19:08 WIB","Presiden Prabowo Subianto meminta masyarakat untuk memiliki rekening di PT Bank Rakyat Indonesia (Persero) Tbk (BRI) dan PT Bank Syariah Indonesia (Persero) Tbk (BSI). Rekening bank tersebut akan digunakan untuk penyaluran bantuan sosial (bansos) pemerintah.
Menteri Keuangan Purbaya Yudhi Sadewa menjelaskan rekening tersebut nantinya akan diberikan kepada masyarakat di atas usia 18 tahun yang belum memiliki rekening bank. Pembukaan rekening ini dilakukan agar penyaluran bansos bisa cepat dan tepat.
""Itu supaya nanti setiap bantuan itu betul-betul cepat dan tepat sasaran. Bansos dan lain-lain. Itu rencana Pak Presiden seperti itu kelihatannya,"" ujar Purbaya kepada wartawan di kawasan Sunter, Jakarta Utara, Selasa (8/9/2026).
Purbaya menjelaskan, proses pembukaan rekening nantinya akan melibatkan data dari Direktorat Jenderal Kependudukan dan Pencatatan Sipil (Dukcapil), Bank Indonesia (BI), dan Lembaga Penjamin Simpanan (LPS).
""Ada juga kemungkinan, ini sudah selesai sih diskusi kita? Dalam diskusi ya, ada kemungkinan juga nanti setiap orang yang bikin KTP langsung otomatis dibuatkan rekeningnya,"" terangnya.
Sebagai informasi, Menteri Koordinator Perekonomian Airlangga Hartarto usai mengikuti rapat terbatas bersama Prabowo. Pemerintah sebelumnya membahas kepemilikan rekening masyarakat Indonesia serta tingkat inklusi dan literasi keuangan nasional.
Untuk mendorong hal tersebut, Prabowo meminta BRI dan BSI mempersiapkan rekening bagi masyarakat. Rekening yang dipersiapkan tersebut juga akan dimanfaatkan untuk menyalurkan berbagai program pemerintah kepada masyarakat.
Namun, Airlangga belum merinci program apa saja yang nantinya akan disalurkan melalui rekening tersebut.
""Tadi Bapak Presiden meminta agar penduduk Indonesia itu mempunyai rekening koran. Jadi tentu diminta untuk BRI dan juga Bank Syariah Indonesia itu mempersiapkan rekening untuk masyarakat,"" kata Airlangga di Kompleks Istana Kepresidenan, Jakarta, Senin (7/9/2026).
(ahi/hns)",45,1971
https://finance.detik.com/berita-ekonomi-bisnis/d-8654315/telkomproperty-ungkap-pemanfaatan-graha-merah-putih-oleh-bgn-masih-negosiasi,finance,TelkomProperty Ungkap Pemanfaatan Graha Merah Putih oleh BGN Masih Negosiasi,"Selasa, 08 Sep 2026 18:50 WIB","PT Graha Sarana Duta (TelkomProperty), sebagai pengelola aset Telkom, terus mendukung langkah transformasi TelkomGroup dalam melakukan optimalisasi dan leveraging asset. Langkah ini bertujuan meningkatkan produktivitas, menciptakan efisiensi operasional, serta kontribusi yang lebih optimal dari setiap anak perusahaan.
Direktur Utama TelkomProperty, Didit Sulistyo mengatakan saat ini TelkomProperty tengah melakukan leveraging terhadap 3.010 aset yang dikelola di berbagai lokasi, dengan sekitar 50% telah berhasil dioptimalisasi.
Dalam pelaksanaannya, TelkomProperty terbuka terhadap peluang pemanfaatan aset oleh berbagai pihak, termasuk calon mitra eksternal, melalui mekanisme bisnis yang wajar dan proporsional secara Business to Business (B2B), dengan tetap mengedepankan prinsip tata kelola dan peraturan yang berlaku.
Sejalan dengan langkah tersebut, PT Telkom Landmark Tower (TLT), anak usaha TelkomProperty selaku pengelola Gedung Graha Merah Putih (GMP), terus mendorong leveraging asset. Upaya ini dilakukan dengan membuka peluang untuk para mitra eksternal yang akan menyewa aset gedung yang dimiliki TelkomGroup.
Direktur Utama TLT, Suratman mengatakan sebagai salah satu entitas pengelola aset properti di lingkungan TelkomGroup, optimalisasi aset merupakan bagian dari langkah leveraging asset yang sudah berjalan dalam proses bisnis perusahaannya.
""Tentunya, kami akan selalu berupaya memastikan produktivitas aset untuk dapat melayani kebutuhan TelkomGroup maupun mitra dan tenan eksternal lainnya dengan maksimal,"" ujarnya.
""Rencana pemanfaatan dan penyewaan ruang di Graha Merah Putih oleh Badan Gizi Nasional (BGN) saat ini masih dalam proses negosiasi dan pembahasan lebih lanjut serta dikoordinasikan dengan pihak terkait. Kami berkomitmen menjaga kepastian dan keberlangsungan operasional para tenant yang berada di gedung tersebut. Setiap proses juga akan dilakukan secara tertib dan terukur,"" pungkas Suratman.
(prf/ega)",76,1948
https://finance.detik.com/berita-ekonomi-bisnis/d-8654240/harga-masker-mahal-imbas-abu-anak-krakatau-pengawasan-mesti-diperketat,finance,"Harga Masker Mahal Imbas Abu Anak Krakatau, Pengawasan Mesti Diperketat","Selasa, 08 Sep 2026 17:58 WIB","Ketua Badan Perlindungan Konsumen Nasional (BPKN) Muhammad Mufti Mubarok menyebut masyarakat ramai-ramai berburu masker imbas sebaran abu vulkanik Gunung Anak Krakatau. Menurutnya, fenomena panic buying ini juga terjadi di perdagangan elektronik alias e-commerce.
Mufti mengatakan lonjakan permintaan ini membuat para penjual masker yang menaikkan harga di tengah fenomena panic buying.
""Ya, secara online sudah ada sih panic buying kan gitu, artinya mereka-mereka yang kemudian memanfaatkan situasi menjual barang pada saat-saat seperti ini,"" ujar Mufti saat ditemui di Gedung DPR RI, Jakarta, Selasa (8/9/2026).
Menurutnya, lonjakan harga akibat kepanikan konsumen biasanya hanya berlangsung singkat, yakni sekitar satu hingga tiga hari sebelum akhirnya berangsur normal. Kendati begitu, Mufti menegaskan pemerintah harus mengambil tindak tegas agar memperketat pengawasan logistik.
""Memang itu pemerintah harus tegas nanti bagaimana kita kemudian melakukan cek-cek di logistik, di gudang-gudang dan di penjualan karena memang biasanya cuma satu-dua hari, tiga hari, tapi karena mungkin hari keempat, hari kelima sudah normal karena panic buying,"" beber ia.
Sebelumnya, sebaran abu vulkanik erupsi Gunung Anak Krakatau hingga ke wilayah Jakarta menjadi berkah tersendiri bagi para pedagang Pasar Pramuka. Stok masker yang sebelumnya lama tersimpan kini ludes diburu pembeli yang datang ke sentra produk medis di Jakarta Timur itu.
Masalahnya, menipisnya stok masker di tengah lonjakan permintaan yang mendadak membuat harga produk di pasar mengalami peningkatan. Alhasil pedagang terpaksa menyesuaikan harga jual eceran mengikuti kenaikan harga modal dari distributor yang stok masker dagangannya juga mulai habis.
""Semuanya naik, semua masker medis naik. Kenaikannya lumayan, beda Rp 10.000 satu kotak. Yang biasa distributor jual Rp 25.000, sekarang sudah di atas Rp 50.000. Itu kenaikan dari modal doang ya, itu belum harga jual,"" kata salah seorang pedagang di Pasar Pramuka, Yana, kepada detikcom, Selasa (8/9/2026).
Menurut Yana kenaikan harga produk, termasuk masker, memang lumrah terjadi jika permintaan mendadak naik seperti sekarang ini. Sebab ketersediaan stok jadi habis mendadak.
(acd/acd)",71,2205
https://finance.detik.com/energi/d-8654238/pertamina-waspada-solar-subsidi-bocor-selisih-harga-tembus-rp-18-200,finance,"Pertamina Waspada Solar Subsidi 'Bocor', Selisih Harga Tembus Rp 18.200","Selasa, 08 Sep 2026 17:53 WIB","PT Pertamina Patra Niaga mewaspadai adanya potensi penyelewengan bahan bakar minyak (BBM) subsidi jenis solar. Hal ini seiring besarnya perbedaan harga antara Solar subsidi dan BBM nonsubsidi.
Adapun harga Solar subsidi saat ini dipatok Rp 6.800 per liter. Sementara itu, harga BBM jenis Dex di SPBU mencapai sekitar Rp 25.000 per liter.
Direktur Utama PT Pertamina Patra Niaga Mars Ega Legowo Putra mengatakan dengan besarnya harga tersebut berpotensi dimanfaatkan oleh oknum-oknum yang ingin mencari keuntungan.
""Nah, ini juga menjadi faktor yang harus kita antisipasi untuk oknum-oknum mungkin yang ingin mencari kesempatan dalam kesempatan ini,"" ujar Ega dalam RDP dengan Komisi XII DPR, Selasa (8/9/2026).
Meski demikian, Pertamina Patra Niaga berkomitmen akan berusaha untuk memperkuat distribusi BBM subsidi agar penyalurannya tepat sasaran dan hak masyarakat yang berhak menerima subsidi tetap terjaga.
""Kami akan berusaha untuk memberikan distribusi yang terbaik agar hak-hak masyarakat yang memang berhak mendapatkan subsidi ini bisa mendapatkan dan tetap terjaga sehingga pasokan BBM bisa berjalan dengan lancar,"" ujarnya.
Dalam hal pengawasan tersebut, Pertamina Patra Niaga tengah berkoordinasi dengan Bareskrim Mabes Polri untuk membentuk kerja sama pengawasan dalam pelaksanaan di lapangan. Termasuk untuk mengawasi agar solar subsidi tersebut tidak dimanfaatkan oleh industri.
""Karena kami memahami kawan-kawan tim kami juga di lapangan perlu dukungan penguatan dari pusat. Dan pembahasan awal dengan Bareskrim sudah kami lakukan kemarin dan mungkin dalam waktu dekat ini mudah-mudahan perjanjian kerja sama dengan Bareskrim bisa segera terwujud,"" katanya.
(hrp/fdl)",71,1682
https://finance.detik.com/berita-ekonomi-bisnis/d-8654233/tiktok-tokopedia-buka-suara-soal-kabar-blokir-tahan-saldo-seller,finance,TikTok & Tokopedia Buka Suara soal Kabar Blokir-Tahan Saldo Seller,"Selasa, 08 Sep 2026 17:43 WIB","Tokopedia dan TikTok Shop buka suara terkait laporan dari pelaku usaha mikro kecil dan menengah (UMKM) mengenai dugaan pemblokiran akun sepihak dan penahanan saldo. Laporan tersebut disampaikan para UMKM ke Komisi VII DPR RI.
Executive Director of Tokopedia dan TikTok E-commerce Indonesia, Stephanie Susilo mengatakan penangguhan yang dilakukan bersifat sementara. Ia menekankan penjual (seller) dan pembeli merupakan mitra penting bagi platform e-commerce. Keluhan yang disampaikan oleh mereka ditanggapi serius dan ditindak secara menyeluruh.
""Jadi sebetulnya penangguhan dana itu bersifat sementara dan ini kami lakukan untuk melindungi penjual maupun pembeli,"" ujar Stephanie usai rapat dengar pendapat umum bersama Komisi VII DPR RI, Jakarta Pusat, Selasa (8/9/2026).
Ia menjelaskan alasan pihaknya melakukan hal tersebut demi melindungi penjual dan pembeli. Tak hanya itu, ekosistem Tokopedia dan TikTok Shop juga menjadi platform yang aman bagi penjual dan pembeli.
Pihaknya juga sudah menelusuri kepada 217 seller. Dana total penahanan saldo sebesar Rp 24 miliar, bukan Rp 3 triliun seperti yang dilaporkan.
""Jadi berdasarkan data yang kami punya, terkait 217 seller yang sudah kami telusuri, dana total itu adalah Rp 24 miliar, di mana untuk sebesar Rp 16,7 miliar memang terdapat kasus fraud. Jadi sangat jauh dibandingkan angka yang beredar sebelumnya,"" beber ia.
Stephanie menjelaskan penangguhan dana dilakukan hanya saat investigasi berlangsung. Apabila hasil investigasi tersebut seller tidak melakukan fraud, ia memastikan dana tersebut akan dirilis oleh platform.
""Untuk jangka waktu investigasi sesuai service level agreement adalah 90 hari plus 90 hari, di mana yang penting untuk juga diketahui oleh teman-teman media adalah kami juga memberikan kesempatan bagi seller untuk mengajukan banding, dan pastinya akan kami telusuri dan tindak lanjuti secara serius,"" tambahnya ia.
Melansir dari unggahan di akun Instagram @dpr_ri, Komisi VII DPR RI menerima pengaduan dari pelaku Usaha Mikro, Kecil, dan Menengah (UMKM) terkait dugaan pembekuan akun secara sepihak oleh sejumlah platform media sosial dan e-commerce. Aduan tersebut datang dari Peradi DPC Bekasi Raya dan Gerakan Ekonomi Kreatif Nasional (Gekrafs) DPC Kota Bekasi.
Berdasarkan laporan yang disampaikan perwakilan UMKM dalam audiensi, estimasi total saldo yang tertahan diproyeksikan mencapai Rp 3 triliun dari sekitar 500 pelaku usaha yang terdampak di seluruh Indonesia.
Menindaklanjuti aduan tersebut, Komisi VII DPR RI akan memanggil terhadap pengelola platform digital seperti TikTok, Tokopedia, dan Shopee untuk mengklarifikasi serta meminta penjelasan secara komprehensif.
DPR juga akan berkoordinasi dengan Kementerian Komunikasi dan Digital (Komdigi) serta Komisi Pengawas Persaingan Usaha (KPPU) guna mengevaluasi regulasi transaksi elektronik. Langkah ini diambil untuk memastikan adanya aturan yang jelas dan adil bagi seluruh pihak dalam ekosistem perdagangan digital.
""Kami tidak bisa hanya mendengar satu sisi. Karena sudah menerima pengaduan, tentu akan kami tindak lanjuti dengan menghadirkan pihak yang diadukan agar persoalan ini memperoleh solusi yang adil,"" ujar Wakil Ketua Komisi VII DPR Evita Nursanty.
(acd/acd)",66,3217
https://finance.detik.com/berita-ekonomi-bisnis/d-8654222/purbaya-ngaku-tak-pusingkan-anggaran-bgn-tahun-ini-tak-sampai-rp-200-t,finance,"Purbaya Ngaku Tak Pusingkan Anggaran BGN, Tahun Ini Tak Sampai Rp 200 T","Selasa, 08 Sep 2026 17:32 WIB","Menteri Keuangan (Menkeu) Purbaya Yudhi Sadewa, mengaku tak pusing mengelola anggaran untuk program Makan Bergizi Gratis (MBG). Hanya saja, ia menyebut program tersebut memiliki sejumlah konsekuensi, salah satunya terhadap neraca utang jika terjadi kebocoran anggaran.
""Saya mah nggak pusing, tinggal bayar. Cuma kan konsekuensinya ke utang segala macam, apalagi kalau ada kebocoran sana-sini,"" ungkap Purbaya kepada wartawan di kawasan Sunter, Jakarta Utara, Selasa (8/9/2026).
Meski begitu, Purbaya menilai Badan Gizi Nasional (BGN) saat ini dipimpin oleh sosok yang tepat. Pasalnya, BGN saat ini banyak melakukan efisiensi terhadap penyelenggaraan program prioritas Presiden Prabowo Subianto tersebut.
Purbaya mengatakan, BGN telah melakukan efisiensi anggaran menjadi Rp 240 triliun dari Rp 330 triliun. Ia menilai, anggaran program MBG juga masih berpeluang dipangkas untuk implementasi tahun ini.
""Jadi kepala BGN yang baru orangnya cukup bagus ya, bagus malah. Itu sudah melakukan efisiensi Implementasi program itu, sudah ada penghematan yang besar. Tahun ini kan tadinya anggarannya Rp 330 triliun, turun ke Rp 270 triliun, Rp 240 triliun. Dan saya pikir tahun ini implementasinya akan di bawah itu, di bawah Rp 200 triliun mungkin dugaan saya,"" jelasnya.
Purbaya menambahkan, implementasi MBG saat ini lebih terkendali yang diharapkan semakin baik. Ia juga mengaku akan ikut mengawasi pelaksanaan program tersebut, khususnya pada operasional Satuan Pelayanan Pemenuhan Gizi (SPPG).
""Jadi saya kerahkan orang Dirjen Perbendaharaan di seluruh Indonesia untuk memonitor secara berkala SPPG-SPPG yang ada di setiap daerah Indonesia. Itu akan menjadi penambahan tentang pelaksanaan program itu, nanti kalau ada yang ngaco-ngaco kita kasih masukkan ke BGN bahwa di satu tempat SPPG tertentu melakukan kesalahan dan kalau nggak didenger kita kurangin anggarannya,"" pungkasnya.
(acd/acd)",71,1889
