PC1,PC2,PC3,PC4,PC5,PC6,PC7,PC8,PC9,PC10,PC11,PC12,PC13,PC14,PC15,PC16,PC17,PC18,PC19,PC20,PC21,PC22,PC23,PC24,PC25,PC26,PC27,PC28,PC29,PC30,PC31,PC32,PC33,PC34,PC35,PC36,PC37,PC38,PC39,PC40,PC41,PC42,PC43,PC44,PC45,PC46,PC47,PC48,PC49,PC50,PC51,PC52,PC53,PC54,PC55,PC56,PC57,PC58,PC59,PC60,PC61,PC62,PC63,PC64,PC65,PC66,PC67,PC68,PC69,PC70,PC71,PC72,PC73,PC74,PC75,PC76,PC77,PC78,PC79,PC80,PC81,PC82,PC83,PC84,PC85,PC86,PC87,PC88,PC89,PC90,PC91,PC92,PC93,PC94,PC95,PC96,PC97,PC98,PC99,PC100,label
-0.31400860972231825,0.02056171691468308,0.4780029456790932,0.08317378601341449,0.02391955354534107,-0.22414391177819393,-0.06082076454182477,0.018924915291371674,0.039503453547421,0.004274562685788821,-0.0038404335942785832,0.018387166978704756,-0.04145205525585147,0.013902976453054347,-0.057276323573795584,-0.013828686125843067,-0.029357377147712253,-0.0020729689938118498,-0.026971760022211754,-0.023563394597858195,0.004193950202953827,-0.011241215878561965,0.04020006566883588,-0.025916502480179075,0.0036733289126889275,0.010408989838371078,-0.049506985017922535,-0.01887952083569902,-0.01986272469404326,-0.0057355547231869464,0.05826698615335187,-0.014650496349476289,0.017097974229171732,-0.11392039964369681,0.011537449410586502,0.053348272924036294,-0.012807158501933593,0.029653155576952698,-0.031437462243524485,0.01578848093554628,-0.04435212988865463,0.02140821733415088,-0.020054421871130868,0.016570712918404014,-0.02221466731033572,0.012288566407021398,-0.03225377027944665,0.01644442220201106,0.0031003145246523696,0.0015832224626503965,0.010172935118724382,-0.007304996056706998,0.001770430116345118,-0.051214867185590617,0.006328482794183259,-0.015189095508038803,0.017372860703119577,-0.008183841604826745,0.013786871482871835,-0.00751110492560982,-0.0365957788459019,0.008485735432025144,0.019037441844229928,-0.016129240705250597,0.013218402545831245,0.030761682076958518,0.004062721793893619,-0.017181788125766085,0.006628979158802443,-0.0023622244918623577,-0.010997894750645177,0.026785049998463383,0.016942475293521136,0.04362532888242052,0.04686852074622011,0.03683024319987747,-0.027287619235931312,-0.07330297089550676,-0.06330773752747837,-0.002146600170618297,0.03997633055163499,-0.0327732998014013,-0.07095566715084034,-0.09333198530624197,-0.054993380382324715,0.008791523756256626,-0.08642236618913982,-0.008199034886703625,0.03379232122650232,0.026713064190999974,0.011620380491218047,-0.00876337060081135,0.05649557044340071,0.030345828640028962,-0.030644337353717608,0.010894359390784149,0.045319153495655934,-0.03205900913520693,-0.02277576170614994,0.06245175917048595,1
-0.04275422720188217,0.17720724860086354,-0.06769345906756766,0.02442161443452475,0.13300362987115452,-0.03323941130345642,0.07707255065683763,0.0289318142448852,0.009705069965841974,-0.03517174338666333,0.03769102671520677,0.03143196427142342,-0.07541395612122397,0.008973597323205577,0.05339152257888671,-0.00334325908335817,-0.030756592233731037,-0.010100753220177365,0.07664576097170478,-0.0067490988011574375,0.12804989293881508,0.03673195991627945,0.004490689265443426,0.00048583135933135015,0.07141353367346477,0.01751409317930416,0.01839163714377952,-0.0194188421339628,-0.09284078418932905,0.017399545084118118,-0.013858756882007172,-0.02400105398548914,0.010975918659433022,-0.07244428918803478,-0.04422519305048679,0.021435717565608286,-0.06216201659786829,-0.019931598290005806,-0.006562438240911095,-0.010215736951276278,-0.03783067838773856,-0.07585117867480212,0.05199553095159367,0.0553168449865299,0.08085642134893452,0.00834197412705235,-0.05598878093341546,-0.12563600563763178,-0.17679081553356743,-0.01179696727210544,0.04553548555998192,-0.11620703093312028,0.045188387181198414,0.054509482562878527,-0.10523484017302946,0.04493165962644115,-0.07985749207973213,0.1831163779750354,-0.12154832584147982,0.0540671694430567,0.1751584791259732,0.04876607573149888,-0.011079821426088822,0.054500790211144665,-0.18532235812863584,0.171521711916516,0.034788019333694846,-0.021505522543185204,0.08091418617865535,0.02485152451681237,-0.002960787129766445,-0.08677525987128086,0.03700683795543938,-0.07395051024392744,-0.14198138878229158,0.08389739407858726,-0.008201442958667583,0.18697005834960062,-0.1561131697526197,0.11445201103126557,-0.1517927355966032,-0.056345111016340856,-0.20388311493340558,0.016521664493680255,0.00027718155013177156,-0.05614996393857505,-0.10299562694366854,0.02481055495798171,0.11556398839092732,-0.016476533709082662,0.01781470555794852,-0.054414599404781515,0.022289856643427725,0.08278136696631735,-0.042217291621264245,-0.1011142129840327,-0.1347263847617782,-0.2389460850135114,-0.061562585116051234,-0.008070129495657217,1
0.0038634116330453876,0.18468712308546073,-0.07150914480814873,0.005572531564933853,0.1084301494536217,0.02158715483212387,0.007435348103227328,0.06584079988744967,0.0412837521396746,-0.026170181816030598,0.012421922544807685,0.032401546016201675,-0.07925457755931749,-0.02643320820412956,-0.08321126447136544,0.05546815261770531,0.017427885752713007,0.17252853695120227,0.039154894640759816,0.2223377314639137,-0.05903053396879234,-0.012165413750831187,0.17541287595984192,0.11858102756576862,0.37602700160732533,0.3118136441066921,-0.07015488806765617,0.12300079550496626,0.35812578097750203,0.02950667886141703,0.0715672201009735,-0.060730928558274375,-0.1445632541103677,-0.009223142726410285,0.06351054116881581,-0.10022849623287919,-0.21040998338065472,0.0045303491311028225,-0.010284074554042764,0.0019967851260153393,-0.04239739178267837,-0.1274475883517149,-0.07004585419407658,-0.003290768079345666,0.06986798964450555,-0.010893294289884564,-0.03013688367128865,0.05954905278557047,0.07041666006442408,0.054369713957733073,-0.042549151285651274,0.03220816677469727,-0.041198570212721275,-0.017286321941076745,0.0008805581945805092,0.0140085022647855,0.07418711794800924,-0.0003416365698294902,0.0116617975772208,-0.02263487867313056,0.0028296967630209308,-0.0590135710659852,-0.04456214993463844,-0.020612049302482303,-0.02936531735686654,0.048499655091625675,0.02328824655941993,0.013510550787874795,-0.03761286438586469,0.010785193512438587,0.019256215713649816,-0.00417481499576115,-3.417268473010622e-05,0.021349437491829527,0.021573506932571644,-0.026107212406751318,-0.013647333659559148,-0.010606624235083082,0.004119594804967074,0.011336367318452127,-0.009549233807460053,-0.004187579891425033,-0.01659551743477784,-0.010450946329929179,-0.006866738968419712,0.0031578323144864245,0.050875338620427334,-0.004978440376430647,0.03429959605311278,0.002040266393380881,0.03485645443505184,0.02430755091700456,-0.009221026980154607,0.06157281773171118,0.01187172247444806,-0.02190731067692871,0.01059281938769607,0.0038738366857515166,0.003762114362563793,-0.004572559810073056,1
-0.15384073221110878,-0.023519190426031577,-0.10485346642809357,0.03158259870905957,0.0665280257582411,-0.035138293167852795,-0.0012668821108666804,-0.004553265002427672,-0.08877304450294982,-0.051308767903131554,-0.043956164469273265,-0.06561100471711878,-0.056755506641050585,-0.030729164041516217,-0.0006261113118822533,0.010396725054472589,-0.10591213204211168,0.03925190357350107,0.07686656950852978,0.03287772808313502,0.1221384147079743,0.07977344409064556,-0.09524014903601236,0.17826639308881215,0.18433288558413147,-0.06695526544301715,-0.0007623406149933573,-0.24269143277495653,0.0558637736863781,-0.17278166824595217,-0.2008173074947403,-0.020238227443047926,0.18763559343789374,0.07353456618998587,0.015174178207762649,0.07991983438615981,0.0630490564868394,-0.0435514000876849,0.020137241024033692,0.011976879327543972,0.03167811382710966,-0.0062569197390537675,-0.006726231427747959,0.042386750889019775,-0.03476063950175421,-0.0377365756088812,-0.00844389114589453,-0.033905078001091715,-0.001885206228767742,-0.06716943455175284,-0.02466360029921012,-0.03330048004801871,-0.026094508481096845,-0.05008267126259362,-0.013837406100193392,-0.027414823476741266,0.11339486713196707,-0.029205109345403022,0.03552992588400687,0.1251536636518124,-0.022118754483236885,-0.08816541485441981,0.001700759698721552,-0.06961395878770288,-0.009208407650747805,0.07684323911692957,-0.02619628332423203,0.08566101071256986,-0.04089751927862402,-0.011013860548902344,0.11047006096265391,-0.00486845977040018,-0.014026436415926364,0.05335631151575667,0.0034674420637928163,-0.07522885794916678,-0.06643566067873986,-0.042061774816735946,-0.025775954322889136,-0.07083835081715494,0.16769584319350325,0.04807966979019068,-0.042518010672082045,-0.10721801670603581,-0.006134391722819967,0.0666991700542059,-0.07048634462979896,-0.06891315043796999,-0.042049528370083536,-0.04273577365060874,-0.22228684544226024,-0.09583547284047425,-0.044260528433991066,0.016240674317311646,-0.10663935551819193,-0.024464030844922324,0.06337513866497521,-0.0315274013036418,-0.04045278503416842,0.0404317455848282,1
0.025346093321289256,0.40793298822252,-0.13831791179288686,0.1561557412285993,0.008796816981033366,0.02322858049035084,-0.04213332258831924,0.02473713930491375,0.04914110658707467,0.010951234237097518,0.06052841394574905,0.020984572054356262,-0.11536539053383944,0.03265089866988754,-0.08526922418879589,-0.050188999928186095,-0.051584337268585995,0.05474174573430513,-0.014979992967556739,0.06399613994772237,0.0739010238050274,-0.03603714425899829,0.057970090061654184,0.04943553178015961,0.04907308412769475,0.04967385160780014,-0.02073782873958346,0.12184750270016113,0.10741116638922676,-0.011360834323546268,0.0347106346922109,-0.11060871284374811,0.035104300470007455,0.03449126078149068,0.03341362664948781,0.006393928724071312,0.009608067464046181,0.05113527944722112,0.010231554330465312,-0.04751277671642457,0.06720204116017359,0.0030190541368016596,0.02870593054588199,-0.07328810678675673,-0.03209796525847657,-0.033814570947909975,0.0030176333999561364,-0.08363304245043582,0.04166190360423459,0.015543535721958171,-0.0002554520173839364,-0.08621871837593215,0.029972869918961295,0.13852952260605264,-0.05111796449508743,-0.04559848341853004,-0.0023434247393471982,-0.029107504577643578,-0.03997292151186555,-0.01609409026984065,-0.05392221666326563,0.03302210314644066,0.0032207051262236924,-0.0023775738684315524,0.026058266444104628,-0.014873264451560581,0.05588201922869603,-0.07008859183028458,0.11721331776347681,-0.08326781953204211,-0.026764737480123563,0.0007246347366858701,-0.08484420857169393,0.13029547490997503,-0.11752707922241339,0.008235220105562126,0.04004847136173484,-0.020210159489379407,-0.0486217516014984,0.042585498368392725,-0.07955854303361105,0.11584127376523068,0.01009056783105282,0.05373680956490434,-0.05542611282429391,-0.014449052965074396,-0.07694138321690436,-0.061851380325636515,-0.046286639659082626,0.06537554343638527,-0.01311805078032177,0.0435754791848891,-0.03523423829021132,-0.02301148842005254,0.1420294581017029,-0.15035096201889495,0.12055565127119167,0.11815815884212208,0.0311688778557161,-0.045623432617808865,1
-0.03644914052305935,0.4237121136311323,-0.09888930188551139,0.1134507015922416,-0.046461597178149745,0.09742990574456416,-0.05483042083886776,-0.0478691335783142,-0.019649221423676443,0.05273983456076655,0.07111948763634257,-0.09232584539018898,0.07957873089909417,0.007354712891083046,0.15222300179954604,0.032858618666062704,-0.0982914622833088,0.2921476787344788,0.09205787004280662,0.0866558918961542,0.14226497268567817,-0.009218559798493798,0.03415766830062328,-0.1685489384687438,-0.003180750956313318,0.029225571796463703,0.060739763908924535,-0.06544766681979738,-0.0667649514968713,0.010833974054526801,0.03785292453384247,-0.11392975522381638,0.08710125628430405,-0.03586136600820357,0.08086727997585147,0.008461666278333134,0.0321462128515445,-0.01095302672945947,0.013651043720447736,0.04369124486930196,0.026461077615615173,-0.021728189194557983,0.05161475431067837,-0.01949814468256435,0.028851573259599826,-0.04056850800098735,-0.03147730106441407,-0.049515761332438735,-0.03147303906017846,-0.06846891958316247,-0.03890776545247034,-0.06987065085338544,-0.027937872218986932,-0.012481751108653148,0.03969223526089137,-0.05694700506848613,-0.025405228417460367,-0.001892241467537455,0.00035172492540988526,-0.08894154596724621,0.058654666093778826,0.041213816185309914,-0.08421443256155912,-0.035571931272617784,-0.033653995787149865,0.0645212780042508,-0.01400802924515572,-0.06337322935310151,0.11201061023660802,0.0003903058759257487,-0.06754990690354568,-0.01100674157909813,-0.006028929466508419,0.09834047233410252,0.046467690847914876,-0.014629623063036933,0.024947789881983203,-0.06487794229703783,-0.04320677905691674,-0.1032978111367032,0.0012464969224919005,0.053732335360884814,-0.029597230312684235,-0.0005360935527657686,0.0025831385311375424,-0.005204568488759992,0.01570381529357913,-0.10524671171082695,0.09047233610988673,-0.0008653024677034868,0.04935445940149099,-0.014331276746577967,0.054899810212168616,0.05521893011339706,0.06237232342168643,0.021759791515037423,0.06665714782664481,0.008405366462461471,0.01576617612457606,0.05837748170046091,1
-0.08907918493637247,-0.12129531496960144,-0.1408629353685618,0.03570427504876009,0.12492171460035661,-0.008221431887719772,0.01825731151180309,-0.006013789231556109,0.020955990999479972,0.0027870149861999277,0.035539871922024055,0.018868304824116347,0.08982460918513009,0.03573650326343356,0.05696389535204551,0.03305445241625058,-0.005936630898926752,0.003579600847562765,-0.10447466461803352,-0.04825004335002523,-0.03511475531713895,-0.08699865728669,0.03316709144892435,0.0034837287502921892,-0.08327776443217486,0.022323177468886936,-0.0073835856779991705,0.0657576838355657,0.014193651757610278,0.008288501634124586,0.09011741426184611,-0.14232859124324554,0.04257914460468768,0.040159350943585914,0.09852955075523906,0.11067525536496306,0.1618799551423129,0.10488376122345089,-0.052784393704102206,0.020755397496891384,-0.23253130845730602,-0.1035752190255338,0.06520426659147793,-0.19578568316317368,0.05466903889633442,-0.022942276034540247,0.34734734603378137,0.05860290968847354,-0.03722208646417178,0.003351223649241175,-0.04370136188182405,-0.04767953546678049,0.10555594789394714,-0.0726731022564273,-0.05190193860170548,-0.00435101297470318,0.10679273127604447,0.19032392404986995,-0.03763148845164318,0.06245669453186054,-0.0009586055085126616,-0.046232372267270616,-0.004165017614148898,-0.06255770950959223,0.06516974736440684,0.14020301136830504,0.0727172735733634,0.10419292732076652,-0.1580399030348145,0.23375412935681025,-0.09726003116350174,0.05001044872675949,0.06367680110897962,0.080531023809614,-0.006186063741652862,0.08460327552874626,-0.13350010582624586,-0.12300687483210909,-0.034560881566182165,-0.009125660518073059,-0.06559411773589943,0.006535347710578735,-0.005981759576196214,-0.019473587139630454,0.1398571503322731,-0.04007657997736247,0.02247590465555096,-0.08205306214380888,-0.057545205204460444,0.10015844872876398,-0.0006091187582965748,0.00995467385159669,-0.029804599924896227,0.01017595796646526,0.09403022144051787,0.0027530527792224598,-0.02772660653882316,-0.026884590894015587,-0.020494726105314304,-0.05694887554741777,1
-0.03406701768024767,0.2863856217649848,-0.05318154259511125,0.13021591951767228,-0.16515945964045192,0.01300379548177668,-0.044787765552855574,-0.03487121873400275,-0.03391154787208377,0.044421689865226564,-0.010150190968880413,-0.0885526458670421,0.08680484333692279,-0.012110198001749601,0.04244925500527492,-0.007150886914365248,0.02827615157919594,-0.008291930945170976,-0.003675098951782356,-0.008594047329947315,-0.025679330311206,0.024011013283078933,-0.016612551604694173,-0.07983787241215075,0.03971561812450262,0.01007904334581894,-0.051528301201767004,-0.05320137909624256,-0.020098882111803957,0.045542714584396515,0.0037047481853065512,-0.043415082014954975,-0.08106086440651725,0.08097441492897449,-0.0046890584148238275,-0.01574593267837271,0.015466370739604435,0.010569218802079106,0.053848799979528655,0.05383745348277961,-0.009703886220115096,0.12297888053277875,-0.09284726242320297,-0.05225307011013971,-0.04504626254669491,0.06796553802480723,0.0166973563679372,0.09797541512223594,0.10547534402517555,0.08413568768976099,0.15447240240174073,0.12991665030176514,0.08482380494553719,0.1370871526628255,-0.07175358058530923,-0.02396476852847965,-0.007785600368755509,0.005199522312431447,0.10924723375007817,0.1553121228016425,-0.09778626176813805,-0.026054305801506684,0.0701791194357396,-0.1409687861572077,0.0934733474260769,-0.0033066270445458157,0.11140616505091634,-0.01423804722413461,-0.07035329497518017,-0.042943407525898654,-0.019804659780994625,0.04113035014917157,0.18516993475312252,-0.11902683457037315,-0.06393147068296645,-0.030038941152727584,0.10608806885565678,0.04353687276694205,-0.12009959043123436,0.019494349136017657,-0.040386747502458166,0.1338148727461594,0.03738699363520798,0.0013780537522979047,-0.008924893777332956,0.13361611470509746,0.11808051021256613,-0.11303051391591783,0.07909686903101425,0.0373680204706161,-0.15649331473016664,-0.10913619595484586,0.06645155089023587,0.05232730511676834,0.11523167996357624,0.008473474168899198,-0.0317833367752935,-0.13566063987342034,0.03859584483433456,0.05551131104830646,1
0.006967455865459825,0.39274991147774196,-0.16038166021213843,0.1491073751523511,-0.1347051373441212,-0.034997839095572185,-0.020123469005207752,-0.03513363081326809,-0.009208805591092769,0.039944681420268045,-0.02029197135687612,-0.07306601329504679,-0.00941050921911351,-0.05664986327342943,-0.12570952298960503,-0.038631961279294524,0.03091445678990214,-0.15716197408683868,-0.13698714761105596,-0.038439268947210815,-0.11148200712044275,0.06342189601743058,-0.10468851357864416,0.06242260128001539,-0.00019633374047587282,-0.020804197096620927,0.03984505818459759,0.08298008749078656,0.006410173111072491,-0.04796037597841766,-0.05976078690988762,0.047509265069461785,0.02429672301103335,-0.04161546246267106,0.10203940423844643,0.07921279273244118,-0.035963495018374605,0.021429451973159958,-0.05618145638418119,-0.07144043636127434,-0.0025324698036018234,-0.06486641713248568,0.011464069667861777,-0.007147345067345403,-0.01747680713366211,-0.013899387858443572,-0.02440353252649837,-0.09787751566806528,-0.0016658198095740723,-0.09494253945752701,-0.10564108210003453,-0.09684644199429765,-0.11978754041241216,-0.01777102251020361,0.03872408589024542,-0.03993479908178663,0.10310689995314097,-0.038985491189717,-0.10188013316395512,-0.00938054132317508,0.014889984947645363,0.07908398066562809,-0.08529148017456792,-0.01267711684941137,-0.03587207446189461,0.049680011542521677,0.020685127295836898,-0.000509222964218418,0.0568321044654263,-0.043806092586961935,-0.04441820205877669,0.07116472984589926,0.041511240590560126,-0.041716452978212484,-0.08140094584337307,0.012908775793116334,-0.05266328431548584,-0.04856148841893206,-0.08480232130020128,0.02015776313573914,-0.042142127573667455,0.10439050884901516,0.059488755270339574,0.0021428546518687365,-0.020317134383588537,-0.027090666922499,0.05832674138035575,0.0007230497056987878,0.028280320048113712,-0.03112893694401161,0.03629651110145082,0.03166908273513792,0.0001619152501617804,-0.024253844364347143,0.13925215917912098,-0.030881876520003966,0.009326196956340849,0.004924700325664192,0.027219270607152263,-0.03403614791787466,1
-0.03198970471244808,0.05356644373887341,-0.08054446429888718,-0.006069395327810213,0.08982083406367125,-0.030166177007801984,0.11316218838564043,0.06378865788579856,-0.0027913134438076904,-0.05898453143398325,0.041555358987016996,0.03184910736605362,0.012991042748376471,0.04589465521279856,0.05977218936954136,0.07403390845248586,0.10226242188848209,-0.1367458381536678,-0.0819080177008861,-0.205226875730401,0.12807889751092535,0.01208608731928414,0.18889041470609788,-0.18245065318108566,0.11987015674062088,0.040901935279537234,0.009002952825861936,-0.0977327297583059,-0.08868775994201128,0.011530305027570062,-0.06466754299155762,0.12129757734086355,0.0022607661073419526,-0.01977420596212771,-0.11275952623457783,-0.12456132333344294,-0.055984815452526024,-0.05147528568256371,0.0902851440795155,0.09901817174993308,-0.0461929083685347,0.1306111315606314,-0.014904753632711008,0.04368977904872033,-0.043189406359166814,0.005490344955485452,0.14584112074359729,0.15327051818602164,0.2801020975225034,0.07125027804821436,-0.02555758409444641,-0.04425746135563692,-0.02404450959284841,-0.01890539126464121,0.029172779848037747,0.047106510957416664,0.1449042472188101,-0.007365448800824215,-0.06503567050122658,-0.16772209126473173,-0.04935381580760536,-0.00080225356482397,0.012643741088178116,0.1290942746848734,-0.021283213800373006,-0.09497700950431365,-0.016861673660480764,0.041948395003106556,0.005148772233224265,-0.010553444205110852,0.13909035801397013,0.045707413267210936,-0.08697443340830435,-0.06923916630836181,-0.09852503659610805,0.04452347545326961,-0.08846249351545919,-0.025328681118410315,-0.07901474798123824,-0.005059040346833247,0.04597104169140183,-0.029052076296522015,-0.07356018839778394,0.019172199580961558,-0.04774368634521763,0.04270077917534969,-0.037394699842866384,-0.026384300727114174,-0.06651132716204133,0.07111118431786016,-0.0823413677233695,0.08112943890787816,0.04501969012969493,0.0687126516562279,0.042880108408926525,-0.04201135774548761,-0.07359775153630836,0.012930290635572743,0.17414403932348665,-0.06952085762446764,1
0.05515276489292803,0.326908568244843,-0.1278227174756735,0.11665824683202769,-0.22019882887607645,0.03224228662029687,-0.14106253636687482,0.12817989491601617,0.061829161244387316,-0.02401777652983016,0.022332363488972103,0.13531181475374474,-0.14172998850299667,0.10030789411225828,-0.19180403398053,0.03910580252316063,-0.06510669621566847,0.10338614907154016,-0.024760456195309394,-0.08338477251469753,0.07789912585616383,-0.17384794325436567,0.19356227713493412,0.07924966764258283,-0.05503951109868541,-0.06014172307778332,0.02213421705605808,0.11752779029943862,0.07252145493414848,-0.08944624658552586,0.12713710151373353,-0.013942874901958774,0.005440008149508458,0.04095299844761947,-0.10021700207562244,-0.04479460306353698,0.1333759962165571,0.0353853333622191,-0.03947512228453862,-0.03270174450230486,0.0883729931919616,0.025668593748312537,0.03464692642900995,-0.003667071096399039,-0.08567003763666937,-0.06079803863735439,-0.0191408512639021,0.024667858726432453,-0.01391909237318006,-0.02849606968408743,0.029460503607105698,0.04266466661303315,0.05610445684493311,-0.11037227950459566,-0.012681854433528606,0.0011352790844835678,-0.012445857417378416,-0.012607805579950466,0.04950167829419565,-0.006314545115107071,-0.0175601563175224,-0.0030540868403469692,0.10581638490832791,-0.00515714533733996,0.07922727867141388,-0.09917357255872462,-0.06741388467367361,0.022421003664566244,-0.030482619033951816,0.048830800466323356,0.02148167306003517,-0.05759643939045406,0.08621828074260093,0.050439526740864556,0.07534271702735681,0.046737422537425,0.08556669751101809,0.05054649137715462,0.030699061146765134,0.06513185560268937,-0.0025798257964175317,-0.04181640250390751,-0.04608879816826519,-0.030391525467431638,0.09305529329032554,-0.0341659794505679,-0.017927543527461176,0.053036739835211524,-0.11843502452011177,-0.021123179649094156,-0.06905978414970702,-0.03574535963092284,-0.062452743388244907,0.01945742100039765,-0.09254803593887771,0.06463587996868281,0.02336656780900916,-0.10660498679923673,0.038236258802519414,0.03515530907382453,1
-0.07962768282045615,0.20770695205494008,-0.10784324092741386,0.1219032300325698,-0.24361255203261054,-0.03619603251148363,-0.029620686697239103,0.05826274777314359,-0.06860714451189283,-0.05064382968690764,-0.04627184343174949,0.016406936914828814,-0.050426842594437034,0.07059430274712057,-0.10701820063229667,0.04034681183756825,-0.0033191614181567277,-0.07661062826107704,0.1007658508671984,-0.11964412358973199,0.14700376721317934,-0.07092499867799895,0.07400463659372483,0.05084983232375022,0.06845269762871084,-0.08160182405307709,-0.07179309029892747,-0.07912721590114434,-0.054908159480117937,-0.04270115519515581,0.04251551103257538,0.07674828334431977,-0.058618051327635395,0.04813070060744777,-0.07687695364136381,-0.05515161918921704,0.040668077104228394,0.05214370580406152,0.02450781110565445,-0.02623456520812684,-0.02928835552689206,0.011204302291608872,-0.029619401322809852,-0.05525941040804229,-0.12267288881401808,0.05268439737167588,-0.0535985747421591,0.09894861338271697,0.03772724756203419,0.010811154769003717,0.012419738932348157,0.07920584023595292,0.010251940935425736,0.10086300250603043,0.05615601017032265,0.059782910815193054,-0.04393790116794208,0.0662209059896552,0.025594176520529855,0.10615238630577352,0.06896549256054635,-0.09523330716314601,0.021927714081851568,-0.06337422725915483,-0.004313957254430987,-0.0015805434557535527,0.035610474078520436,-0.0121815153653033,-0.0354699077479912,-0.03064204434921795,-0.14780564063379953,0.028047532246523944,0.15223003260397397,-0.0842464584156226,0.037381038726602034,-0.05674889175092359,-0.10389405972732578,-0.056426902784914836,-0.04502547277264105,0.03491863521492083,-0.06050360568954447,0.02533199704310203,-0.007837635511709377,0.03432565520524112,0.08922988614342374,0.1133298926522059,0.11422018401647918,-0.13023829878027743,-0.07923972094471082,0.007237178312733769,0.043593060548517824,-0.03509034515534969,0.17151996869149075,0.17286179825483589,-0.12856026520292507,-0.05120404983021589,-0.015552691600375134,0.08878223539857533,0.06351625844308705,0.14508808717974297,1
0.013804059107940435,0.29531979192031715,-0.10654064667014666,0.10166469159588216,-0.14625252230542887,-0.005534986455932798,-0.03665503938710438,-0.014735265955075651,-0.030132811646956435,0.037282754028564534,-0.02563253729957741,-0.07709122867072969,0.02657077408182027,-0.09446737130531997,-0.10545846583583202,-0.0327172490469967,0.08577968364360605,-0.159974790245488,-0.19193592493363268,-0.11535863722174301,-0.20838970527764009,0.07377474988799525,-0.09889937730218736,-0.018462876834141998,0.026430912093086078,0.006787213667747902,0.09189702260823059,0.0808916974007344,0.029299368966496184,-0.05205575952613851,-0.026669232557901573,0.08691179573519994,0.011415263947463963,-0.06765267939875905,0.08877627847919675,0.1095296638282941,0.05069304007017235,0.029528705751733646,-0.11998363061272665,-0.05059024989319865,-0.006272032641026018,-0.10760117956477619,-0.055630991119227445,0.06808972842207922,-0.0347457201568462,-0.00032287395965425195,-0.040552443886711524,-0.07927651915686351,-0.011114924780027737,-0.17332599504276847,-0.11825383107587807,-0.11754376870652213,-0.17136074916772964,-0.081670033636651,0.13971820554399522,-0.008247179509995277,0.11512771640428605,-0.01756823322573604,-0.0753122194529784,-0.06961152203451536,0.023658606753067444,0.04964925033379448,-0.01596665754964678,0.0007149599997303135,-0.01891108750601319,-0.05622021210264684,-0.030271922847356816,0.05644230818983057,-0.06510729645418377,-0.034117789112693454,0.0605396311136406,0.0692951232939244,0.07813254996020341,-0.04980570699845702,-0.043048139695353746,-0.047093830847899344,-0.005317424927589171,-0.058040529968681816,-0.09578772100747603,0.05060791881400274,-0.12250979154951173,0.07858841675941663,-0.011389244798936965,-0.04234648621855625,-0.005930787720613027,0.07813595547285146,0.07623823828986152,-0.04639236906535301,0.012395505132626095,-0.032830527372733835,-0.05498711825377952,0.004553496836427619,0.007899089980170805,-0.014398235308366591,-0.0032097001295717732,0.09262808500553461,-0.013061849736042542,-0.031046709480689518,0.06226020281446398,-0.07286611884802598,1
0.04112885344382718,0.37652749559403725,-0.12883161513823144,0.16722030845104865,-0.16717351350421944,-0.023599504357688355,-0.06914412621034295,-0.02378262365567222,0.022313106377058786,0.04381615513082904,-0.00214533708402369,-0.038804843980732445,-0.02798729500569953,-0.07103076024463707,-0.16865225770057463,-0.05458437105301685,0.006526843115996431,-0.08612325403519872,-0.13290005786190326,-0.11135432335011627,-0.06879481779990404,-0.014552054295779094,-0.044014496496915884,-0.03194386870512864,-0.016517257041767857,-0.04567509787211488,0.06858662562965064,0.06210854398868177,0.020807547474631944,-0.04474725755885939,0.04734330268500152,0.017472980741421642,0.054864533594822296,-0.023027496459468312,0.030252626670753024,0.031641194747842216,0.08493296215555732,0.07931586287243692,-0.018621955136247353,-0.0455907006492755,0.0642457246300824,-0.05012904533942504,-0.0015219960127339303,0.009006153740851116,-0.050602606296392745,0.039901527418063194,-0.041466891676610225,0.038282885844425775,0.03756943015267797,-0.05725688852028562,-0.08996953636993442,0.004236347884390368,-0.12475215322947855,-0.05864977201998981,0.17223392885854205,0.08080862992951353,0.08083340361376577,-0.03401901062679079,0.0012408256374559512,-0.02923467694787471,-0.03958283807489936,0.10680017354073382,-0.1043923462910389,-0.030029865981475813,0.03782749923781147,-0.12167655679857078,0.03765631717962614,-0.05055114206045359,-0.027269921511223885,0.07598789223714496,-0.0027875346584333664,0.025230041892854656,-0.0021948026085329615,-0.027438316810912324,0.01374206548975049,-0.15374316285104284,-0.0760841211529415,-0.06592507450803332,-0.08000377651033239,0.031346087377708894,-0.011590838603978667,-0.007230195486912003,-0.07146861885383678,0.014481225577526317,-0.030321089955220686,0.0285871693420502,-0.062290224089597196,0.03931390881962159,0.10077849816841095,-0.10285444794251658,0.05411366289599285,-0.029253021857386763,-0.00542366637424052,-0.020770271884793447,-0.006451171403515848,-0.07958370317886544,-0.045239139696494214,0.047855311174069326,-0.11797899152143039,-0.03755757451667152,1
0.06754068188039203,0.39528752495429337,-0.18408638771278352,0.1627190564794022,-0.20720881030819766,-0.036820540469042755,-0.038338122305517634,0.08761764636402514,0.08381209094066547,-0.0109775936595705,-0.02039229685512454,0.127984373235569,-0.1273444734411943,0.08043955369465956,-0.15431527037661938,-0.0715085849600554,-0.03960221100695633,-0.0220192163428863,-0.06098341380766875,0.003232565803984106,0.06569304265982422,-0.0818780370798503,0.08518359551752668,0.042455493286781484,-0.08952069232563009,-0.02120667379513231,0.0018525613292234605,0.044357443057512,0.04492559951554096,-0.005126505930813006,0.06581050961137772,0.008883533795339798,0.056653127478894956,0.04869549875775331,-0.05172777403463682,0.025086564277020353,0.02454702480540072,-0.03004752011202219,0.018635749802608167,-0.014569660206732785,0.0076932298541989245,0.09405294118753119,-0.030603127746752775,-0.05267274952522643,0.0306221369864995,0.0033522639389332314,-0.0014372041666220674,-0.019859730293736652,-0.08491802015013146,0.008700187222397564,0.010662777543267724,-0.015738188496778105,-0.032803542820981364,0.010453608157082373,0.08700343974955885,0.0021167531746408073,-0.005541427919009849,-0.015949737701861574,-0.01536831420636627,0.022478165551037484,-0.11152315744119502,0.032830248644499065,-0.07237779381197294,-0.03212877164896386,0.0021702832911790985,-0.03394501732886011,-0.0030072677762234276,-0.06034972470647522,0.0031741805239954408,0.08281039701060276,-0.03993915349535184,0.09391703608586134,-0.06847317923548475,-0.021975683216817723,-0.020856137104651194,-0.03839169760284694,-0.053756947601766296,0.035322349558542306,-0.05118705684323022,-0.03898103053774959,0.0940373323726404,-0.036234879818943064,0.03987377843643709,0.039996522130537525,0.023780051235499148,-0.08109008225081829,-0.04068905780276234,0.054487492870967894,0.07512312753703874,-0.0171018155538693,0.06584694702432911,-0.02045643123559255,0.047266052615316495,-0.03484586365220292,-0.0037416522844563515,-0.030256634685429717,-0.13636564248267558,0.042124795750680774,-0.08443802706058713,0.017497372334124996,1
-0.30272706459422316,-0.2655643908449443,-0.290262939773886,0.18184739811836156,-0.011795098829633704,-0.018194854531457735,-0.02664607129055193,-0.05894184498643901,0.08169076369790929,0.09084616182522567,0.038646626052447425,0.0017405442845794628,0.003513330354271368,0.028866097071531368,0.05063654437015319,-0.048057316877723265,-0.017777757157763457,0.09516073438276124,-0.10380699928431467,0.03807552525898686,-0.18430567588312122,0.048448315860669916,0.04413510845999942,-0.04563007915089704,-0.03674237894608078,-0.03282395111075187,-0.09586775357217572,0.028415375940996315,0.01603363941110285,-0.025642753420806266,-0.10269094490761084,0.00870796345878392,0.1904994012732181,-0.042933863222403335,-0.2677054792816911,-0.10280605884392412,-0.13965771310263178,-0.08181478308558453,0.0874181689511653,0.036991818121263495,-0.02888051081187556,-0.0008634923847493579,-0.03524542590206716,0.06400103614629914,0.013594510781317369,0.021178049918060885,-0.03833077254143427,0.01931146442286259,0.01698493348808026,0.009101278092698449,0.03840688921927771,0.00020690943023392853,-0.032392703251118315,-0.0002475741966553923,0.05984563476944242,-0.04487416814819313,-0.0964789045822359,-0.07993463148205943,-0.03254225265483819,-0.07997667713468194,-0.05064016602291062,0.02867206398186134,-0.011960077183773211,0.0844448514098554,0.016483958795538423,-0.03649402363255695,0.034521202314263144,0.043140081535613224,0.008520291592876907,0.012619795373419274,-0.028624053517401278,0.06900857645221767,0.020128151921737884,0.01413458742785185,0.06897715880349314,0.01766131101291913,0.02380209735727522,0.00035180568065029276,0.04297931699309656,-0.048336505245249295,0.016384599158852355,0.05741425579830183,-0.009272837408406056,-0.04905459032993152,-0.031755333130801956,0.013700916093171398,-0.011006750410908211,-0.011694217227157964,-0.007874913613636063,-0.014230924782002762,-0.042643731229792196,-0.05235595800358892,-0.06538654231535239,-0.02606436684780525,0.03313327844473264,-0.03391083555756087,-0.01073126085209745,-0.08889095246948087,-0.024785235075470632,0.02916968216621853,1
-0.06091398946072622,0.08851739522225885,0.04801278017701686,-0.01648040109148044,0.034013714156452504,0.04438145080735606,-0.005728342148765619,-0.0411204638204797,-0.018161018866198107,0.02507397258454665,0.03363636411149639,-0.050119800559768495,0.15877141590843385,0.002898019922886489,0.24003307545042282,0.10817858180657758,0.00018276675089867305,0.16851382292465242,0.16978646491584676,0.16332437517363269,0.08703437681813338,0.09982403273843098,0.029388700229478763,-0.015458976133721733,-0.1577876190053838,-0.04190575957662879,0.2609125285489742,0.39643500209204735,0.016726188596846218,-0.2200530344434333,-0.10078170952257166,0.44264404773015265,-0.05249692116132586,0.01733546718845305,-0.021994410902100414,0.012837704992482454,-0.041492146738446416,0.03927254611594847,-0.05402601250836063,0.059540769678761096,-0.05603878479283101,-0.03256632697986228,-0.039486576338522046,-0.007103327736933316,-0.04989472391121495,-0.0039464055543212435,0.00578567709967232,0.039740409540584734,0.018218221667274503,0.017818113502961582,0.029076784215820398,-0.0002233133337802289,-0.007128339447721528,0.01764055123052719,0.011382662249066276,-0.013540754876420358,0.044577966817675334,0.010475513716298073,0.03172839788594822,0.032456259057206886,-0.010218937341491666,-0.034634615861841515,-0.02254120993325085,-0.009767843805838698,0.010684344527353595,-0.03365363914738743,0.012498311348251837,0.008142603751373729,-0.0032234734727000034,0.028697156961497352,-0.0008436487038278633,-0.015145839926289772,-0.006804865886263533,-0.03228766943278815,0.012782183815284644,0.0031962860922272094,-0.015056230393405997,0.004838968009080583,0.00747855221251184,0.020423073096759062,-0.004377627422390362,-0.025574757219421058,-0.022344099177950702,-0.017841717108623183,0.020613130217633904,0.0005239722102341875,-0.01496222590800967,-0.015342948284170316,0.003443575155336398,0.022323022877393406,0.010174375448947488,-0.013395416151642817,0.027200566936200453,0.011748995255487917,-0.01856499741369178,-0.03843199113646351,-0.022222574528011494,-0.016976291570603895,0.007307611094899396,-0.008923564856363472,1
-0.15489584701677928,-0.04314806507862227,-0.03987319610705107,0.05124953201643721,0.023782188416942657,-0.021843137562950272,0.044002519527761255,0.06924394477197364,-0.20342833060963195,-0.13082162699928315,-0.08233657182503278,-0.03229580279292077,-0.07456748223518332,0.014922499440990921,-0.0037866824236191914,-0.008834743741936482,-0.03715521249535881,-0.02268034496858406,0.16405621522372546,0.05466451550898296,0.10915448499773663,0.0726670416073647,-0.04427417530441762,0.26905360799225003,0.2512066630168491,-0.01995333044303679,0.02667068647727418,-0.20769723528680395,0.0773749333774699,-0.17453549256429876,-0.16140418960123512,0.03267386852575675,0.15235083810771233,-0.03852256363216668,0.1172337496959075,0.15633510820916469,0.21135934619070365,-0.10601278636765349,0.01988140823682743,-0.025424526785313033,-0.0868112156333411,0.12224582121868151,-0.06421264680607916,-0.001954068236652368,-0.06916559048419783,0.10730824101180383,-0.03740048831621658,0.12008658653924592,-0.04174504337752542,-0.029550663056272432,0.045144031404120745,0.039799591685087406,-0.14385988248710385,-0.060463939174891616,-0.01968352370183302,0.05200099252158904,0.009426377448371806,0.0680892362380064,0.02791341485540626,-0.06686014679262785,0.03543853049516555,-0.013951117689638535,0.003208783975662564,0.09521179740589109,0.01935355234133439,-0.010147134630865065,0.019733865934738096,-0.011711389324927818,-0.0003556885231241505,0.007648955237175081,-0.022863144453028814,-0.02525794227495303,-0.010110676314785107,-0.04945134810077749,0.036780954261534,0.03467355720814925,-0.02694909335355832,0.06734289613236331,-0.03418436645232839,-0.02053684358089814,0.012663979737806856,0.002934637672477326,-0.02371906471950346,-0.02298525897522615,0.023554165314472093,-0.011023269874317431,0.0015133079376192411,0.02265431293079753,-0.012815335340489316,-0.04111642528179883,0.0004228074521980808,-0.061395175844080795,-0.010228923154942754,-0.003987417857412241,0.02413239842406676,-0.01064359486140038,-0.044023977605796016,-0.031208244317411243,-0.026830648960874028,-0.07392684250723053,1
-0.2895490402107643,0.05301151184531841,0.4587859668203242,0.07387138342259365,0.035260612430884804,-0.21524541872428052,-0.05405300650132964,0.0016064608102130794,0.037588309015881095,0.0043831530229531965,0.004362902068527092,0.03356055818980687,-0.024048391940451226,0.003788557340812152,-0.015625453065371584,-0.010157274271052227,-0.0642052753205588,0.034969863259558885,-0.06410226754220932,0.012515431376018703,0.014161916362246906,-0.03506481130906836,0.024764158765536504,-0.01049712592292065,-0.01705723481350224,0.01494099666723848,-0.04407488585468171,0.030671809219472025,-0.016591927510789497,-0.0439251508216256,0.0749667988771527,0.0655009348559285,0.03607910289646119,-0.23077933511428264,0.05204560316991491,0.10691632662199757,-0.01169933211660622,0.07514746911240779,-0.0544551417356385,0.033973622316795724,-0.08831391167296362,0.07437571137129478,-0.03889554558422527,0.01880854734000479,-0.02359986047165115,0.01444588135364978,-0.07761560578918597,-0.006229631835699337,0.04588554671104189,0.11566451343598429,0.024084746083649924,-0.07878401598710436,0.02701488408594314,-0.02398432280747464,-0.01201040670559904,-0.013965072033853792,-0.057549326223416665,0.020736831154126518,-0.014049986605575602,0.020608294784779848,-0.03515866405747136,-0.02595924377583704,0.03985926536162808,-0.02426508495781757,0.04135810967071327,-0.012568811624748157,0.06744720766601066,0.01626959989094604,0.08741941541014239,-0.033280179885068546,0.1005262108258032,-0.02822847957630934,-0.007040654887897679,-0.06410417347471753,0.03129773037690685,-0.0834448857677604,0.049920866460035705,-0.15877717924284543,0.06477921925969997,-0.025164281229867642,0.01128717053517475,0.02774463120599364,0.08140485133676573,-0.07565535705295669,0.05976884309820927,-0.1866494171718305,-0.1225615522034295,-0.017038559070861128,0.08748339917570751,0.03512736041093835,0.020170689013181076,0.07383366760179381,0.0064098064537507025,0.01807591442101187,-0.02377985302652728,-0.01643124373807803,-0.040014196835520655,-0.049417562403840876,0.03856598152791784,0.02320872812587652,1
0.017362931811684287,0.10698080320999757,-0.05009220036830315,-0.04590079743670907,0.18811173851929466,0.014402513166681149,0.04367570158891287,0.0866582927877569,0.044987888563335486,-0.03759630287793049,0.01766231150923038,0.03714674191672627,-0.079463298523758,-0.03192365092243547,-0.07957603912417054,0.061915407600113284,0.028213227337791177,0.16318452612805562,0.04356470449474002,0.26079184827575225,-0.09407183058954237,0.006075009618447036,0.1297967908773718,0.11024586041565498,0.38371337224728536,0.32021949369773545,-0.08559845444633381,0.09209013391823467,0.30841387324262787,0.010740537539756245,0.06672311403787345,-0.056493201595092704,-0.14376597121552998,-0.028107498989773418,0.05859910819950377,-0.0830408194338661,-0.21064646969671932,-0.008212081615264268,0.0030200310374196683,0.01011734242865523,-0.03561858025019541,-0.17296696577623644,-0.04539954296190285,0.005543588180610399,0.06703742142365869,0.008695223284731171,-0.03973627645536559,0.13666143554088578,0.07328321762258154,0.0160088672877179,-0.0635666573330148,0.059169404342183346,-0.06036495730586383,-0.030563421122123586,0.058198315185881706,0.003764895067734407,0.11208704327145948,-0.0033216093355348548,-0.006030258415717973,0.04411413340508564,0.00017259634102025155,-0.052309294020276655,-0.05124578562407123,-0.022009498009514766,0.004459194336095015,0.01953376674806679,-0.03766879487694838,0.037579951868016805,-0.004117514039617939,-0.004578598599764867,-0.012292161542822037,-0.056323920955724006,0.02213036280875535,-0.0027933791060231103,0.012822523383580966,-0.005721904863667124,-0.029279808184768254,-0.028929053039570045,0.009856270927655968,0.018698337877256083,0.062443465295289144,-0.028916733912083242,-0.02416895061060425,-0.03105616887320377,0.03114562831279722,0.009233162937135334,0.02926992240727771,0.011620539154249305,-0.005420413552203273,-0.04065775367403892,-0.0144260931624431,-0.011675302767405507,0.03698501483999811,0.0047598547053922845,-0.023385922419305066,-0.02089397285963869,-0.03163352038782379,-0.011741043382747018,-0.01823978058951232,0.01061540539452311,1
0.0002379078439853564,0.10318895747324922,-0.0637088778164932,-0.06227518458458686,0.3036946558758345,0.0030669317636187305,0.060126347684896865,0.042950371688193385,0.06516829785688505,-0.05974030231395448,0.06619087386913677,0.056713980993765296,-0.08760450838019278,-0.0407791537958724,-0.0179670306426312,-0.05170717284220003,-0.0002797739769582264,0.07341727516765242,0.08732221250601063,0.105804917007486,-0.17347310523877257,0.012700135131545809,-0.11214871444525089,-0.04893398350583713,0.013426843583926002,-0.007392116998901294,-0.02714267899920312,-0.0934561946635653,-0.031415473915284965,0.006035369339259676,0.0745144350441964,0.025384832071415734,-0.06446095590634343,0.010947105906917599,-0.0662063237032693,-0.01668505147092834,0.05691835628084958,0.1041608393079717,-0.08321516542262004,0.06962012067956701,-0.06828565093220783,0.0674164572132584,-0.11609827072920985,-0.006623242121507081,-0.03574892203246024,-0.09074085138175667,0.02167050223350071,0.1674598996717419,0.03903103213866135,-0.17912248351237983,0.044692561435293036,0.05058534008608071,0.12194971521681007,0.07491847382302667,0.10676942670842468,-0.14916937618845016,0.06463221647718044,-0.05094281530292335,0.06150140827408734,-0.03122493255582148,0.11398780764622474,0.10156390769887032,0.017420527454971843,-0.0035703195770007017,0.011708913844804481,-0.06423505996141346,-0.04127017446218435,0.11632218265715905,-0.04736619768739452,0.015906006655690964,0.024280941118784753,0.08313778001139585,-0.10076976672574378,-0.01747389894204077,-0.030815892085805208,-0.014754222092321558,0.20345190287687748,0.040672115932616715,-0.041221123082172746,0.014238938672009238,-0.058545137251502295,0.08893298475895775,0.015555349118236288,-0.00038638182324821633,0.027282601608616237,-0.01842258204851893,-0.02898032114390122,-0.03206660220589976,0.07890144053362033,0.02287315469886553,0.18317979775427976,0.027208260689795285,-0.12311680450078494,-0.0003658517015977321,-0.1377286773999179,-0.012558143201590436,0.11641273826751969,0.004530174516191232,-0.005729647842917574,0.06409883276680096,1
0.03628544320224253,0.3915711354298891,-0.17282339228781787,0.0933231777625902,0.002769054730305428,-0.0005186890804612311,-0.06416518494862454,-0.03196428051152702,0.07619332805971762,-0.006127521982493826,-0.004698407531245506,-0.00015545595984458829,-0.08124902310052493,0.008485452309863676,-0.09305796693993959,-0.08178111714573773,-0.09790962583088259,0.049533913237058066,-0.028515781104121563,0.03451187357082562,0.044431311521651515,-0.031817799909687944,0.02586212706244983,0.025620866801474566,-0.08748958379186311,-0.1163683017349632,0.034313853250901374,0.04477086290055992,0.03906859595106767,-0.08532261153983504,-0.0982429291534839,-0.08102866770674437,0.07005578753463558,0.015204765151574803,0.07305406800761892,-0.007191732637645995,-0.002229037493400687,0.023768599228628406,0.04488012837711981,-0.009182180812857451,0.059053925653423316,0.10514386578286396,0.10454605745468688,-0.0671186976352106,0.03824562997386063,-0.0446546808038441,0.009378129174260202,-0.07750059279662985,0.07793120896587784,0.03203807288152209,-0.08229002143510704,0.005124471057437474,-0.007425173802563285,0.0779343780955081,-0.05445581351228736,-0.040150875152422674,0.028185318250226434,-0.03838724978027655,-0.018177244974663106,0.0499949937027658,0.022002033428973913,-0.026164639137016568,-0.02188683958936059,0.0012070063408450354,0.009981104924280884,0.14257054457582607,0.014844482523782388,-0.07119945002844152,0.1402705235197026,-0.03905261765193036,-0.08295367307593933,-0.011403074436904224,0.011281936397191139,0.06699635688626944,-0.10619398874493381,0.053202454112286114,-0.009426086309474873,0.04055513393630299,0.037959678854626845,-0.0653168671894766,0.1559164334952819,0.07239463547492446,0.16092934975962528,-0.0648110896920913,-0.0002506057076275042,-0.02592660777782474,-0.06966925571080472,-0.08364105807339763,0.08309924724259697,0.14274531588633227,0.05086263155321701,-0.0038902120261961244,-0.08022263117801601,0.004931387535341951,-0.009530724066233141,0.018727555273752933,0.08986934262206676,-0.0031055254365788183,-0.005589191261067594,0.0009511198068878419,1
-0.050177721922066466,0.08155101120868931,0.016617690605374213,-0.02010137983382886,0.03821571515910222,0.057451192219410446,-0.012450596554064915,-0.011772760825544229,-0.025997845741378364,0.013523662735335626,0.03676406974340714,-0.020418432321653437,0.09732510478922131,0.00934278451677211,0.1765204155912966,0.07619876549745243,-0.019542382246321783,0.22143653397324323,0.18886618878717398,0.17577552748822178,0.13549258404550857,0.06770800332265521,0.021163653687367858,-0.032801513715041565,-0.16211851880044842,-0.019413523725872062,0.2775467425589938,0.379977521368219,0.044122436496017846,-0.22464259379890147,-0.1409789536817414,0.43451195310551244,-9.549424357684663e-05,0.03488922878637184,-0.015244366551402747,0.05825918874881878,-0.034374668927331924,0.04785583751061817,-0.07106896395085642,0.06088892966502277,-0.04543545734145374,-0.003118790642713919,-0.03976284245727664,-0.020885492317977563,-0.08699264260683681,-0.024574039530670277,0.009003510832911113,0.015830517590315833,0.051355037810095594,0.04106569061472789,0.037776904957601116,-0.06754662457867483,0.029974788875000487,-0.006304579738122962,-0.021706712456534338,0.01272858739192871,0.04683362140752268,0.021770413918998248,0.0442838415979664,0.043724634799620826,-3.848644140756152e-05,-0.006845784229807567,-0.022060943676009616,0.001983000269934963,0.010497747502911643,-0.020336672442436955,-0.007015202629223416,0.00847733377740127,-0.016170017457248314,0.013048611935449357,-0.027459341199043547,0.04641602564239402,0.006670342276787284,-0.016601215822986928,0.003924273578380433,0.07487408163243213,-0.04522693641876124,0.01689292045938469,0.0012158865103563295,0.04177383538722626,-0.003809606551839224,-0.009334159919644633,-0.027052552281978233,0.05002448812845953,-0.04023482701062924,0.01145673264361212,-0.012037280832280884,-0.013347659458783984,-0.023042153288806447,0.004728918806963671,-0.03544125461923026,-0.02826635008237864,0.008704155731207351,-0.0204223642113349,0.010854403145454435,0.0017956763437341255,0.016371000000377826,0.06852761654537687,-0.006539822914763953,0.010878273698939596,1
-0.01363568024292159,0.34447482492810166,-0.08176304024105663,0.17889282353294747,-0.2049357270658814,0.0031745946111898403,-0.04768041255736419,-0.050611713471999296,-0.10566729126633399,0.057361520663104223,-0.04528126298183932,-0.12171947356893381,0.08972208489581021,-0.04847795979918687,-0.008936441439694603,-0.04788311999461109,0.11977728090493207,-0.19557369093496266,-0.1643439344182591,-0.06376441198074662,-0.32834225369901676,0.14542303021236863,-0.1412729668262448,0.03264087727614688,0.013497263075383169,0.06891631603229639,0.015719392364152752,-0.01389115890033446,0.029474303579111988,0.05133666406625498,-0.0990001005663969,0.10221395140557771,-0.06123729917004096,-0.07410749472443845,0.08748560317543697,0.12991588127494919,-0.04129316701079627,-0.05278690135299401,-0.1519814831940608,0.0020425988598613623,-0.09011039842364957,-0.08377711096874293,-0.03395185312821427,0.049695646042675075,0.016136669251903362,-0.021203625865707895,0.012021127324725779,-0.03056490605690164,-0.04199224573160952,-0.0378088753913925,0.020815776146674417,-0.029209883685923397,0.017465889110803216,-0.02518732732541743,-0.08437023684549318,-0.017532816020365133,0.021771541749496616,0.013991129649260178,-0.02456586128392511,-0.03425821254009129,0.0006191012600528753,-0.11239896213446772,0.033685019734977784,0.01262453739489138,-0.04910578980116027,-0.0018191669840335338,-0.1033666065554483,0.06331814017130072,0.0063112803168098594,-0.028198615353562727,0.023533457352009346,0.01000051926165127,-0.07698504804410906,-0.0191445621741906,0.04271629678063705,0.1328733611267558,0.07587205711480742,0.04226508352691095,0.08969016360091295,-0.016668791965583248,0.015670810325160264,-0.09596556918222052,-0.022465839779099425,0.03010162070346562,0.007032600308842077,-0.011879723616427381,0.048368109249082615,-0.011190962748160702,-0.07392770389884458,-0.026278913617857887,-0.052091899364711425,0.03612073917877194,0.02503204656094699,0.03312454779451014,-0.06969951819050141,0.016165707731969972,-0.014672582476182902,-0.01859869957736856,0.06373012790482219,0.07987525567707561,1
0.003675301351604842,0.06873489366868557,-0.07295185585565793,-0.11071537693765961,0.3133383065842914,-0.003798498567921802,0.116387277331634,0.04099811796609866,0.0038253582711749016,-0.09940760217614916,0.057102339549550386,0.06250553869571168,0.058731543434398244,0.007257252275707905,0.10282285720189678,0.09505435597858264,0.07523184336951952,-0.10444298097966413,-0.19442147062625809,-0.24936208833065668,0.0664950926509818,0.05265226262716448,0.18352116023568543,-0.180454188694552,0.06465160795090855,0.03582062988372751,0.06428658863840299,-0.04137568317062566,0.048863434437040436,0.007695480483803368,-0.03218200281951978,0.04717112379115053,0.017049627539117783,-0.008235132054047465,-0.019763483335815284,0.017218980432095896,0.0866071844841182,0.00439197311105377,-0.0776757855431402,0.00886034102759572,0.06463009052250983,0.05330742784261154,-0.08458602928237437,0.055372641715464174,0.025912964495726613,-0.11744343408711543,0.010756746489122292,0.041193686253095524,-0.003269078396583346,-0.040881503553762244,0.06321626132905635,0.0292382943352263,0.02230652801318436,0.0588089059142535,0.029899773411949975,-0.09821507529021611,-0.002947311617078143,0.04901201451816441,-0.057965824943021944,0.03599296801692075,0.002317993674669162,-0.026809501110349247,-0.024518832705932657,-0.1566714583691576,-0.02160924907162481,-0.012907304394941053,-0.04708721969927263,-0.0627056198676843,-0.014388360937876316,-0.019526315527340753,-0.07432491167606163,-0.033568756219234136,-0.07100443936068215,-0.055019228789463415,0.05869270367277451,0.02366356446355484,0.01508578009037219,0.023548700659988576,0.02998751779687654,-0.03535012192194539,0.08611502591238832,-0.04868964529067844,-0.010729320185998396,-0.024285428065236158,0.09349678134487997,0.03012119201197388,0.006938370416063669,0.06411257802285626,0.046390734903991655,-0.035683121701096956,-0.008022146068975916,0.14184046443342288,-0.0024603264343870173,-0.055207923836295594,-0.016859003650814164,0.008228134901842665,0.058875112892982445,-0.006777614944717174,-0.10340441436835467,0.01304378490246816,1
-0.12193779401685081,0.3303862274698983,-0.07152704013280274,0.1388581425779905,-0.14113410712951774,-0.012004338188476215,-0.05887944622311912,-0.06175548206206643,-0.04849801967129888,0.06411877679376392,0.022293886854396462,-0.11260443469743557,0.13096022047459216,0.0019085442865761602,0.14571612554414787,0.017674926516358408,0.054000973027107324,-0.07276075052282162,0.013642289961091436,-0.034652087404107905,-0.09502850588498726,0.08963063488675134,-0.08368318217359408,0.09088340466365734,0.014238920979838414,-0.06368311250730947,-0.05218291682815971,-0.015406502584428121,-0.04820588285500251,0.026678748996751146,-0.04538731531655131,0.04515887931582042,-0.07163751557813341,-0.05650858287800888,-0.05969173645570955,-0.08052707041751807,-0.09518503502819207,-0.002999990633769176,-0.01524867016782276,0.0034033060222793715,-0.02778177149493981,0.014610213246635077,-0.013130125931254248,0.04961709500346276,0.03914275279731727,-0.04819677511311873,0.037034492009807185,0.0883638028365549,-0.01739827774918584,0.0638896304676468,0.07144889117570183,0.1239680977827223,0.11890764715862012,0.09165133243883616,-0.05429326690418735,-0.04432666339859014,-0.02681437875462006,-0.028006669377765726,0.08284106448817945,-0.10063580516083948,0.06351376472652057,-0.03378934647824016,0.014385894911569547,0.09992680460795779,0.014360164121544079,0.11822152525726093,0.046719646829988005,-0.00016876295247931835,-0.04271669982029941,0.013930077691041829,0.05962949814232101,-0.08126637525882847,-0.014838751508678865,0.13519444719661683,-0.027325265732773323,-0.03752333870459163,-0.032316775385498646,0.019660813244954962,0.08901971517594481,0.000340634771134389,-0.029101028954776748,-0.07047328920558635,0.06396169302154057,0.032317301826542466,0.07388437145818029,-0.05304225403261746,0.06316677442709863,0.08244970093786332,-0.017131770939395233,0.03897095113300763,0.18221595213031083,-0.027757077814424647,0.01991126229253175,-0.012478114054102525,-0.020021257037974916,0.07326468723374094,0.030791348354310685,0.0002660589496515953,-0.0717720531257155,-0.005290279980932333,1
-0.06078589554385345,0.33209250114752237,-0.07671943032562759,0.11904013900394601,-0.15873611581612046,0.10754606425283392,-0.023501322702397055,-0.03257452066960696,-0.061151223916755704,0.0667574977299419,0.05025729323889461,-0.09024500857151922,0.11923228879542362,9.614081855428475e-05,0.1476484262464794,0.07882568767656453,-0.03531629576796445,0.21546589633843885,0.06765679292025595,0.0191997862196712,0.11096313990303522,-0.030728825033089477,0.058326082682862414,-0.20694613414609894,0.031289848472731446,0.05313562709216774,-0.016885993600297786,-0.09225991837290576,-0.11556243102024905,0.06371297801551662,0.0769721006034811,-0.05411409326470224,0.0307443132075076,-0.03379878304115741,-0.0055316646063394105,-0.06286058317378994,0.0627947932628294,0.06087183623571625,0.16538751174163988,0.1213483988740354,-0.02381820127693355,0.04346112255672586,0.004203116888811203,-0.0009925043335222092,0.01447094495783745,0.05648410843683134,-0.0458295828460571,0.04143600995664181,0.02025794964902911,-0.01123594110163526,-0.04269604248050337,-0.02566736382129228,-0.04041274021201313,-0.13803783091873684,0.04910848631735199,0.04237614319850449,0.0318524381653002,0.0024586343961220257,-0.04088946842629712,0.03177175368788416,0.046768295950060185,0.12237966692560455,-0.015504985139706103,0.07035282352617744,-0.03784472811695058,-0.02327299956189226,-0.12217775093124275,0.010745105503836628,-0.0461070037375401,0.02188897586547266,-0.01874877831861037,-0.029951867331523992,-0.020231445709239133,-0.006214546239278023,0.10485667502848398,-0.04135710424154396,-0.02384277851710032,-0.04210135304263398,0.0896493506173377,-0.03718012337671552,-0.07013514478174067,-0.02955530489218239,-0.04051497078483344,0.0007745155946493443,-0.055960849735016506,-0.010484860432099336,0.09497820776757201,0.06555151092752047,0.004550831633766624,-0.0875773517083255,-0.00197812247060195,0.0791568789159129,0.06888915104285476,-0.03118539007489761,0.016983196206452736,0.047801759649291176,-0.038665577753774535,-0.021627615104155617,0.03379795214834984,-0.020115874860878614,1
-0.06657718354016502,0.22149922185660958,-0.08899502944549342,0.11368922347821758,-0.14041596203300896,0.021506537219133575,-0.010750987682513726,0.016938246414481852,-0.03614089084271082,0.017360372825872643,0.024666965181574782,-0.018560704910838076,0.053168391226267674,0.032659200122323304,0.06662416649097097,0.07740360975644621,-0.03357532022729399,0.09289273535792039,0.1422832681512832,0.004552695179872557,0.17039494035556801,-0.00755615311500042,0.05925436975572321,-0.031959600292065994,0.0729457283429154,-0.0005156717713931247,-0.048579345506355086,-0.1149028035630298,-0.07254781015079201,-0.034060311587365166,0.05521334590088446,-0.020452342549785375,0.029650173673904556,-0.07334597592124546,-0.08571827167282602,-0.031931292356289234,0.024868234831896478,0.038166429246152905,0.08391543567933817,-0.04038479121537783,0.0014177704878821074,0.0378653582059028,0.007067768439834779,-0.016784458477111977,-0.016377201051880542,0.08175647815314656,-0.0066950565840716665,-0.046795419216095854,-0.0718790388713967,0.014575608573436122,-0.10059139891614284,0.06819767770588438,-0.061967030376449954,0.019690835933672806,0.027601808676026893,0.01802458137546215,0.009512816714011796,-0.018860761037026254,-0.16122598539320002,0.09683839884454445,-0.02923856147282575,-0.01357512587232243,0.0026032935183527097,-0.06247626256068511,0.03861033015929157,0.12140743316860153,-0.08905751637557208,0.05208055466813419,-0.1227275961166922,-0.03366611733593178,0.10260961871979483,0.08016911364785317,-0.1990897141850041,-0.08167539168706218,-0.060848761080261195,0.06479659365053976,0.13975658917506892,0.1148819302975341,0.0025386532297697315,0.007366990807400273,-0.0861709563548152,-0.021513317699327884,0.12659104221206374,0.09190133768904979,0.06200863330937124,-0.037879316903462815,-0.057039050110650365,-0.010585592663057258,-0.08929909815664884,0.15875315487647526,-0.0675050329190516,0.026267193991440695,-0.18795038544474563,-0.007668701430441012,-0.047623533544405156,-0.060228317749828696,0.02538079389234378,0.026515123307562075,0.0021453655827109934,-0.10429247631223501,1
-0.18105711374196568,-0.12362670776156852,-0.05938074223943641,0.02716632264906297,-0.01883813047204462,0.05035229585875619,0.010064915728990478,0.12621229885250326,-0.498765549033599,-0.29053953060618926,-0.22478345792883694,-0.07655483465240662,-0.18725050667606205,-0.07805243371253884,-0.008525963159765022,-0.04524751383852554,-0.09168466725561636,0.0373863748092523,-0.09372367883076142,0.019353224496466374,0.01060689151404011,-0.05355972899447472,-0.03341721962398241,-0.10188109327035913,-0.08078992134409461,0.0045741779620228394,-0.054091839878689416,0.06985960924907676,0.0015301469853410033,0.031850475401626124,0.07669517147317466,0.02505704422062552,-0.03929566110782827,0.009785122115112071,0.07693770824198823,-0.05810004370176056,-0.009286505085293417,0.012072944756585303,0.015458645040942399,0.019124017296708318,0.01802599782037742,-0.011552153088798157,0.010295517681625291,-0.020094564885275952,0.007170369122336206,0.008157171032819098,0.0207238476820596,-0.03044824662505129,0.0012783493970741206,-0.005879380413274891,-0.03718424895032473,0.02194689955004904,-0.03149921547631194,0.027170239317313216,0.0017771237071984108,0.036373535633696163,0.043060455684777316,-0.006970819553235776,0.0049460699368682704,0.0005071906803914268,0.050116135740056016,-0.0018084644269127244,-0.013623351742765235,0.011202041709856276,-0.0007823009282221922,-0.03702443223151811,0.04890805085537303,-0.05606899030757526,0.019526207856754237,-0.03421647375631166,0.07177510031422804,-0.02221113413804623,-0.043952631045163705,0.01911410443388838,-0.036297953633835395,-0.01907239112313056,0.05528575221101726,0.06382246448067533,0.0008419395936864765,0.033543870725034224,0.021822562670925926,0.018220069383609934,0.03546833742596561,-0.016634033202855742,-0.0066400214936712205,0.05147075162925357,-0.04992235654154443,-0.0008511385241440977,-0.05213703058563561,0.0029506523386264574,0.021680630145368928,-0.0652903660965008,0.057680984592512315,-0.04046898487274696,-0.004675637318252797,0.08460853128621276,-0.0031055504767937866,-0.007634451704013175,0.03791301734558999,0.09029197535975977,1
-0.01803629281514672,0.1485325076065487,0.005112057358932001,-0.032893640011601714,0.16248603526526442,-0.0044670074860243,0.06861001191121137,-0.027017372408221964,-0.09828687612737065,-0.004342892394615394,0.09320957802039134,-0.0007261986039268135,0.20226811648300907,0.07430130159287283,0.344096584621415,0.04109478579581549,-0.06553386961569313,-0.06255281307117386,0.01504021773477203,0.08079921809603478,-0.17861284585611778,-0.15778029865292637,-0.018085806479990165,0.25667874325475953,-0.13598087622171,-0.017766300937151924,-0.10297344215616547,-0.11252994434854102,0.0037789442952591407,0.10100729427906896,0.10681538822878171,-0.04791691974636193,0.02201015145218314,0.12764418721367277,0.04172117715925221,-0.012205571154007071,-0.07373404284381589,-0.04253959139385221,0.009224298348980696,0.04039102774025125,0.10075947217348258,0.007804845737141254,0.020594208097406325,0.06911618710683236,-0.07267600710056034,-0.05952958296531978,-0.07747435142579981,-0.0012077066307775183,0.07591811234682372,-0.0073875635893049215,0.019648671457447402,-0.13454225114550744,0.03472959399557926,-0.1413763256258895,0.031308389063261756,-0.03554509744700189,0.017624426908225875,0.016946334199687173,-0.0032475438680634296,0.09701273576107848,0.07892986934115022,-0.0046242142955078775,0.04476418443183329,0.016041985189249895,-0.028325762443848487,-0.06412516695515878,-0.03444181183340988,0.026235676269072795,0.0483324499156186,0.060038863191470615,-0.021579093667557312,0.031177015247618088,0.024077457172595147,-0.007832794459739549,0.01860592664399355,-0.042025736898829665,-0.03048347074734392,-0.04561248060813751,0.05217775095519595,0.06277958380950774,-0.014811498335159714,0.0294840328888184,-0.038865219977466274,-0.01566774180481177,-0.008720216042941787,-0.011988722943179927,0.0005988635553127496,-0.00024644243581491024,-0.07949235002410954,-0.04419699039358037,0.00011754287827680028,0.10027119050284095,-0.04119471489833389,0.0023343544733226617,0.08729983255897288,-0.018872632465599806,-0.0957212535575657,0.013829613368438824,0.041851714124252794,-0.009816338544443361,1
-0.04960782671587776,0.15081111892799964,-0.03980555681750945,0.003009475213955472,0.16243675252210305,-0.024410946635491385,0.07241941517364234,0.018236401323879346,-0.043808186035937315,-0.009034311899298323,0.028935420895766048,-0.0009575614665657292,0.12510289882647338,0.033281522222407225,0.36491916830018817,0.07706196709889768,0.004677630043038294,-0.09614414548971907,0.02630646092572347,0.07512329517510384,-0.09737428969001806,-0.062668692916905,0.03375977391580145,0.3797534754900443,-0.18861186062578927,-0.09117941938269178,-0.11873770617916067,0.00816437263422339,0.005167613546764869,0.03980108847831484,0.18260654095463605,-0.026116798451340236,-0.0636987397294003,0.05135216281953747,0.029404733960419236,-0.0582582579153631,0.017367567477472975,-0.009167684101502267,0.06541533930828956,-0.05406657037202922,0.10087530879178462,0.014726479143669993,-0.02256529192042754,-0.0021064340817030488,-0.10319826858994953,0.059706212379430496,-0.10286513995235594,0.011599047327946723,0.08131305682722136,0.07999399593379986,-0.09244421912751868,-0.13110055186865704,-0.08036093176906567,-0.12541117881028063,0.09010282164874887,0.04687859727702781,-0.06206112571917036,0.004571685214685945,-0.03880768155110798,0.012613002572498781,-0.06441177158424445,-0.0728049624916294,0.026320731526784203,0.02019283000647385,-0.047986017875761684,-0.05550216759364511,0.046217417192516624,-0.053370490905294506,0.01881310698071757,-0.03593112679814823,-0.0348985697329306,0.023934679996273522,-0.02949154161650799,-0.042277557785874484,0.03411154689664645,0.05467510917463856,-0.023262042822686586,0.031079528491806264,-0.0049059596218474924,-0.0031809113256289195,0.02915111567875904,-0.014813345811583164,0.0712151482053459,0.010473895491462182,-0.025502006335915713,0.02239108002717288,-0.04531924257758184,-0.007731208012707123,-0.0031323709983470285,0.003240746515416503,-0.04128663121172102,0.007670013081700797,-0.008760834816546121,0.019089746423748735,-0.040787068916995184,-0.04104280184319112,0.015484100960864213,0.0021720315340888864,-0.03180328719986773,0.004092871669499285,1
-0.009520948630202407,0.15448059820071972,-0.09220930760265698,-0.051812005228832905,0.30494338410177396,-0.012424067318308403,0.09825594515613564,0.04338714569450296,0.030284891390469422,-0.07447465307945894,0.07581209642749372,0.06564854333195891,-0.01717847214806691,0.0396314115639094,0.09417618629906643,0.021678803863389332,0.002984089479533764,-0.06891223896132768,-0.052181101774423665,-0.10206840573056156,0.097663481342937,-0.004453593245713105,-0.00279960935119162,-0.07526324539095522,-0.013878452462639704,0.0009564554266260134,-0.05478622431205254,-0.04937527856959573,-0.02005329603080179,0.08478155729031361,-0.07988214904423503,-0.025581312005561036,-0.040333302805496074,0.021596301495636804,0.031185654896789115,0.03334920888008681,-0.060236027789837894,0.021762981677083952,-0.005449867803549756,0.08891302030557893,-0.012691261066620451,0.020760435228781102,-0.0704157774881655,0.016525276408244558,-0.040524554400795075,-0.08507192551438525,0.08412138850127453,0.14936976625868534,0.15668759520697814,-0.13043320843368017,0.07381904854419195,0.021001064372985805,0.16483732330851628,0.005490139983150842,0.05971412139999675,-0.1372916396790636,0.10541823290999996,0.026993777372550345,0.018668811864446844,-0.022296474172920643,0.035506751316075426,0.03915957022861589,0.05316934918274437,0.1018291476999171,0.010999775511127846,-0.0235295780462197,-0.023827108239139565,0.17522925756007865,0.07508242419232883,0.02327523067952436,0.0930693868039066,0.1829655234481402,0.009080491092154072,-0.06255603429699741,-0.026323135088085724,0.07267257924385648,0.0406229093092234,-0.04165970120145965,-0.1337940466054107,-0.05633174548628477,-0.11133936701396047,0.1521654356962614,-0.01903795662509271,0.016709472687067663,0.039498045055755944,-0.0734815217896985,-0.0840182604468798,-0.027307176510446677,-0.08105972055949903,-0.11507072983259976,-0.08601790076264046,-0.16477362712804908,-0.06042194023257395,-0.1035864497052821,-0.015109509879910063,-0.009473928873906976,-0.050831667390616106,0.02580569202244119,0.05726000374266792,0.04195863293537689,1
-0.27514280365855237,0.04031714860672132,0.44412135908634437,0.07151158690174275,0.03509699103685177,-0.22588800624238303,-0.0554432720485028,0.011301453322420036,0.021313002642512298,0.015019085435842752,0.010799922573247038,0.042826816352446805,-0.043532352835325736,0.0076916843810979334,-0.002448643732571688,-0.02220242367252567,-0.023470958678087375,0.037290659125479825,-0.05773701993151776,0.006810032878911524,0.04192302826935069,-0.08092137582773663,0.008851826334680615,0.005343453901123173,0.010188223708666256,0.01489033910421188,-0.06992811301555374,-0.007975405047832238,-0.03581267845816183,-0.010445122347603626,0.09389282829098879,0.0427220123754551,0.046103948751483353,-0.3144671319374037,0.03625153288603375,0.1270719519875647,-0.017422973560540407,0.056232449706632895,-0.0584222150587041,0.06324033028996695,-0.0937195897926356,0.041346689801000154,-0.027553776644769615,0.023036232363849985,-0.0004941151739868711,0.007139150829192376,-0.08164266840323578,-0.02167239586186079,0.04507068121752032,0.08917062450088167,0.04150364850322859,-0.08206642204217757,0.04119409288720526,-0.01541255890629383,-0.0550290572583905,-0.0010457114895028024,-0.0403034016546338,-0.004481088004096494,0.03212629826957033,0.024922035964286462,-0.048267425261769775,-0.0646787415886755,0.06179863513133373,-0.045930328728818026,0.04551952502836544,-0.09821591888895674,0.07903783440561535,0.03100331788864574,0.07499214576363294,-0.04669555296016289,0.07812492283154263,-0.04012118783586922,0.0138165826797773,-0.06809138714016748,0.042175843979820944,-0.11302691871848247,0.013213798414284612,-0.1548850152692991,0.0368534474081653,-0.015336959454113279,0.023057563611410505,0.04833725382642422,0.07045773183109583,-0.06558842855293538,0.07336219983911736,-0.1012390390773786,-0.09540567199091245,-0.03709694751893522,0.01874275725581154,0.016981815755851237,0.012375717272608087,0.07153079823511413,0.03559461199085636,0.018807837300370025,0.07185579878806272,0.005110122972880255,-0.049688788089851575,-0.03653187587618649,0.08207703562722467,0.01733256198749318,1
-0.11344453134585056,-0.04229255359634448,-0.007594090890911242,-0.0027857862783211705,0.039210606709441514,0.013874262539894544,-0.009523878599502657,0.0471537027355857,-0.15452339052681024,-0.09950500931920409,-0.049689241296513094,-0.03542413803018716,-0.04995403037578874,-0.0037256833280806868,0.004874607942182477,0.010954066961121962,-0.019836348076160398,0.026187547861900525,0.10373889355199577,0.03690092986578115,0.06640205794925329,0.020612718303249723,-0.037609761123117584,0.18314610631805178,0.15327046910710876,-0.014598355953865515,0.08612581251857179,-0.17162751471865745,0.10988892751954005,-0.14091204035425034,-0.1051478185768861,-0.01002019057809062,0.14335043836526276,-0.04910209016793865,0.15673073813357066,0.2060585457483507,0.20422408850045234,-0.06767702374777608,-0.001752760102840048,-0.06070695500811077,-0.09369627012443954,0.1495263174476725,-0.10047322589701702,-0.026650447549307014,-0.1149097652093725,0.13865260732176507,-0.03864987603410748,0.18733263497195726,-0.021912103799459466,-0.03559897041116961,0.16110280200929697,0.10209276068230154,-0.07544259706618664,-0.022454514948689337,0.03215755322171051,-0.006210772454330224,-0.06766923494790035,0.0688254647027835,0.12339146275170564,-0.1809170045133811,0.09504333594049295,0.05676473547991099,-0.12212518809603398,0.11495075538116657,0.06822860549214764,-0.11470184331679498,0.09707610547843172,-0.09718405181512783,0.04289035748923912,0.037829859714837634,-0.15030321695345228,0.04644388059016414,-0.06082469291088034,0.03524697035858586,0.01948065567814202,0.0877986669784247,0.10822441393022834,-0.004958116431235832,0.0487566556945283,0.02667242641646862,-0.04430210853464345,-0.020275857027456868,0.0908005607672223,0.06352417478372503,0.02813458214644592,-0.03441249883617546,0.09726646659488847,0.05098215107677483,-0.05238815727207338,0.025547520886662678,0.11897816753409174,0.04956366230616168,-0.04488308454020069,-0.07869610720715467,0.11830012038342576,-0.000569173020686998,-0.0059260052010513785,-0.02491595469964679,0.02975717681109143,-0.00013631242929890033,1
-0.3099369165213914,-0.251129872903606,-0.25295793164001545,0.16444708641884367,0.002737651176092206,-0.010272784974979554,-0.039867978080004376,-0.042441801092440966,0.04527217556428349,0.0595005587275936,0.022316975111336013,0.023914002172172977,-0.024081268960197955,0.0231358820741717,0.006110493020514391,-0.031162861334346065,-0.01817254375571429,0.06237068304603877,-0.09641970278340788,-0.0016035907610352056,-0.10687531958124537,0.02699777544645346,0.007604315054916009,-0.005619127568181173,-0.017645522003522283,-0.03139297725374417,0.010217822662011052,0.03006748893186216,-0.027027131707622238,-0.032002243712370634,-0.07180099440784064,-0.05695517616535493,0.1657064449146468,-0.05224919630028732,-0.25408840278722483,-0.037492723000142364,-0.11042545077722227,-0.01766310550296536,0.03299523673923036,-0.014081551050204059,-0.04892544061753296,-0.12121228645362606,-0.02224814259848746,0.033154825447234845,-0.03755699290630807,0.025878787099400034,-0.027660371076250814,0.01610861032915312,-0.03188923554492592,-0.05722812452003356,0.022433954863806033,0.03222498386905668,-0.014756511004739658,-0.0045161980247349544,0.050661349028706434,-0.010992253712368222,-0.03218423522867002,-0.013686788595228103,0.01416588386290157,0.01238487971538028,0.04012791507691514,-0.014827083495522284,-0.023779014874245715,-0.04200574267251539,0.04431318421515535,-0.02198702214362997,0.00963475260209084,0.03942651853304293,-0.011114521714076987,0.025207821089174954,-0.04687253309886453,0.058243072019062314,0.018443386855650952,0.10869498397064205,0.01959102748219932,0.027188772680104258,-0.01696624071742389,0.01692208231429701,0.051683312425631914,-0.07033412992706833,-0.03078436987741225,-0.0048268424986413596,0.07984857654632936,0.0275083025245575,0.07552137874988676,-0.006900096564264079,-0.036532240644831876,0.062450159297451284,0.07130889105374501,-0.0014595638353538422,-0.03095691824312839,-0.017525747632022602,0.02476595955061068,0.05231500065340179,-0.007898025315098641,-0.037254097440672,-0.12063771043491103,0.04006181170034508,-0.06614150886661778,0.04365032802007877,1
-0.12427429037756235,-0.13318750762985676,-0.12984802535478054,0.05249253784349353,0.008157846915250488,-0.026460751840608733,-0.03484285137047266,-0.020694613999980568,0.12852901400881062,0.04897899686292597,0.02317421269494685,-0.009948772816536056,0.03694357082954779,-0.04421876868515182,-0.06022295670645484,0.06268840364619689,0.03368775929998072,-0.06309157386354583,0.0627677793020913,-0.03338585960107534,0.12026241492005595,-0.01878883725246147,-0.10703999570129283,-0.11011344952141698,-0.01876927696344843,0.026765597476411104,-0.02570510848445095,0.007993691372569967,0.019984380308125493,0.057778746757869245,0.08695892494679927,0.04279853739998203,-0.2049812725085708,0.012197682607255782,0.28473094353161127,0.031455799886019056,-0.018233773011376533,0.057626404735507626,0.03898918681922727,0.004188680256307992,0.2006442366464498,0.0866723750955733,-0.0632392798970142,0.1126611431601119,-0.15289672026798085,0.13087483604805544,0.00697198572329465,0.012680588874780937,0.03430074408808703,-0.10120397462614968,-0.04306049667863597,0.05150362666597443,0.0636387086589303,0.03087335995179799,-0.009662638560433192,0.020497331625266353,0.05613164069377975,0.14215474339654682,0.01743713530373709,0.012710989151382274,0.11613553111449178,-0.013247294716490566,0.056153198199011364,0.11067489972819684,0.034341667589769205,-0.002241170354235936,-0.07084361224618352,0.005356957462452096,-0.12845718671449702,0.024380340665168553,0.030427146538712237,0.0036284989543609297,-0.02430670285482598,0.1181363472671971,0.0012708699573046843,0.012013486271014116,-0.18339675332893146,0.00512849711996857,0.17237966150737552,0.018564641304314566,-0.1751953372933113,-0.038577758808717735,0.18663071518090485,-0.06269698822247415,0.03158086713479605,-0.04284337460723919,-0.06284790460911172,0.21407119818138862,0.239175311117191,-0.10103739921516232,-0.06786334015536113,-0.051769042128062,-0.08062925940373128,0.05870276937477169,-0.035561004190806565,-0.09602408083117964,0.01969503494594223,0.0464894823058559,0.06974822795230019,0.037525350258809785,1
-0.17189036133896976,-0.1281713393102369,-0.06681373775218599,0.04526572972187816,-0.02865078625322018,0.05114459853770364,0.029300315221005964,0.04674959229224253,-0.12700869429636122,-0.10390998200199383,-0.07493085208944426,-0.028495789543712832,-0.06934098485470767,-0.03749282230465677,-0.029590148906173036,-0.003969455848992395,0.018255093425468442,-0.07629635109276667,0.019509247175168876,-0.014383457202388367,0.0429468746508837,0.004871451990166406,-0.0015294516418751613,0.1832629592322967,-0.018609436594352633,0.058550282232130824,0.6012462595194777,-0.0031337593069874054,-0.14244248092335218,0.14707111753485558,0.06267265886405143,-0.2444942881830137,-0.11249782090257046,-0.12351001273387478,-0.13282658717234724,-0.027320000701833595,-0.15262660476932136,0.031287165041938556,-0.001468629715155808,0.027422687897655104,0.034427312362787545,0.03974473667986204,-0.059549839932153216,0.08016076263656524,-0.012374714436755183,0.022638078916938385,-0.0677078736452857,-0.014581327207637072,-0.0036453514438115424,-0.004589861280658159,0.0015501966839717666,0.03116720218632809,-0.011919974031712346,0.03589099727673952,-0.0037734170943811976,-0.06421201453727444,-0.027589544984186136,-0.0672175220400621,-0.04198885544884426,-0.0017363735579864821,-0.05403191904983302,-0.015399733790921117,-0.00631064273507184,0.060630432441798304,0.027403166467292107,0.07579691289172286,0.021451990297704115,0.04836226286517718,-0.002401181950561096,0.06474068682147331,-0.07038974582454181,-0.0033443241009431146,0.03120545629647528,-0.05438399410705549,-0.004207656035341296,0.013561467199493653,0.01228837048352026,-0.052210484510176895,0.028786011014559253,0.007714699792608309,0.01753675183982175,0.005032262052110327,-0.042838953454020286,-0.007088299649837995,-0.01581146441606384,-0.012628448903219349,-0.010995200909389675,-0.00943390846638541,0.010047349515221496,-0.036083055882861044,-0.03205107271612649,0.004279064778469522,-0.007061277134545457,-0.012130279804997183,-0.050554446758353265,-0.02705358292388787,-0.01947169137439885,-0.005377159132082817,0.036404109681330364,-0.04472418418509547,1
-0.2555774614941423,0.01674158697816759,0.3503469001281202,0.04584762587892465,0.058506184030214195,-0.16127630422429118,-0.04715395469941014,0.022032330441394497,0.012397888299418064,-0.0009342002573265499,-0.009294860453904973,0.006364180357681586,-0.002838770565587122,0.015763727067185266,-0.011363916102566644,-0.0051604393395182,-0.0011310536906588625,0.025883329110635636,-0.02704243441735387,0.029667484089411254,-0.039070047146929285,0.012386370694736942,0.01736784216904502,0.012378486025801126,0.0032071709659065775,0.000591121526335469,-0.024731838204264802,-0.027573853150571377,0.0425799586502518,-0.023211251702931018,-0.02401419696026336,-0.07049379585201467,0.06093476555490086,-0.007301747753570346,-0.023557662511781534,0.022417226346948173,0.007566006488872362,0.00511359817989648,0.029256681616668986,-0.017319391283282148,0.022269743658791807,0.01118189315017477,-0.03270380608997259,0.0040789738447268966,-0.06026540897291992,-0.00527293074481794,0.028690621936198785,0.032005256305861936,-0.03733887145789427,-0.029427070044138803,-0.0018670898162083472,0.07625236238518095,0.05388727919373138,-0.07536761568868496,0.021335179637287854,-0.0011452925978026542,-0.007060866272343816,-0.011713534541958686,0.003439885924651878,0.0260094810812359,-0.06356041765254498,0.14534472026991493,-0.017683058777712566,-0.07631292781127749,-0.0020873537938254703,0.09099538732664667,-0.07865893922795547,-0.062374354433233366,-0.0973976941718294,-0.03549682468254385,-0.10703010734024743,0.12776993530939817,0.063418173057388,0.1323644818146709,-0.058671218046832216,0.32565762196601933,-0.012083892843923909,-0.04174145656751704,-0.10217107902298768,-0.010165740899657078,0.0551031135114541,-0.16245531464962704,-0.19927055776925645,-0.0005658175659645397,-0.1913495258189544,0.20099524805395738,-0.04701828436563008,0.08442239242383977,0.005373539026790721,0.01681644024343344,0.0023063487651399307,0.01705763544812128,0.09814426944825229,0.020554701100748862,-0.07816612156212573,0.058655361754550946,-0.004059327459857768,0.09819093508141112,0.06539792980749762,0.10685772106434199,1
0.004154892262760932,0.07900776385036004,-0.06215644189151955,-0.09555570075715956,0.2778606104105463,-0.006097327978028901,0.10046279011172646,0.06556264808166824,-0.008869817370406782,-0.0986227725878263,0.05618906958566958,0.026036551361075112,0.015287962850442352,-0.028053752958369545,0.07638695195877532,0.14731715739679435,0.11048688175725062,-0.11567087924305224,-0.21372314200929962,-0.2029136647305426,0.022491737910494206,0.09638274298166045,0.2356551641762472,-0.17955939439983745,0.07971806064249712,0.013366755716536644,0.10315212928020526,-0.06345242548064987,0.0864973058045511,-0.019061244059545405,-0.046713473608013874,0.09048184269806922,0.021128894490707383,0.0015152628314792716,-0.041629029485151105,0.020203972475079032,0.04954503221792361,-0.05092494885012469,-0.029193029000242163,-0.0037472268090420497,0.1053961528625015,0.10739211518513292,-0.005505423360410598,0.03597456630607348,0.01584650842682767,-0.057990834791825686,-0.04791311691184518,-0.0539024776926676,-0.03340041761948322,-0.030283073684571706,0.03337157367325053,-0.07632393532134096,-0.09587796928766408,-0.016842130209782414,0.0421116566299005,-0.017630454836092734,-0.0032604029641734806,-0.03506429690209175,-0.01002623864165042,0.045524969384413735,0.030540337339329805,-0.0984270692293588,-0.043197207401096234,-0.16125349002410186,-0.03490353054308854,0.0175109324936079,0.02126837347859228,-0.11648894558779249,-0.0738168087166653,0.01287103611321299,-0.11457318540422218,-0.09698502624665584,0.023751373547478433,-0.01970253887453569,0.009367136111009908,-0.017857773222865452,0.10668704015358567,0.04329187269978732,0.17524032007685356,0.0013056564436361741,0.043713953974579695,0.0018206452858579665,0.038226960824428745,-0.12794681315261508,-0.02665186793300139,0.08590288014640178,-0.029113990876013296,0.008801162814560547,0.020074699815853716,0.10096241005712919,-0.008067400024451091,0.07602008722788935,-0.07270642698746561,0.02885704530146687,0.00047333041557957916,0.05625837761552934,-0.06861293552368299,0.001809204376625819,0.04017059459745597,0.0633581005860746,1
0.058426794011218135,-0.047017355423564146,-0.012753655211044537,-0.07362957587579701,0.06597006884691223,-0.007661954591943034,-0.04343895768202451,-0.0012674234492479793,0.09961857942603157,-0.02360821292312358,-0.10201204158445486,-0.08554267643834775,0.0712120253909874,-0.16625758061835574,-0.08357199164814948,0.04342864681069332,0.026621177388850864,-0.03139222321970894,-0.06463721065624985,-0.0881361875113755,0.043332007542403184,0.07811160238382925,-0.14452345010095036,-0.01768607254333571,0.01614839857108571,-0.09838782493827054,0.07491828328303476,-0.038230760608710564,0.0030385748248330535,-0.22882012014198608,0.3027043384115752,0.006437357471051778,0.18275694839507578,0.06375967306680291,0.04270226210085444,0.02661156159057316,-0.15367085781418469,-0.05767052598916452,0.1478696433244268,-0.057674655727374596,0.14485881159694491,-0.09410652187565598,-0.13792216921685302,-0.13619040496587337,0.09708999522539749,-0.02158737859905321,-0.012547990818232407,0.02868927476204241,0.07401538716868965,0.13682496311308057,0.0666284063879965,0.04132476362971927,0.03649807339805497,-0.006207325075988547,0.01066973534626317,0.04513832468561629,0.046108410304254645,0.00670500413836422,0.13433171969483307,0.024309792761582256,0.0828558599952074,-0.021319661642463062,-0.0017409603491868088,-0.11844293148029456,-0.05878618441124624,0.0018946969249712415,-0.1533482788779355,0.0822170305867165,-0.004468634917289545,0.05161548836265027,0.02927555416139019,0.006279915066913639,0.032565328474066256,-0.07066464288246341,0.07369933655120113,0.05716674295062092,-0.029857742106451604,0.02271783067108446,0.01244431887932651,-0.06540119710628559,-0.03517135960430258,0.012394518970655586,0.07635283640758313,0.18481610678719054,-0.059210794378860745,0.006574662964467739,-0.08294383269680718,-0.050707583885442074,-0.04255154759802933,0.03304772738756244,0.06601422524057791,0.06982194579407618,0.12672627852184204,0.008540223117108886,-0.02233176201145914,0.011121836405865391,0.04651825278841581,-0.07401453796006872,-0.08560400968327797,-0.100055044189774,1
-0.16710652131592094,-0.13697166470323216,-0.031134683483665708,0.013474631708905416,-0.0173438467863344,0.0978690411840207,0.01341663892183063,0.05552143611210775,-0.16313961890698553,-0.1301505574782354,-0.09225446998688015,-0.03474713426257541,-0.10453545218771305,-0.04329527494297921,-0.04218637988950509,-0.011571711384918111,0.015565956803176574,-0.035952654464105525,-0.01857511650599749,0.014610541992183482,0.014348597411836347,-0.02291111009376141,-0.013338650719633083,0.1299842614648837,-0.04896458111491562,0.11041852459454514,0.6327317588181977,0.018046146161055914,-0.11036017329031216,0.1707299586537911,0.07500654039188796,-0.28338625627276093,-0.10052815857659393,-0.0948761016507636,-0.0704886775022845,0.008026949285521537,-0.0982170819670783,-0.008808484761366113,-0.013251971889689657,0.0409861164803635,0.037367140904329736,0.03663606807355633,-0.041674768826008665,0.03871893713487186,-0.055151361437364675,0.034144878050189405,-0.07499939793239983,0.028962820599327567,0.048522627662094545,0.010896221323403281,0.042728871151707544,0.03065091411217522,0.019013903568531568,0.010262210379575051,-0.00865417469886069,-0.05920382917020447,-0.003777303292089596,-0.05898051048027164,-0.033553670514215275,0.02611186423171939,-0.04904809283431181,-0.02358785488558816,0.004986710462676867,0.06620500404737154,0.05984020978192047,0.012904193326643661,-0.028695841053809675,0.012945662357957691,-0.01730037809865858,0.01890422865580753,-0.026216119340943058,0.05394726513190019,-0.0010533722943880093,-0.015232127455974602,0.008770672502679574,-0.009310304062780548,-0.0301848624218016,-0.059850912682576266,0.03713277023843127,-0.03622362969917129,-0.009521515853660869,-0.020402769115143406,0.009313726040356499,0.03727928423198481,-0.03897809620398062,-0.0015706217701096999,0.03558502906738986,-0.03650386045900457,0.008749688887558095,0.042055422871385986,-0.022664766057619294,0.004468101486670901,0.000764349559925628,-0.01160470113311918,-0.0013582377705627187,-0.04315589285142469,0.032107002517402936,0.03151518546266611,0.0035182161571411445,-0.015336662381708995,1
-0.13713606730045869,-0.08594282420406758,-0.0193456685646204,-0.0012652033907191898,-0.0013269978963598229,0.04285248429653532,0.016957767346112623,0.13685169155645838,-0.4952471409182524,-0.2957385199702873,-0.2079231919121259,-0.07188813988077512,-0.17992156889742844,-0.0754543547200243,-0.0006547250043558185,-0.03816068587155696,-0.06598081083352791,0.04509869249480789,-0.07282295602439982,0.017961777588664296,-0.008685715560357259,-0.0445423843866781,0.010260453633184825,-0.09555489355111545,-0.09556819824915541,-0.02209486779470785,-0.0838975445824203,0.0939193348495988,0.006875996704684977,0.03291667592801533,0.047798614524748276,0.0788904326227894,-0.06488357250305217,0.027899403454927238,0.11135262622928811,-0.054623594643415686,-0.012763583928023865,0.056356192848493386,0.01632704133300442,-0.03624538941907468,0.08103660965221056,0.06344853585640989,0.03520204152657083,-0.0026519192697912796,0.02337878408493419,0.036833134754047064,-0.017813527060183965,0.0025857039157416266,-0.011443280091027984,0.03144798544740097,-0.039142279946100096,0.012762459554620749,0.0050884283642500345,0.06693615804419402,-0.01637560870862313,0.0230610206597522,-0.029574519235045164,-0.016923571212195038,-0.05833853263037828,-0.052995065354258006,0.09137882184063671,0.0025362820527375916,-0.05276869660874135,0.020795062244547014,-0.004946075543125029,0.04505212692278169,0.055435137581558054,-0.029383585063151245,-0.014007254838462166,0.06662128310982493,0.008952353223648053,-0.07273855048219684,0.034108877800716655,-0.03030781264270527,-0.08602282809587304,0.011779111690883635,0.07498662734396211,0.004159926194980231,-0.0032742334985552375,0.02007976742272144,0.005007777056112847,0.02218102297672214,0.012284369148791543,0.037179983931313124,-0.0031581318757330982,0.02808527710665249,-0.015463700106007644,0.04648360486632612,-0.016242094788621108,-0.04992841881654981,0.016254440610293987,0.03127670695059838,0.017051896960427783,-0.06249718724960496,-0.09052838899856454,-0.01568304585058615,-0.02562967712710297,-0.031493339225626256,0.050408884550242686,0.02798735319942799,1
-0.08480578604101986,-0.05344589783858603,-0.11278216311789703,0.019542275124249293,0.02908314787116096,-0.009943574906447256,-0.015348654475677372,-0.028309415420327933,0.005790520148599478,0.003159267641427087,0.0025800928598435197,-0.03605963051510489,0.06044208636180211,-0.01876120189700169,0.045242013740649394,0.003990163639913372,-0.016471130242287416,-0.05468834585724409,0.07650653137145383,0.027449964130104674,0.06102281284395338,0.023263279949693825,-0.05370975107492946,0.03334219832997182,-0.005358323637345156,-0.03169499000109217,0.06241319127654986,-0.04618733661234888,0.09011133939532756,0.027381067884899357,-0.014219597094808899,-0.03655615766997275,-0.13045818487818864,-0.06103986443100884,-0.018080968392405944,0.03930888915863982,-0.11867153674033408,0.200231004859257,-0.024237662535877353,-0.003260409724982332,-0.006079911199160192,0.05998532865440905,-0.08506990570219047,0.030045573834657932,0.05525456849299945,-0.030928658425884582,0.2703832010560408,-0.07716511680174566,-0.12229557805118205,0.11006796867159396,-0.10151979197096536,-0.08319146708350411,0.09106328032884839,0.0006447982756225348,0.034411709207887144,0.021928457410888294,-0.12304673121251707,0.04743222273584246,0.08842909435343031,-0.24637103100351831,0.06947339654590269,0.1828857388554864,-0.05574814913732453,-0.024331129438240638,-0.21706804034320265,-0.03883244151357946,0.04655751174469369,-0.14937560447750323,0.08386904057716342,0.15274679067005217,-0.06681305320813295,-0.15631944728562416,0.15645168048453828,-0.07886098170774457,0.10827343246295958,-0.042863632623228114,0.024238243684157473,-0.007215920256753334,-0.14951705081594097,-0.11780039587935592,0.09661669854198665,0.09216641002754948,0.04146663131289725,-0.14243576137501743,0.06752028092253609,0.13133971548752757,-0.13066246035779827,0.08182843705601701,-0.13899081449673809,-0.03494113240163505,-0.003945972078393805,-0.06231631918883378,-0.05915571977963875,0.07892356984643675,-0.005764196244257987,-0.07432211398491521,0.0455421134190023,0.0948975739294873,7.111006876415809e-05,0.01061386684967319,1
-0.39570126401996736,-0.3660708356754873,-0.31453481210194684,0.2088132678373182,0.03417015376541345,-0.00568640372147009,-0.06658257758932984,-0.040463034417488546,0.10844568801248276,0.09456615656867257,0.0718544048225938,0.03443208893700176,-0.0074887315167815535,0.02943310053945832,0.008978047872178221,-0.05245977323552624,-0.04437481347360041,0.12188440084596149,-0.12712594860806212,0.019765963980647776,-0.15116834884622074,0.0036443228184167213,0.03402619259285445,-0.06886931774817928,-0.043273803095752794,0.0240623341107073,-0.06959367758153029,0.057094715183415606,0.029839638974528862,-0.039825474847932446,-0.032755070458674033,-0.024670198692815625,0.1432382313089178,-0.026153992190775476,-0.09400123518771683,0.0010978076021960154,-0.016059510247657522,-0.05434646854397357,0.025081672550141782,-0.012872846555588003,0.0012856343694557023,-0.04039948112693423,-0.015749127148171338,0.009016542847597661,-0.026554047166873793,0.02585280153404822,-0.12085020104839322,0.06738112947687874,-0.03936122981024914,-0.04208650676669347,0.05494775506306182,0.024255407551115486,-0.0028208089142945842,0.006349091837162489,0.017794765864078202,-0.0607040029641266,-0.03457053968884109,-0.007844385188514887,-0.02331297639515223,0.01774735207543931,0.002835203209640644,-0.011206779186980834,-0.0001855179327581167,0.02013947910932435,0.017707978948970558,-0.038623671376128925,-0.00018573302238058967,0.02256665750221457,0.06368462145834844,-0.002370234446201594,-0.06494031510594817,0.02390824466993352,0.020101300105973222,0.03167557221198767,0.043418513169334656,0.032389080219661824,0.003191196276300791,-0.058209889305170986,0.009014946985204414,-0.031080924438555455,-0.03477722204089446,0.00484930533358083,0.00421514335677312,-0.015161434556848727,0.028753722269863585,-0.01385641533538729,-0.0382946273026975,0.007732729605392772,0.045698711671205976,0.012706167654685671,0.005526963808018331,-0.0018262262011666515,-0.0017585769937104093,0.005987115719926038,0.0318357951551623,-0.01621848789540822,0.026453392978218346,0.018483730964219573,0.010570352165032378,0.02967155536258981,1
-0.213503211164499,-0.19283046221125608,-0.19949853362268072,0.12915106494626122,-0.03313657537723033,-0.028294676124529607,-0.02814506526406185,-0.01551190461641149,0.053422844649356434,0.03683403085759435,0.018081649613466238,0.00848711301303471,0.01762577853543847,-0.004401073521389271,-0.031490252366980394,-0.0013352900325765942,0.005666373775552921,-0.05760382557351591,0.06440730309013773,-0.019934700791900364,0.09164726943753351,-0.012840879346412629,-0.047406783354626794,-0.04721305153573706,0.022688218949089674,-0.01441371938237107,-0.011395809227917759,-0.03589211081510387,-0.0033067434763126287,0.02802236262353714,0.029220653779414213,0.023175258925095532,-0.1414463564092224,-0.007214311633429613,0.03734630288561589,-0.007807399839470323,-0.11536841073470482,0.18813334638095736,0.019569919893888323,-0.0511326922297356,0.1381650641885482,0.015615209934529172,-0.10833164508279855,0.1388616887995851,-0.1742019138443704,0.07852350532512369,0.0958141000583545,-0.05950153792446278,-0.059955988686448795,-0.006633296874669019,-0.12028558729373462,0.025343443247509152,0.03531243309357025,0.09295611264719503,-0.013030787898970326,0.07246018969778907,0.004264069541399154,0.07174004287670818,-0.019584031218128982,0.043238393405176115,0.041764068452954196,-0.05488909020601802,-0.024633347788531348,-0.12196107664152644,-0.008805095777063131,-0.14547471622283403,-0.03049043162232403,0.010025939806269172,0.07924109596094911,-0.024302714481637223,-0.0830423847623942,0.05614483505864871,-0.019879290854365395,0.05242263164128455,0.04865661632616323,0.07550010215872974,0.08279527167350564,-0.018196521221180317,0.015872273724438016,0.0278019850910374,0.20455936005382952,0.03205135268944809,-0.13338423234511115,-0.058559523816882744,-0.05590173027305363,-0.17179477333026463,0.18352265287002015,-0.22423625103782965,-0.15764656703935498,0.029327620598180813,-0.014761403561515384,0.0697194822422267,0.016261384250496738,-0.12629302762199987,0.1061729395968706,0.09123674669747016,-0.03313409737253582,-0.18244852726336375,-0.13336370608812903,-0.0602851895257716,1
-0.17747779221469348,-0.12531410243244578,-0.06470928414824864,0.03229647763087619,-0.005089696413421217,0.03297082842218733,0.011241033839696749,0.11542452502752248,-0.4439540207019366,-0.2504026439032642,-0.1925807788247225,-0.07578066395865751,-0.14159007207734395,-0.050757236533863596,-0.0077795844136204035,-0.05269390558953932,-0.05598596200881637,0.07215403421909597,-0.09184793078019925,0.00787128961317258,-0.04074587068265665,-0.013891471832512268,0.0013907610133456008,-0.13004973300989264,-0.07719212254635303,-0.027063510677340193,-0.24758791357735738,0.055815356360168114,0.03428740038632888,-0.00022280497750426867,-0.01717975277484241,0.09935820763083487,-0.01817854574364987,0.06821216095411772,-0.015030982674182592,-0.0641558959319293,-0.02998060221461931,0.02502721117274709,0.029310444380798693,-0.0447435238122539,0.05305874361014106,-0.01407252654814347,0.00529425179210643,-0.016607246246550356,0.038772970748104284,-0.005826581130940905,-0.05388407778228659,-0.010055480774964702,-0.002966175289486679,0.04744959365630428,0.01514600056676546,-0.005263509271856389,0.03042116387783531,0.0519529645053002,0.03440023049422317,-0.09222827923027363,-0.05337313513891902,-0.039120893288688806,-0.02684590877591568,-0.07359184846614782,0.009725286297133267,0.0025736411288838222,0.024096646782119847,0.05140916310120058,0.01804207525019639,0.01682901982514644,-0.06599769786517165,0.03864680819044282,-0.002422470488065928,0.04306833206917132,-0.08879012201645317,0.053038089852880325,0.04600717932216532,-0.024506564156603555,0.030781084145228163,0.020162449809785918,-0.02241854561327945,-0.1498548520795476,-0.0018571078063278187,-0.07058636311686796,-0.008847659404592282,-0.03426790934637279,-0.024791663634145845,0.029670083404608947,-0.014747887723747004,-0.07879709102031614,0.06469226417368334,-0.07445975365021008,0.07410636020391373,0.032721874436652115,-0.027388392081060826,0.04561301306842803,-0.046939949410406086,0.028929016968387698,-0.04550749728764311,-0.09169433741370445,0.04166229808347494,0.03544373218762456,-0.0407358517417367,-0.13934321615311374,1
-0.3279811200986371,0.06854736965798937,0.45391854222482725,0.08130682255211101,0.06220793614653052,-0.2243523904191639,-0.082378025786055,-0.005860631796196848,0.03391754921016306,0.007034448814733622,0.01654206247958587,0.024002378671667803,-0.01812029494150684,0.00573416906694832,0.011113404231452035,-0.04586537739617982,0.016160095406640256,0.026862506031930036,-0.03018219689008606,0.040738775670799414,0.013457722478546022,-0.009025903334541478,-0.007628757874297979,-0.006994498885183225,0.01956392262391748,-0.016624172760325524,-0.008422954897751524,0.002646082387236215,0.021121180037092232,-0.036765923099914416,-0.06345839589823757,-0.0037890984568594026,0.07194733593950904,-0.0969791426850692,0.029405358525981255,0.025093189198520553,-0.029417429563007153,0.042996182730148776,0.0688002781057138,0.016749267626875872,0.02272047892623762,0.03600931024224846,-0.029368641590711057,0.03212922042376633,-0.04611307416365234,0.004021658612014937,0.021123928190184986,-0.026469833476708626,-0.02232087739912759,0.03510713942687976,-0.007575078957131301,0.0028829847482330995,0.050093336964791596,-0.05067188747960762,-0.05657000946368377,-0.018331202836320355,0.0018370405494513538,-0.008404351229455546,-0.027283650532706226,0.05752551637470884,-0.060166160009932856,0.08393254758924287,0.024713081954827052,-0.06705091572737748,0.01859719402918526,0.10041336785674362,-0.0043309560270107204,-0.00710595946613644,-0.10353721812064735,-0.02960682003108725,0.05693179753978307,0.13038495207236567,0.08809033050464736,0.004334643385448716,-0.11198941883290466,0.1230185792575378,0.03546714373610467,0.01782640241534881,-0.03982404415938795,-0.029637689812283402,-0.00608073849499105,-0.0006486405020817043,-0.09307818016409218,-0.05929227606197844,-0.09350211357045811,0.04201079869997765,0.0922302677009211,0.07718457000713193,0.0073624882195795095,-0.05353005096570964,0.09748472926959205,0.03373003827542197,-0.05451730581327634,0.011039591996165386,-0.05568489540132246,-0.019082622370150223,0.009006616866843346,0.0036642159701671686,-0.07096976489511776,-0.06010383491701607,1
-0.009358576270307246,0.13314121357661204,-0.04102290771338298,-0.03470631908852211,0.2473631872925542,-0.02493792411718648,0.07033858663510346,0.006852758572074544,-0.02877172189254575,-0.006945747349722145,0.028732488044915138,0.02468912026653958,0.10022179340044832,0.0399480468770458,0.36624212488019436,0.04490966301702888,0.024992303515185787,-0.09885240256696122,-0.015185741660910983,0.009538660910948772,-0.10352368012241443,-0.08876805188135577,0.037791276571887786,0.38748478800022196,-0.22046591378783956,-0.12574338708845803,-0.13909027204462177,0.0014294797935284402,0.00816477355983783,0.040934725287375386,0.18971920264765424,-0.07089615253100988,-0.05327990704142846,-0.01624659549480222,0.016222503386913337,-0.022203966690147153,0.020667552745377647,0.007246437275845718,0.0051689071916647955,-0.03316428727698349,0.06808556920308446,0.021469821161808993,-0.025035341301360373,-0.04339004488737316,-0.08144498643751287,0.05225656070266102,-0.07862085512395982,0.03204242097994096,0.08728755122640565,-0.009183568379057743,-0.10092335582329286,0.0038862894466378537,-0.07102455797042277,-0.07646269305519932,0.05213111083623149,0.02566610585328724,-0.0008777238377667381,-0.0125338805259924,-0.017366540048399253,-0.02949031189596822,-0.012069443612214384,-0.06713146016939316,-0.04123403105923608,-0.004971433399588127,-0.020264045113140138,-0.0022614088360610124,0.02758087293203853,-0.05791886829249969,0.01211568410889102,-0.0041639694017718935,-0.03473547392398576,0.01639096912472345,-0.00644586668434029,-0.01570010670518053,-0.04307090806600492,0.10273480824864453,-0.004527042469407701,0.03637143091341448,-0.04191339480229403,0.033799872857607674,0.022951112472904874,-0.00041765637658203,-0.017039624732277273,0.00546490095096108,-0.03846731790514818,0.023083140654002493,0.016557225369654725,-0.011734119773516617,0.10468947904007923,0.07592920899768082,-0.02054002970931673,-0.0288028389616938,0.02228353610688819,0.0379631145669039,-0.06172334254089408,-0.0026915218726053327,0.10948565997965694,-0.023023864235574346,-0.018272538016495074,0.020792306576101628,1
0.036561387374408616,0.22539976254724345,-0.11440544893473728,0.03854266931423351,0.11621755365737299,-0.03650922491588335,0.09926321145679967,0.017881598843530536,0.0867909267916035,-0.019825569308455745,0.05907067350264828,0.09833004761576415,-0.1506270796242679,0.022913191688698133,-0.09223416753035872,-0.08647693636070043,-0.04097242727928504,-0.1419054241264071,0.028233428126856207,0.03345463366307636,0.14003256376180914,-0.04028556524945992,-0.14991543860277534,-0.0782414792604918,-0.11297185197805577,0.0045976149010431315,-0.05273922180854389,0.0889648259514424,-0.11497041898003031,0.11202779217495962,-0.1339599258603683,0.016916924222787413,-0.07421078660292064,0.017232018334895138,0.04103800961004456,0.06327709763693738,-0.214124512183154,-0.25531168568310647,0.12103825698217463,-0.019120964560119656,-0.09226064500629168,-0.0591256895439687,0.03719996607228305,-0.010544706249531651,-0.028349914773615127,0.2233384492794852,-0.025659463748306997,0.02609068079358793,-0.12535642000228522,0.013383792141880868,0.07218658593628088,0.05582235942451912,0.041835446625344205,-0.23358247362154963,0.10678170997947022,0.0008983290244478734,-0.04136301370767066,0.045779554838629846,0.09035173582388986,-0.07014136537748647,-0.11501354301117289,0.006118401777712107,-0.13563055906309485,-0.07420287300060181,0.016325097259710115,-0.053941812658127114,-0.019316649168423763,-0.02373558065300448,-0.14361667613939888,0.03709576986012385,0.02217962267007544,-0.09100805491880723,0.015012203433071272,-0.03428563853696404,0.004869807342478138,-0.03657959674673679,0.013843257179259298,-0.028960802802998023,0.02261154706802786,0.030012295076860533,-0.008295284575127456,0.012778210214473937,0.010724450041316317,-0.004042774242766347,0.0073770699405650226,0.044443423661569344,-0.041947235523260656,-0.06247620693459762,-0.03310740993400671,0.10992577117403322,-0.013461325302971065,0.07853619835071718,-0.04171033448819383,0.03690617729255502,-0.021118019787129155,0.040649590046682116,0.058546994187242955,0.009185824442621325,-0.05680406776781165,0.03937065005698228,1
-0.06720113731627025,0.27183776345311333,-0.11622390406569819,0.14423718730705753,-0.1702851665809169,-0.010224330350987309,-0.04332494951722788,-0.0011905067092070083,-0.03631163601853354,0.04441803394235624,0.007917437148941667,-0.08511043997271368,0.05656826521066705,0.0089569208276988,0.009309605532662817,0.002391268621582709,0.07231792292212395,-0.0690130327986612,-0.011949991032536012,-0.11557254751064396,-0.00341039958163577,0.007093503683715667,0.04364258434828134,-0.036432857131528995,0.10171691960310976,-0.06987818428085092,-0.011847668101535334,-0.06601535597828963,-0.07538444444870351,-0.016596535453381685,-0.030139079108573084,0.011597352340937915,-0.05086466466935269,-0.04216532809092816,-0.14057364604882644,-0.12444607405693808,0.0033213169976162886,0.05616308083940705,0.0916266436529418,0.04489332725428376,-0.050273424936131225,0.09086135808789954,0.03249282133400969,-0.01352167757343851,-0.019505454443845598,0.03856923653729768,0.07620141011536545,0.15040064471237014,0.1720213609516105,0.1161291860120192,-0.027958276616622507,0.06798743166858336,0.008246961237451117,-0.024585011385948017,0.03513751057839315,0.10153032736730767,0.04721130832547659,-0.021957563936918004,-0.0010590015365259623,-0.11521970391725589,0.039113805480051826,0.010148609787369731,-0.05262556209469334,0.1998938280652081,-0.004212867142213093,0.04244758599254247,0.05162001841029095,-0.06994328874419406,0.05608209008437771,0.05525948108723383,0.20685372259829382,-0.09432706468144486,0.015683322351310106,0.1127655723711141,-0.1675107560102452,-0.03787960360449253,-0.17629018287023981,-0.08278904311113765,0.014269742623762205,0.04467069194145725,0.0821100806891253,-0.1146036092453319,-0.0641923588353167,0.060522862217889425,0.009608510005837534,-0.017003553238369978,-0.06713828858488154,-0.020114861332979097,-0.04857042141601085,0.13387498238379564,0.10327978362955732,0.1043795074816121,0.03045581186324091,-0.030146759986533277,-0.0034003155988536525,0.02227066759856536,0.07471311787963815,0.013150592108508802,-0.1165401208429356,0.019312191191676355,1
-0.010707202835248215,0.4065876071481727,-0.1365186866729494,0.20975317522973888,-0.22470959362003362,-0.021111887551844975,-0.058145083664093926,-0.05768186934945595,-0.08323406262440027,0.06463984277650903,-0.03275757658084289,-0.10329767405240871,0.0802667294119961,-0.05319037871378455,0.001987483765926854,-0.053736823400217064,0.08269177078443976,-0.1417018634529196,-0.11515666111662035,-0.04226625787843143,-0.2398377602132912,0.12392878651136241,-0.10132758691580311,0.04218249011956495,0.0016849082851621467,0.04645622811313372,-0.008569605066002852,-0.0010828225648992153,0.03902999946278503,0.05065415039660097,-0.08918655280894126,0.07781919777909847,-0.05165376556169264,-0.07655477937242407,0.05296579583011665,0.09716017519899334,-0.03343658366261306,-0.026518498335343702,-0.0924504529096146,0.014224176769670867,-0.07389309490119401,-0.033209215369424755,-0.028182829698022445,0.021825852814142264,0.04043937658110984,-0.015799643017518447,0.01701655808960723,-0.02027829199370115,-0.016833183764911074,0.026175911442279567,0.048974973205137065,0.01013258858024884,0.06657527461534227,0.016381297723193546,-0.09912318517648852,-0.013117452682876243,-0.02316525885567849,0.024850918204489172,0.011248641725521766,-0.002751508738698644,0.007465101046255373,-0.10354774771680293,0.053495959136813896,-0.004162255203480201,-0.04965116225007,0.011851633599904193,-0.05663804790620889,0.02319396868321045,0.03613949081057234,-0.009748205255945398,0.001597327714217826,-0.0051382535028028295,-0.10319985504871922,0.01281205327723881,0.07226844366164094,0.15120933620315102,0.0615162930130801,0.06693133464224442,0.08383157039544722,-0.051829358608706175,0.0690617240019063,-0.06058971287415226,-0.01941265774574272,0.031129466613182954,0.0011292858135950213,-0.03055918206740502,-0.03957842116317867,-0.00011132406627260236,-0.047195926602705184,0.041289122297563846,-0.03409460457206832,0.01222526856108414,-0.014639711570246737,0.05663281628178813,-0.08917868462871713,-0.05820871717883431,0.05112203545592308,0.011445568694197557,0.006468218439079141,0.0744509712946416,1
-0.16496591216703968,0.12581495822664265,0.1622847403187547,0.06373193109316527,-0.041304683426851924,-0.057894478453600094,-0.03695798825899687,-0.0061377169695827965,-0.004783401607398412,0.015195370554316747,-0.0002408334871004566,-0.04288157830371382,0.07850589288906441,0.004682131094325082,-0.009147607420303745,0.029063314328856515,0.020382018723034388,-0.04527486183030288,0.048554490522027295,-0.03166207977183739,-0.0583250973259755,0.04877523970588505,-0.0535430722720828,-0.029994533594936163,-0.002169396982761905,-0.018391635431127352,0.09654030413776489,0.016482834681943195,0.08309045532150064,0.03520945712822304,-0.13059471105392265,-0.07376535907362596,-0.12807241015196177,0.4541440195123293,-0.050430147395799846,-0.19658892851070928,0.09586206282459593,-0.03872217862434276,0.10266509063196014,0.0014102767617798796,0.027277940469563798,-0.07742584389457866,0.021219660085238488,-0.0377489379962417,0.05767384081875078,0.039982361487825024,0.01912529507559992,0.0063309774239478376,-0.02898361720089855,-0.028803232249654358,0.014862110149974758,0.10785693199279305,-0.07130418722640876,0.027260212445676463,-0.0076778801551598014,0.018771803434729388,-0.05318856767497275,0.1111155488466348,-0.010717431771495513,0.023133667834976848,0.01969883579355893,0.07940087684293591,-0.006119289541342826,-0.08070755581689348,0.06911668887715713,-0.04713785146503113,0.08313456078495611,-0.03026685220648853,0.036976375337050386,-0.07202793987236976,0.0596402155460814,0.05634091143460035,-0.04375971748872257,-0.09537552387660075,-0.0014406582931304347,0.12543779843504863,0.08264536243045455,-0.12590718520013192,-0.0112348169577658,-0.06701122327365731,0.005040078409528384,0.05778101353528288,0.02176870560836748,-0.1173120514533888,0.04221846619997644,-0.11363098265130002,-0.08095800473378116,0.03982913595256002,0.06092072596676521,0.007349010948944173,0.08238986082670283,0.06686372134617878,0.060974541869828404,0.10750044657162547,0.03218350960675443,0.035595082916581824,-0.09248297010796144,0.02143292258810337,0.0550416328843516,0.01083118332708053,1
-0.2066326213603032,-0.10224002129612729,-0.03233164422310022,0.057341028014162146,-0.0175240521139684,0.04873003636989605,0.02253802449884284,0.11004347765929041,-0.47629212631561074,-0.24763511497664573,-0.18485556736327569,-0.10221382590947287,-0.1709826855191786,-0.06123851563292647,0.02409494332087789,-0.039571765412194294,-0.09535062026124276,0.08333669862512613,-0.08009072364357236,0.03604471843236544,-0.04131336148044367,-0.016252321244026664,-0.013106920419917649,-0.09511992994958045,-0.07360188150966657,-0.026150951045549955,-0.21587093795307197,0.01436104801059429,0.02687908120270123,-0.010033312479154562,-0.03358019765721217,0.08891887751767344,-0.0012963615666220449,0.08368037644511596,0.018653508080700414,-0.007514806990535818,-0.017452835581815415,-0.007199220862454545,-0.005320425929935505,-0.04233769623272978,0.06617867727156848,-0.02223631511939543,0.01765564423038772,0.01971386885556285,0.0414372157587211,-0.034976653150477044,-0.0007107005489095195,-0.045095173261383334,0.007881360343549982,0.03311263821408891,-0.003813457223004989,-0.028340076428896573,0.07294161062825069,0.004864352775334849,0.02620099972446644,-0.049618786045235334,-0.007224077044057779,-0.013037266825559966,0.010562544902920685,-0.004038961917917089,-0.01132293663460437,0.04991598624694119,0.007930348384153026,0.02107984449894778,0.008716500857937235,0.028170949370728865,-0.07340332355510655,-0.002412578200043602,-0.06825064741962114,0.06376621286388391,-0.024158427169381966,0.010422028799442618,0.008261231079102144,-0.04403885413710357,0.004501013673092925,-0.029237802228035202,-0.024046697877887557,-0.040922218586910905,0.027852687468562273,-0.03437132011531515,-0.0011512323066723907,-0.05279426683757029,-0.05947486809222094,-0.018402602547811026,-0.020367840764968795,-0.06838897925513623,0.07595031747664807,-0.009995609364439518,0.018905755574722308,0.016811797590802056,-0.06645441675778488,0.030894123650061073,-0.005058504139962581,0.03824342947150562,-0.007286115670113141,-0.02588869081093054,-0.04606877558841262,0.04853945775716815,-0.030734495567118575,-0.057435162011455855,1
-0.3267796528050418,0.05565855535938682,0.47097149198581134,0.09280934076341436,0.024418894640052858,-0.2516922544755987,-0.07395102275142361,0.004026039057359292,0.047090911559195356,0.008980066225413277,0.002799033774816979,0.004222056651339382,0.008854826346574127,0.0069464536890115215,-0.009617164240829817,-0.008728283516822274,-0.02494105753302958,-0.02344172696131206,-0.007993678746663799,-0.012744953035532733,0.009017241327133978,0.017717730725437163,0.010286712704454581,-0.004165528731460475,-0.004086190809888948,-0.00315589040092391,0.020564058414698216,0.004812882175929579,-0.003443584329542433,-0.03323891278030021,-0.016895509947328146,0.0027780031368285184,0.01778053851014578,-0.007806645353830895,0.01596244839583806,-0.023916719158625116,-0.040838986621504585,0.04554415543698948,0.07099909253167137,0.04481777055893833,0.03242004516708889,0.03871415306198891,0.0008343060808944443,0.029929987118994656,0.006887891947072512,0.01523674113796572,0.03018124269650801,-0.031354937220552076,-0.015361217724090753,0.02677611365900574,-0.022446880770411463,-0.0032025004419577426,0.01913643264268229,-0.03596840183042373,0.008731657642494416,-0.04080607407108309,0.016805228633734598,-0.048124844706889366,-0.024836930439014405,0.03601716402154268,-0.04076480292964637,0.04256477837260587,-0.008970053469789721,-0.028209486662881277,0.016842596382140005,0.04907943504648053,0.015292481537729266,0.014576305290232279,-0.08188998249683588,0.0018423656803942534,0.08766235814496433,0.029833925194020366,0.09173921692459772,-0.036329719304296196,-0.12018019174467874,-0.025182698899027637,0.05955614077140836,0.040326323686940176,-0.01636646682262554,0.02652571621319607,-0.009572442269714107,0.0011474744402089423,-0.04696196597554687,-0.03941813531266169,-0.02569709363553042,0.008334032040182649,0.12162775587979985,-0.016087919064176403,0.005456433604732207,-0.05763672085331128,0.0929424550879965,0.03754212578472225,-0.0844605534106683,0.0011223206888338782,0.014286014725298175,-0.011834059757597597,0.05801718805747107,-0.02950483561266325,-0.12115189380263562,-0.05689097306339117,1
-0.04282510857775539,0.32763040915525776,-0.0656797124548367,0.14167637445182665,-0.2041936181539462,0.01720187444026814,-0.03978653288244478,-0.031521480570062155,-0.10438213725433117,0.05177926648680763,0.004921006426861756,-0.08763196787644682,0.13918216336724365,-0.003174974041190614,0.06061076831795297,0.034402992570762306,0.017218688217327967,0.02908957998186761,-0.01277373445475518,0.01001042077066303,-0.08944163073776468,0.015955299973867906,0.007599109326005622,-0.07802450260554697,0.04238657250415091,0.04874533909341925,-0.016999603387306224,-0.07182485430460409,-0.03230007060863886,0.06357844926533908,0.03788008660572166,-0.0026368768116575465,-0.038658324934665256,0.03555692773079329,-0.01801245525815943,-0.010096080280975575,0.005473783033286956,0.006196384044971825,0.09152975967521101,0.049705885571544955,-0.07715260807776046,0.07500863579528454,-0.017114987500670652,-0.05557091660011288,0.006262480415303985,0.05341097819222326,0.007150309673268061,0.10350468365217791,0.0005736639240153875,0.12383589689285884,0.07692112254786837,0.11620061797532094,0.05134229808605027,0.030995131101475212,-0.07506263310881098,0.07023602120693585,-0.09101978594194994,4.991902983790817e-05,0.014460848630012764,0.23337773688211275,-0.0889903822239066,0.03278531350434554,0.023623389495319287,-0.12399480122482368,0.023229333787718312,0.0164122241450058,0.10038685035695134,0.01071592024581523,-0.07528253538464183,-0.02610541804643286,0.005208801805835194,-0.019421417548561425,-0.07015116326550214,-0.10781402309786456,0.06244445164106517,-0.07157548587168537,0.04861063853871332,0.048847558480812715,0.015539312205928557,0.06965179115026415,0.0005920294246366017,0.07984708766954861,0.03758378803497662,-0.05947133839991656,-0.13343317908202346,0.0937002940040184,-0.08062818740348596,0.06760953006809055,0.039950341504865435,-0.06845608902603535,-0.04796414354135799,-0.08793177172935791,-0.1178014579109039,-0.18517283198059184,0.009535042953914689,-0.06667808685287646,-0.004788564986069255,0.09610042099993912,-0.050476536042812374,0.000711459318616655,1
-0.03005623457355944,0.07221662058956231,0.014770440344775707,-0.05075858073312318,0.17006649400481638,-0.034864853783161856,0.061037663432658935,0.059952029996671354,-0.001856899801905598,-0.0021619500575447443,0.037372486865195134,0.03682184611347163,0.07824120458865527,0.02460000075025404,0.15674730030521283,0.05071398065574369,0.039745384263686276,-0.01737275674286768,-0.05834334611071183,-0.014920542709224946,-0.017949198051815655,0.03522036626449756,0.06132934606018143,0.16403444688243038,-0.04773470329864901,-0.047109535063381155,-0.031538722749265356,0.11592078446101094,-0.03748149384925572,-0.0017227759576905208,0.100504588539244,0.008876446853128044,-0.008912334008567346,-0.06910161468912049,-0.04454850396057609,0.08076238675220242,0.07696058654993436,0.014042724708665147,0.020213534596812063,-0.044153749061698756,-0.032826982571180274,-0.1620388131133465,0.005492633150830669,0.03954129527530954,0.02859342558240739,0.08628092852507399,0.03257779225010557,-0.0023693439510659117,-0.1542563748631087,-0.015760168567963306,-0.006102537450994292,0.21988677354091682,-0.13037275250402666,0.3555960982301207,-0.030779361328710453,0.13123107680397356,-0.022710829245761562,-0.0570386061522523,0.02832426745755289,-0.052517043320528145,-0.025550270825581083,0.20552531359748472,0.018987765409949516,-0.033149864286443315,0.10107553112431307,-0.03756878816568555,-0.10994520088977384,0.03534473665493619,-0.18077176555378724,-0.10380427987193373,0.08163949387121287,-0.14323342430543343,-0.03644036748138908,0.09382887729182064,0.0026958647991779518,-0.08143039038438776,-0.02608222328607685,-0.12024962334107236,-0.0035937035573038872,-0.11721298346406014,0.08763363161433375,-0.012238849781830558,-0.05973773848958116,0.04004300222821416,0.0782995472575967,0.06585790285374357,0.04109383607844695,0.06923245595330436,0.011046978006270044,0.012612276546955561,-0.06150461872736691,0.10230801467145495,-0.046631893601793054,-0.036644244844977,0.08960816746968223,-0.06549822135767129,-0.07530503858055881,-0.11572121674398259,0.0015083405331570245,0.03956270335758702,1
0.03084387294515186,0.2445103454079527,-0.08010378690721877,-0.0165044210934712,0.253794804180885,-0.0106004350292126,0.061429099352402775,0.10085156494905988,0.09621314761561953,-0.021453370175464843,0.05186457536335775,0.014425113444461858,-0.06426327829100632,-0.010629620784403847,-0.04219627844430023,-0.0002469691815131312,0.015078179671223508,0.046239381140251806,-0.051767880527412984,-0.012846871877008302,-0.029050303355514753,0.005623859675834983,-0.05001675910822713,-0.10176068515304744,-0.022066885947177085,0.010971634387616704,-0.029127261221591927,-0.047416118164097125,-0.0399946737730252,-0.03611270469478151,0.049083351424430224,-0.03947210639444884,-0.005171318230249576,0.012353488736374232,-0.01935797997278669,0.0397311237859639,-0.027849223604863298,0.00902695592750512,0.0315993570193609,0.043663330089005845,0.025049785443396953,-0.04621065385385771,-0.001004255035643386,-0.009178740137032978,-0.004680513481478513,-0.08688001714371626,-0.08372028995293276,0.026378324243123148,-0.1648806273832442,-0.030155398592115423,0.052122465101655004,0.0312728204395926,0.14126628276144715,-0.05885191154984837,0.06334297605604261,-0.08204258623025225,-0.034624439248138725,-0.00974733507596825,0.06822788310209153,0.15844116321299534,0.022585775919163983,0.14447406547773997,0.02129463171559278,0.11272398428543967,0.024192333087794855,-0.06289068494132596,-0.10588171493987301,0.0009910113128289255,0.19761419062065932,-0.07072708540124101,-0.07723253168050347,0.037725108881621255,0.0747166384765069,-0.11851692099836356,-0.09526737763396466,-0.0059336724695010085,-0.13986185894286307,0.006797689559531316,0.029361098091915654,0.12489130533997066,0.07297365565220447,-0.21998907672130288,0.16332739196290605,-0.024526852535215866,0.015999132393457547,-0.06389906212276966,0.06138496636693639,-0.039307992743683205,-0.04877018088418532,-0.09490663099221741,0.08493064338648579,-0.07704166210713259,0.24106353957229779,-0.12005144999406184,0.011568314736044904,-0.04695948236026581,-0.009287525147394999,-0.02196446481682793,0.01314551330548953,0.04053266250801355,1
-0.17749796155321615,-0.026358797407295416,0.22956806537009267,-0.02487775139694105,-0.09955525948801831,0.665287735264913,0.2999360087736116,-0.08631462314990905,0.14413533810635917,0.02702361476567051,-0.00866816116783342,0.03682136160197115,-0.10031917513455595,0.00907071077914664,-0.0351994067225367,-0.049417636006549394,-0.04224544553899178,-0.11481528406354728,-0.07320881128473053,-0.02595488876745653,-0.006125547247051281,0.005751149335151874,0.004892294898256127,0.08327610270482043,0.008876176027502755,-0.038141278217547085,-0.044584136873707776,0.019528749771977817,0.026071834397237138,-0.05285102054611665,-0.011851952651752392,0.044353901965959064,-0.007220540736307462,-0.009826512533043608,0.03346122462624257,0.011785518139166526,0.013422420296119496,0.14234426178221118,0.16975094565047413,0.15274947444100653,-0.03318416269935438,0.005162812235262981,0.022722705751970475,0.022401901251778225,0.046413015589753706,-0.0002767982947997407,-0.03452222812518688,-0.007902780126759608,-0.02142595476656228,-0.013534832031050428,0.020452686895508578,-0.03827454472850061,-0.0061387884285579175,-0.009301430508543604,-0.012530142462697557,-0.003044469688714899,0.0014837517764493154,0.010744640872936286,-0.013942230543447226,0.015784540761526144,0.00025525103738245484,-0.014566140491390937,-0.00033614501362790386,-0.00762196080688331,0.00030111367533175307,0.014356287544196765,-0.006733185514142643,0.018724440123267422,-0.004914762526066161,-0.008347443373982305,-0.013199411089054931,-0.006193302301238283,-0.02509835488673803,0.015167163999272322,0.019830094463363722,0.012236219070961203,0.0014476494070794158,0.032741328494658065,0.007834930694493926,-0.006743307005941487,0.001077576469886555,-0.005689631092171318,-0.0007322065173442527,0.007050084423597858,0.018287081488761122,0.011277021154891664,0.0029253271347927322,0.007534897969964246,0.0036502784996322486,0.011887729619085572,-0.0014529042263301754,-0.0017461705402182432,0.0053684082486905055,0.01349878400600488,0.015057426214176427,0.0011773973030881645,-0.023034719803646256,0.009007312442632148,0.00981886803747417,0.0022152458899031852,1
-0.18891213726589082,-0.15278472783566768,-0.15360684509803685,0.09295269425526095,-0.020690792891289,-0.007675321426447362,-0.009309231782647781,0.011976270068917598,-0.04389597319203866,-0.015573124396232974,-0.01415725596177675,0.002482840485912901,0.019460208194340092,0.012088252289492918,0.0071979453123809,-0.0037127038002343245,0.049493808949165816,-0.027316504767131267,0.04539290957848037,0.03430244317320919,0.007264241643749953,0.028318991285257267,0.021999979780222917,0.04004888145926688,0.038570947174707736,0.025632264114241417,0.037019195464894745,-0.015245901154046232,-0.009791637436387272,-0.024391995510615612,-0.06620170648447239,-0.020965413350436623,0.023109766172165425,0.037562956697125845,-0.10558620456681658,-0.043322389017215614,-0.009892925802004272,-0.012078818513581054,0.04472298820626285,0.0961294198172166,-0.14949412610988183,0.016832785877644585,-0.0016838704769149503,-0.08347379801958336,0.02888348390722855,-0.04051011840733679,0.2739518129679935,-0.03759473362290079,0.07586069918367053,0.0885028972104291,-0.12186428639783084,-0.08800949346233766,-0.014802803970292457,-0.08404165446223688,0.13382923755454476,0.1354801876664959,0.03264729384734725,-0.04307496265575095,0.02063527695829602,-0.17088841742806674,0.00016870713370219665,0.14615564113761917,0.1555440280069134,-0.05736957451535126,-0.12279010007045957,-0.15550486253572418,-0.08263323009216544,-0.09513655984336071,0.09925218031026956,-0.28772906104574286,0.06589295256042413,-0.05848974784602023,0.146550117370888,0.06989548580965102,0.015616276964869807,0.05056779346903734,0.019679416427480206,0.1034422742096943,0.07501080629898853,-0.06629996217963853,-0.036216169013891505,0.0193729762179939,0.11295385839466948,-0.049473069561843205,-0.06950268148398808,-0.07741921342571313,0.11699281672055659,0.06923018075495703,0.14401149318087467,-0.05892917923464673,-0.0936871861256942,-0.005364033240992068,0.035934881266840434,-0.043235003705294116,-0.0820448961458481,-0.030247806882544942,0.0702651961489837,-0.12314254049519324,-0.030912556730097424,0.059104233403609735,1
-0.22267517473062143,0.0525191881783481,0.2536216234340342,0.05433364155548268,-0.01381567224541901,-0.01407583704243474,-0.02266355258704052,-0.01891146583701959,0.022450462159126404,0.01664619497932302,0.022917870937358847,-0.033212366349600904,0.05778778984070193,0.009491803741616433,0.017382675391350893,0.01522854150618997,0.022934139084615907,-0.0228776626478434,0.05801730576497449,-0.01256057458899549,-0.0729216141395857,0.07485819269351598,-0.02782875178585929,0.011573717801363275,-0.014497314498936797,-0.003737343398235902,0.15275351944918938,-0.014879251670982111,0.053038674436790584,0.04297820563712287,-0.13915494785347318,-0.049902594365921746,-0.05778882506245196,0.47051417399481515,-0.03441582766746746,-0.15018673070553618,0.07782759517690403,-0.13175811379490515,0.08849355413040218,-0.037658515943095466,0.07741450330332234,-0.08597503047716462,0.04643203720584936,-0.048391704050074265,0.07191991312305095,-0.004147174954545866,0.04049487203342453,0.028138391348331595,-0.06718476277982395,-0.05599929151872825,-0.008466851023633657,0.05249825076412972,-0.0427493966078278,0.018600049340119794,0.006200260310364369,0.01453547804174395,-0.011053492466745871,-0.026520265755714697,0.006322420591687542,-0.010579548544713433,0.10996218926549815,-0.07594307326681439,0.018878009488041574,-0.009619495331575344,0.0057114186320214215,-0.08329261591569477,0.0154188983021791,-0.0020934643536796665,0.04788140296877498,0.02694996843391519,0.026251104087961143,0.04762717365328709,0.011295499173728366,-0.058204486793565234,0.00791598253438351,-0.056205400497754195,0.017032809710315303,-0.08787748808694733,-0.034203071984943136,0.055654993252443996,-0.015767149520196384,0.014778239467426965,-0.0009324473706744663,-0.18857934572532387,-0.03334027571232537,-0.13381518993635558,-0.09477840350942121,0.01889465594819722,0.004187979217228073,-0.03559317067712734,0.0829730821809677,0.08709922830694557,-0.046170779403007275,-0.034749155328045976,0.0325278396353835,-0.001729009279451862,0.020482900392017816,-0.06413093733177257,-0.017061323763857026,0.030194627532433797,1
-0.0694886175500389,0.34433553412203166,-0.05211129357298882,0.12558189009312085,-0.13993783078741887,0.01883924843061205,-0.0507856116617112,-0.058408474457727406,-0.11158750634868123,0.06951500806960255,0.006871899122398636,-0.10462047764489345,0.13131190775494522,-0.02781028225724186,0.15198860191339034,0.024982432817951334,0.010517389415081941,0.06996241824639729,-0.019071420039592148,0.010405035859516971,-0.12524364059721652,0.039272892209450135,-0.05314852190028857,-0.03570957838374623,0.028159041521574415,0.03672764019463284,-0.013725190463817115,-0.09459957217062498,-0.016464265390734346,0.09401023426862037,-0.020444454085220536,-0.049813314826858676,-0.030078286679880745,-0.008376173959981165,0.046944936858537935,0.01582119793219317,0.012375108284409905,-0.031591794092398394,-0.030897817315344123,0.08222833337004826,-0.00759075392956715,-0.02784792567797042,-0.03483597919311148,0.06409563024961412,0.08849498549773764,-0.07821647055793875,0.020724315710244592,0.025725881147449833,-0.019214453416025817,0.05098872643360248,0.16058254970888292,0.01943619347233365,0.15903477182451944,0.018667752844060522,-0.09911095981454549,-0.008573292352824688,-0.08740317764214489,0.10189416937240549,0.11451631495883337,-0.026615712065413327,-0.036610470618550155,-0.03928361854174362,0.0032520879919092686,-0.004862330212716469,-0.02990749909078982,-0.042162159576738724,0.044556827867378836,0.03737141662948876,0.0723524608045749,0.09093663693071756,-0.09223617320650283,-0.13596247338557124,0.004673501473437664,0.07182918074123112,0.09786788263036379,-0.0849432084556924,-0.05115789993939831,-0.020266815764779303,0.024458425949026672,0.008017659094910111,0.05583533255593767,-0.07735252368160617,-0.08477612963548167,-0.030768402131773995,-0.002318461809643083,-0.01870588179078834,-0.06782352453987689,-0.0019499178665152684,0.08029567591406442,-0.024149533127277436,-0.04229380767214737,-0.05946299243884444,-0.05996834497605358,0.02909486155124822,-0.020961360371772805,0.054604307629888285,-0.05420319870728829,-0.02908285899939648,-0.049628448641057164,-0.15001675188917704,1
-0.015788448431689965,-0.002538962659333843,-0.03834522679193015,-0.044286040944171254,0.0506127101152825,0.004016583704349481,0.08345981737726402,0.06594716499413486,-0.10724580606647091,-0.10450412081825924,0.011614072272596202,0.030080584371858905,0.11848982082045159,0.08404721863084771,-0.06846836595949944,0.006622105005229668,0.04992220967627377,-0.10963103668342634,0.04735755062197339,-0.05852158121363591,0.026435568347827915,-0.12964013714713518,0.07191476876888496,-0.01142210463928257,0.030411969221354775,0.058461553196968594,-0.0236139215957659,0.015193847151762524,-0.11471346216933304,-0.11041290603987132,0.05735314634877943,0.02787550194475573,0.02777816687694694,0.0815370250400423,0.053280699571857486,0.03400272785889335,0.020491749728920983,0.04635423498760528,0.005912738346575372,-0.026258719743376884,-0.18833006161983,-0.0118925721820924,-0.03800787348043198,-0.1328709681339771,-0.022266023662898243,0.08407977156532703,0.14303297228507125,0.08074097667477352,-0.16523412904161897,0.045616894245362555,-0.028672821288729337,0.08764042948515399,-0.11144647401382754,0.04490831007029731,0.06774088443044646,-0.0037435680275392075,-0.09797077597048325,-0.070503469832082,-0.1855049517733637,-0.05078153957387538,-0.185935442277288,-0.128836053183867,0.08233407347605332,0.011192584289955829,-0.026912572588057453,0.13078762863080637,0.051792823040852705,0.20244223633310643,0.11757994532311143,0.026907473241910215,-0.04027334943886143,0.019360152568066783,0.22714829453940602,-0.033868167042243796,0.16490095558590698,-0.04749592120149818,-0.12666529560852566,0.1737655921039728,0.1439823654759105,0.12159326809397768,-0.011739368640605107,0.03612324515887463,-0.09019825130212872,0.044964214789239614,-0.10983808848644318,-0.14181823265282484,-0.04113554887129417,-0.11216650886670916,0.1424197261426221,-0.19846443919329776,0.018558173005609135,0.13309969952957243,-0.12399401325517481,0.0006466051287782823,0.0075522925780376875,0.05567689933079146,0.013051801384086079,0.1274416186575684,-0.01746365774876321,0.08022400361121812,1
-0.33202520185651313,0.04448376269105266,0.5297656457621598,0.09342590320614293,0.017220762745199333,-0.24295359229532085,-0.06755879745968403,0.006292552490428644,0.08209507597200211,0.014509416490904231,0.002032850333985265,0.03525046733638489,-0.010255357088698422,0.007224775924768663,-0.048033937440777844,-0.012210337603715229,-0.031838174991748534,-0.02743637345357102,-0.04436753050361152,-0.009075450531647336,0.028302507141279125,0.0070314937887523635,0.01474347539821247,-0.03226390358366399,0.008536181880492275,0.008967271612313612,-0.011348176922980624,0.022433049477351724,-0.02520772056446524,-0.006693356333021658,0.04596330236206817,0.009408365330896333,-0.025825147576495622,-0.045580862147499804,0.021334127024992707,-0.00803718018156719,-0.04410133972127157,0.03587699596667799,0.012490523072466326,-0.011950965897774361,0.02991066897709541,0.06009006352822052,0.009445293442980215,0.011073464779166516,-0.0019784212099582562,0.020713661157421764,0.006920417805360818,-0.020737989381092153,0.015073674287587347,0.0018340382061371033,-0.025962581664361002,-0.011803513726504865,-0.016968320868284672,0.02143579825595844,0.03748503362992752,-0.00835868970418254,0.005952565185826762,0.0068137884913713415,-0.02802097237736682,-0.05091708597838375,0.025162410309803176,-0.00040506389776704993,-0.024898261172839043,0.0604427832382693,-0.02243216256375751,0.06781932582253103,-0.01917589826983062,0.014361721262859256,-0.011414155724477681,0.021318191481684987,0.010446666622813587,-0.02814360656657195,0.014997019323986293,-0.013375436769763176,-0.029721198889022957,-0.025956552588430586,0.002741422485988048,0.06265020299560417,0.027659209019839988,0.008222050410684753,-0.06043432345562855,0.03501838206730006,0.08684280196926765,0.030123372597493293,0.06578140944149136,-0.01535036613559302,0.10578583253303989,0.019484097213849822,-0.0018503756339298813,-0.04449373627583849,-0.01212750830637363,-0.05458341445752651,-0.09260969011644563,-0.01259649474619148,-0.032584695189775734,0.0009315173532877089,0.06273872261560474,0.042137783414802225,-0.06765716092521629,0.006574841251129619,1
0.011579117386100249,0.10618335897314969,-0.063110562275815,-0.08482990271321302,0.2755028597580366,-0.012622497799422065,0.12769637683413015,0.08558957573956301,-0.008484512685578847,-0.06034403509602131,0.04535667112635959,0.012049869096017702,-0.060962668936492305,0.08237990762802563,0.10936933310874628,0.09437056092840153,0.1062796409649018,-0.07229592749604768,-0.20621880219477287,-0.17803315771447184,0.04136184672949634,0.0912411917175432,0.19536897257649588,-0.10186464679174763,0.08810362797643498,0.06687755616994472,0.06944648571719748,-0.033793714757161926,0.03294711838135639,-0.05765718423928748,-0.03760955358950453,0.055947040373422206,0.08243556831553693,0.013141537381257494,0.007222036316243648,-0.04525047946371541,0.03262141201465541,-0.07451285943104773,0.008305227372626772,-0.0546147494440999,0.10956038479311878,0.019549926692113338,0.10378738890561036,0.09046435357201528,-0.06140454116062234,-0.026704514684119232,-0.020231524509953136,-0.09960592223517996,0.0658904330362287,0.06338557771153668,0.020889508947967074,-0.09517937741895924,0.012421853609326608,0.030337897417721513,-0.18065458573884055,0.08370236626771042,0.012688661626683737,-0.0002069529832262852,-0.07702106309654401,-0.03608154138833232,-0.12282375072342552,-0.042636898053798916,-0.06397555150123471,-0.06327546003297976,0.02581570091993461,0.011318036367411232,0.08582767454680859,-0.04307108728738843,-0.01482997149346549,0.053434135926589056,-0.14031703786864655,0.013061568136005676,-0.014434274104909781,0.12173828245702004,0.0641055556119454,-0.08237389212873639,0.023901608608273516,-0.017906818938585305,0.07441959637409076,-0.04008576035841055,-0.07282110606544513,0.025586086152441866,0.029126874205657183,0.0608233495295006,0.005310104325632529,0.006440347491311861,0.09160856284485412,0.008715540380661056,0.008829907607077627,-0.0791917773403458,0.0666216376275729,-0.05267480225968664,-0.002014242678043901,0.034389727719686916,0.03977145082452015,-0.06890021906928946,0.11549107882971175,0.055338666955262704,-0.07500633592904292,0.06007462222304727,1
-0.1627681828255443,-0.025099002646988004,0.23873963198999062,-0.03996494353245239,-0.09784435304499808,0.6557487436008027,0.28609505397302804,-0.08205821646632701,0.14054562525496847,0.034355458014963286,-0.003115801496266104,0.03187937354823571,-0.09516077545635797,0.0017913066861052819,-0.033743843634052924,-0.04770993146659233,-0.034333003825632515,-0.08535099184736789,-0.07274936233455924,-0.023447884844539333,-0.0275597301812975,-0.003696369917954324,-0.003988227739102645,0.06289321186980058,0.012839726645268489,-0.04030532142759528,-0.051026627363908034,0.01911920002539345,0.03563183345133344,-0.051949741212894446,-0.0015311211433286693,0.05811886371064352,-0.020986628972614302,-0.012877128892630721,0.022355684925898088,0.005366470860121363,0.024867592550848038,0.17209797590835912,0.1969312912529556,0.21665627314857344,-0.03321235711334905,0.006706492379961478,0.02520197435812775,0.060046724886340164,0.06596590309166336,-0.0016933554748508,-0.05789753705531728,-0.014201240491862324,-0.03694934861414139,-0.010647365323897366,0.0215896006454207,-0.025283821460969105,-0.010093399090221217,-0.0048514802511388936,-0.01740942253102393,-0.013003713976806323,-0.015459556733244735,0.014687693608662443,0.004582685319649329,-0.016883814775975402,-0.005380289681074398,-0.0019264022210943243,-0.01945591837519859,-0.0295002334767249,0.013111660061820903,0.007439952848491985,-0.014159274521344044,0.005316319518017511,-0.017806807278838255,-0.000843944783605355,-0.024460205664885753,0.0067635585287137015,-0.002235313000563144,0.019090849972584124,-0.004517344570063387,0.022938167637651087,0.018773544811702826,-0.007463069831175991,-0.007857843347954885,-0.004267666594835773,-0.022191259376593192,0.009532455547920262,-0.009846782745692988,0.003727382919828612,0.0032583832921589326,-0.010779829283267515,0.029966388541044886,-0.003676041836209822,-0.006870699445424076,0.0039344915765090645,-0.018254072437191696,-0.003282815542073525,-0.010544214312759086,0.006078174128531387,-0.01391648124231608,-0.0036928331354729197,0.033852051499486474,0.010863264516094845,-0.014741624957775548,0.0015212613744146851,1
0.01860417341092691,0.08164296766810472,-0.023814082611722034,-0.04869932333798539,0.17376007556684445,-0.004690238322439431,0.06530984584285339,0.06852964229439973,0.05284255829653911,-0.028488324238721285,0.023799611815605814,0.008958465981245866,-0.0941777626870598,-0.02608370323345855,-0.011268008182364328,0.004126266994805781,0.0699793541599815,0.008137383638224248,0.04215661505222666,0.05914466782717955,-0.17198138549126873,0.032139528627327545,-0.04546741680421686,-0.022650970875102264,0.09195769688951164,0.06580607406128558,0.05672539020872651,-0.051531232472200525,-0.001666044468714461,-0.08905972594583209,0.010439985967911125,0.06511450466541135,-0.02570634954450627,0.07259918140047451,-0.025893525944157104,-0.10486732174363296,0.09364516321539006,-0.060437967352023926,0.06941088543780152,-0.10665258411833592,0.026988329315610925,-0.03063720844302106,0.045688667754451746,0.12855700117011334,0.0006455035903974645,0.10112364086429326,-0.03313423966707259,-0.22940281895156078,-0.08872233666563575,0.21194712722558579,-0.06733654269945853,0.01901507481064513,0.01210114353020374,-0.09994872522723366,-0.26681527611295686,0.2241770657584838,-0.07161750100937443,0.1240539807805564,-0.021086600177963637,-0.04105406184346697,-0.22771302804047808,-0.010120049227168722,0.06491480904109691,0.04378520950884018,-0.004535503483048903,-0.015748786971381778,0.08107324474444781,-0.06539194356167731,0.01470998413079285,0.12672196122564944,0.16066691110590506,0.20289056375759765,-0.005811279941392899,0.03147884966177218,0.10046016528216849,0.01769907093019402,-0.04009927107287213,-0.1031855717111656,-0.12263980354082137,-0.148571739701296,-0.12778866145939544,-0.03725214494328348,0.041707608678390184,0.027270737989735352,0.06794410919645515,-0.10560721544245294,0.036030046241540596,-0.011240052904495928,-0.06120179925057641,0.0028619315659651596,0.024729050064469033,-0.10111337902980314,0.00732613100894549,-0.15118875724048603,-0.12344903868052745,0.056627554031354645,0.043239508079184544,0.043126831226920834,0.15514633347173445,0.005560120366217934,1
-0.30446648826851097,-0.23721410551254474,-0.30855174956507736,0.20822431236587094,-0.0664559773233204,-0.0850861974652624,0.00835577086180184,-0.04015481684267264,0.0684150550425527,0.06559862748561007,0.023175927141818584,0.010082020141576003,-0.04354372997995887,0.0049377816847999394,0.01534788390882018,-0.016406245786883846,-0.022672947665431483,-0.0326326584836155,0.003569553107318132,-0.04447250951900322,0.015118219169022997,0.009731553684861964,0.023897946131193868,0.05978567660138975,0.02898247074346753,-0.04543874931650613,-0.10765982476633217,0.010640877455405246,-0.07073422329784866,-0.06217361517104643,-0.0004511628089716951,0.1062901664734855,0.041644623272826434,-0.06818116901879671,-0.23492548426313906,-0.11273823512255489,-0.12859390755211406,-0.01971247057056584,0.0023595579049495883,-0.03324189322201057,0.0077605393530371805,-0.07478347223638286,-0.005806410081886945,0.03541672476695709,-0.006789593902584316,0.016740977013897384,-0.17275968900976943,0.024858705020444755,-0.0484294193895375,-0.06814207223908889,0.04198074670279386,0.03441415421852283,-0.06442566707845482,0.08399557393556702,-0.0010862721436145154,-0.03283810073880932,-0.0618338175598188,0.038229655831913026,-0.023505078683663656,0.009905389104350563,0.0793618928643783,-0.11610139963916852,0.008757285951201553,0.02010965837622138,-0.01735641029578015,0.01179364266318153,0.032087917223701815,0.01696330472223039,0.029810426270372076,-0.018827314398648966,-0.023388202716601043,0.0265294951139994,-0.0029474335804302683,0.012363838682765416,0.04564319003715078,0.036968651839396835,-0.0563002288078693,-0.043491703859021964,-0.1306872238003303,0.008201609305555572,-0.025288447333219794,0.01720305124625947,0.014271886958011843,-0.020777315707863512,0.02213598775634297,0.011320433421211112,-0.010218610134812997,-0.014227784006127423,0.042427667171519544,-0.00424052698965712,0.07484354627920528,-0.037243241810948735,-0.08822070991109236,0.014170611437784125,0.07425280431963738,0.03553687344339443,0.07960313804055998,0.016469215156525115,0.03234249817552905,-0.0315919998600452,1
-0.2697351147767615,-0.22940358966949206,-0.26709550638915547,0.15311944431088698,-0.022644925821927942,-0.06989895612212815,-0.018293541233728245,-0.035868407048799386,0.13098783509945897,0.06671485392531257,0.03317051788809992,-0.0038046194612898717,0.03767434375517225,-0.014650456283758847,-0.041149308727734465,0.03328952318285988,0.008745730046391818,-0.08391499432476748,0.12201999400333616,-0.03476359356013809,0.16467672766995328,-0.004824239294384586,-0.08983509844715842,-0.058439110004763095,0.06399378329034833,-0.0295487761271045,-0.05795446996098893,-0.06434410191725569,0.017169885425485223,0.030797823988460656,0.051266583854037207,0.06767839429753042,-0.19163131133949757,0.02014776620549186,0.19016004613439494,0.033916112282538664,-0.06164229149125575,0.16226819177943413,0.0038684008159634215,-0.04537340509013004,0.21493495814002536,0.04272185069240295,-0.09320568383648724,0.15624230385828802,-0.16916415410434027,0.04225754429626673,0.08334428587612794,-0.057838793863003876,-0.03777378050541071,-0.056322065200167755,-0.08742340727557646,0.039404018453648375,0.06986459277597182,0.07958267977689135,-0.04324810321735327,0.05178305207328032,0.05520899816036047,0.055646414314550995,0.007456247712210319,0.05083996007729526,0.02865449511508215,-0.08435164554928767,-0.012102895874432919,-0.06451783311678476,0.0022366252069288208,-0.01795375798441629,-0.01003243548837776,0.0023285683633075625,-0.0037299709798421987,-0.03805793933657963,0.02275390510375699,0.027462552073504103,-0.023960705530114236,0.058348980786603305,-0.01969272782580344,0.02695280396578452,-0.04203981573761428,0.02374870654904084,0.03951755422575949,0.027375439957620276,0.03076914695129143,-0.0036552536029949333,-0.034245685933198045,0.021992670953727617,0.004351921792254432,-0.07422258264539934,-0.014914895353815686,-0.00039136205509357117,0.002132873718358965,0.03205957158253162,0.01391127736180296,0.035709321104450284,0.03389109737276102,-0.009454474388676097,0.024068319152172744,0.03081181784101761,-0.007486599763616706,-0.011236118287321078,-0.019808324694819503,-0.029295215498534397,1
-0.15943979098344715,-0.035000020697858104,0.18855010222936597,-0.027101388831876138,-0.07903389814401249,0.46247619255324895,0.18563144215158026,-0.04363329873157088,0.07309451896909638,0.007438135490293333,-0.008281107017664466,0.013507988036562278,-0.056280264846886856,-0.005263587683050261,-0.01829301429952063,-0.018442959897457634,-0.027952164887877495,-0.014329829966008843,-0.056027844285790857,0.019051408233582347,-9.759779851141161e-05,0.014564747273834229,0.0021247535732559007,0.00828030536698087,-0.003857872476829444,-0.003914021629160235,-0.019512364259841066,0.015327046066204547,-0.0032943611389897338,-0.01839603529724892,-0.02359827141209068,0.010666754196363128,0.013846694653890683,-0.058320206562480895,-0.0551385272991067,4.7255952345433634e-05,-0.02022077999938881,-0.17560514486915316,-0.2449792522828062,-0.2865123924542004,0.0663986307032252,0.027656796946808913,-0.03189924023315106,-0.08233370448957053,-0.1433972793292008,-0.006249791853623497,0.0785192928122802,0.10640598395063283,0.07738542265019908,0.1057067457406232,-0.06742101788827373,0.10922013880563994,0.07580381981285558,-0.03465496052149083,0.05757325435075039,0.011433314695775368,-0.023333526036463846,0.06152799160643746,-0.09009408088787728,0.19476893993903813,0.02575913935228621,0.22327225593880587,-0.009916133089355437,0.009676634908576946,-0.10624809943673123,0.07285825022909531,-0.017442747362825937,-0.08316485541164052,0.02204728076943886,0.035938047997178285,0.058621749900604814,-0.02897410161711344,-0.10233249025740501,-0.04189145319387752,0.08090868195371173,-0.05403459281539123,0.023491615633627786,-0.056773914494757605,0.022831846474874223,-0.034795967936136915,-0.029986063033734325,0.049516491372711885,-0.06300141387259137,-0.025748520387320284,-0.024206079974914033,-0.041440551055761506,-0.024211507841455038,-0.05902010758041183,0.031259513904738044,-0.020799229776479095,-0.01222622515532018,0.0016367020522980562,0.028597690012581105,0.013012486962311418,0.04353439875808982,0.034908507961074475,0.0580254651993091,-0.05391723644786318,0.021896577326043526,-0.0005836085447131009,1
0.06218997407673154,0.341911338244432,-0.13906737108747674,0.04769956536858355,0.16915563607985984,-0.009582029100478964,0.00015124257084226368,-0.011147170099919314,0.09308431754030672,-0.0047649912818213775,0.03417916066345144,0.0898455946740734,-0.1620613283885869,0.004177440187294537,-0.11667045687004493,-0.09280128595637978,-0.13926825960680853,0.09960174226945381,0.036195347783372876,0.036358798063319715,0.07935725162994227,-0.05514862560649194,-0.04485824602489016,0.02173256673785207,-0.10577340826525017,-0.06837796918336855,0.008586804212095286,0.04029805537936492,-0.009054787870983962,0.0009260694393217705,-0.17503620476175552,-0.0929002186797552,0.07987052728173474,-0.011512807472994789,0.11009745426762615,0.02495732765665707,-0.04906115941351893,0.00038879665688991937,0.02091559710089324,0.019367775231095955,0.06476808249993132,-0.020551341815176958,0.13107576481462094,0.02285313321840001,-0.001750083712849661,-0.07262350806061035,0.05649688258000964,0.055227889439764,0.11836463748919966,0.06495798771579513,-0.010515077938899461,-0.004197382230908133,-0.09517985603400018,0.10908767404835472,-0.08759701123262888,-0.005354669022173984,0.015570892949250481,-0.06407424752224351,-0.033133344272154724,0.07396558022529118,0.1231150731004634,-0.052216015950935855,0.14600404554092525,0.065103051962337,0.01187954686029186,0.00806586881274107,0.0011159862755485421,0.05347724611221644,0.03108599203385869,-0.09061871504840853,-0.06857641698813528,0.015020601883467634,0.07704781184329042,0.016694457724668404,0.0717952864073707,0.04085509495788943,0.002725376823319919,-0.05190063259028707,0.05031430562563676,-0.1043582408406825,0.10121039000953577,-0.014368278845187519,0.047800419333313256,0.0028359725177572025,-0.015787139998848954,0.011832359113945794,0.013297186139219519,0.08944569763046778,-0.03849747931551878,-0.06354757753671315,-0.033812346932401226,-0.01729087213773408,-0.08937048345577933,0.0026330687894289048,-0.030814783882872912,-0.0164092097776563,-0.012384111364930778,-0.0857779114281451,0.018863702008314484,-0.005007601097891763,1
-0.09189842690389248,-0.028191428358747196,0.026280069820936062,0.019210619844373947,-0.04577702140523269,0.022734555062437743,0.03798970732092763,0.052556555670576884,-0.07374122335908477,-0.058067061103936925,-0.04015177425183147,-0.010779037560855836,0.021233893817043145,0.02717525278613641,-0.13535152505487735,0.04837225500277924,0.2869674933618952,-0.16386092402379068,0.5080359800744915,-0.07800326914143657,-0.11134127955959959,0.20840564305830095,0.22983777005440983,-0.028716551710288654,-0.07876309233814364,-0.11291339363190402,-0.08082806076373333,0.057502267028665024,0.046234548486914245,0.10383793140164616,-0.032500373131056276,-0.13382753655472854,0.16292167730373253,-0.021419357663882258,0.023295542983400214,0.021063113194619842,-0.042927726869426364,-0.023973579599830177,-0.022029858012732977,0.032350517418431396,0.020861582112457356,-0.016112577909566207,-0.008947670397498211,-0.04374403998901671,-0.007830091863821375,-0.032093027880582936,-0.005273729277854899,-0.032561554405803,0.006924275821675332,-0.0005497020768132062,-0.00675573305233702,-0.07984734543610261,-0.011929881008495053,0.015298861436783068,-0.003584458749787113,0.013815968032488864,0.0237050368531941,-0.014382866185505367,0.034099099365641476,-0.0017799103865284648,0.024488147667224593,-0.033549024440655,0.05662673684109817,-0.05743240014342987,-0.01663489557847845,-0.026930240161551506,-0.032502005730742,-0.05420212200529002,-0.04418229706229364,-0.07717292245043807,-0.02996602522531892,-0.12377104441780726,0.012204450283259421,-0.06044438380867168,-0.08565153900787673,0.04601464324379363,0.018204946886044522,-0.2096819338976843,0.10288794030602114,-0.006928843738571801,-0.11579368568654921,-0.005912339499168243,-0.09258016232656381,0.08859573318098989,0.03252074912475022,-0.02561911809880038,-0.04849758843932589,-0.025034096907194752,0.021258300564300104,0.026359682578542678,0.03143245763438489,-0.11136973134886499,-0.05925591182553785,-0.058820809044436116,0.010572478937815351,-0.018055260288739258,-0.03482996623180264,0.009378827551142173,0.017901610696731737,-0.0074843397265955125,1
-0.17152029725292006,0.0766644373426083,0.22115898456008748,0.02418637433165498,-0.0670649260492354,0.31740350811162105,0.1068598132180322,-0.07365267076656304,0.040337297874015084,0.05187717447651572,0.019466674414376692,-0.01889986896328683,0.04415298187509219,0.005503526610570421,0.09001770789046111,0.031920229863399235,0.018645537426467157,0.09122612736698964,0.06872454240168177,0.02865474007348111,0.039345961786283405,-0.0017366399132575081,-0.0010950448860774537,-0.12959433585197025,0.006359161838963663,0.039683872071615764,-0.05151703149674409,-0.06460244458505805,-0.08102775220746987,0.08759679125715127,0.036589524658540463,-0.06775917741920474,0.06111837511381669,0.018811005951761398,0.010955656916131427,-0.0019388287231588766,-0.06245534161384293,-0.16158710586419103,-0.20045069298799414,-0.16595804202403627,0.04109325555740752,-0.060968973574398906,-0.04436606708278848,-0.011423821935431913,-0.009522835448407678,0.017982661556336585,0.04452030692290133,-0.06921151758632306,0.01609284217305786,-0.06899317672846535,0.03301529494068172,-0.00033932999253058656,0.014362368516630659,0.1303458250253374,-0.056706036092228185,0.008911825644399907,0.06254405902539004,-0.053913482053959925,0.14791814508362508,-0.18211580063272867,-0.04913944063205439,-0.21966905962571293,0.06868569621707815,0.007433251631514008,0.11571516802679753,-0.11407358530408009,0.10232016374082199,0.02605950240097949,0.012205682171637772,-0.010028606362557183,-0.061509879431162824,0.04240805213297709,0.17135702835542563,0.033572030006304196,-0.18265840216710197,0.030493871529115094,-0.05163429916669878,0.05582772901226119,-0.09776914844731986,0.11168276187199154,0.060192658531286976,-0.062044952496410934,0.03698699181552943,0.01523942307728984,-0.01829742245049591,0.09310129596227155,-0.03645511000403936,0.0662896319801808,0.005159022240121917,-0.010188683791875616,-0.0009569142449870453,-0.017867713487979855,-0.005973183310972799,-0.042991522999500396,-0.05323666210846349,-0.008056680272637222,-0.011522566278243124,0.07561257807453138,-0.041553646442119285,-0.07363839895534739,1
0.04339980406640818,0.2191327220147234,-0.11825021982276444,-0.02905592648424224,0.423999904823385,-0.0301762573149965,0.14647739716928104,0.07419932796410778,0.09930873859684362,-0.08791647458159987,0.07408822307165117,0.10058699570667132,-0.1365032297637499,0.006804168456111671,0.06296975007107462,-0.016003995962226552,0.011532006363212598,-0.06499839859561317,-0.10617468876076816,-0.13371861960026818,0.07239042703329783,0.0007359529863010798,0.0810556025227354,-0.08099590981840916,-0.051842137793539536,-0.026729409074401307,0.036662853404597524,-0.009830582228099606,-0.07974612088670242,0.005900499777006653,-0.028802390441006572,0.04504092906760474,0.03668098279960223,-0.0004972164098366974,0.0294057054674297,0.004471533251242915,-0.06993095141763471,-0.08504721136846827,0.007151727779195314,0.04538603200428707,0.01959063494761097,0.026142944081315442,0.04978323229503964,-0.02157551518313089,0.02611238651133718,-0.008479964419651292,-0.02408622848020322,0.028374813939877574,0.05113333831099328,-0.0065795624845969534,0.02138644580458254,0.06409669288936072,-0.004532931333587284,0.003138483934597736,-0.016713810184799154,0.039996020320482,0.032361849210078134,0.007697004783366998,-0.01085081071716805,-0.041932659097425426,-0.013760653303798383,-0.08199902208895256,-0.054406837446096624,-0.025764634847109755,-0.0011084663505499068,0.017732954270617083,0.04683602767809958,-0.026479096480503114,0.09898733554977143,0.0388652087156764,0.03852664582526763,-0.03562510504634525,-0.018654589040398878,-0.0009677508209730499,0.031143531103064784,0.01376018911170424,0.07715636200100524,0.007133740509400194,-0.10677126256457517,0.02516499512109501,0.030618159492513463,-0.13065372832407718,-0.062499014523611354,0.016108525147682736,0.002926682222479812,-0.10797386618989471,0.0489071933687064,0.07483189223618762,0.027602247677399903,-0.06962130045375413,0.02124440200341238,-0.1535537277031664,0.013194443960913268,-0.017011840797818745,-0.017369028837931018,0.012413598609944761,-0.07652342838446859,-0.07504230212622605,-0.05843690735356868,-0.10059084173633068,1
-0.3425671904337794,0.03525799799619968,0.5394242976401982,0.1028683860406526,0.0030704029645839824,-0.1998211921144394,-0.037818599069226154,-0.0013723914964072184,0.07987909486340239,0.012352865479344026,0.003008404102284295,0.054093925215219815,-0.03937688028555971,0.006253104800722902,-0.05847536310587855,-0.021017066170919165,-0.038463336524934784,-0.06092398111752352,-0.04961961686232133,-0.03993221759743777,0.013912523957095971,0.003033527971527112,-0.0033934062190242448,-0.014521450130852476,0.009233131907595366,0.015917742883630823,-0.0341655998068737,-0.0010371908458758294,-0.010240564719941616,0.03261588080071222,-0.004719911201822604,-0.02752000033329904,-0.055134229037167554,0.11342786999890966,-0.03874671120694438,-0.03600264079329742,0.005852781436081375,-0.017323390457250218,-0.012166383185931839,-0.005442454796674489,0.00925052758571835,-0.021740016556368372,0.024704683748191337,-0.030510567733989472,0.021518884221601156,-0.02184375465791605,0.019267315663449233,0.00991047090709301,0.013399873797023468,-0.051229321226305274,-0.02152722202953145,-0.006605726190275097,-0.05337843934437151,0.044995023489569005,0.024822386404942883,0.008563813258035676,0.019490536723790253,0.011025410256757741,-0.011685426511643327,-0.03612512145829761,0.027461856829644037,-0.007980589385606307,-0.035559189518265644,0.08368039499031765,-0.04895488863606673,0.009278969550765757,-0.0478227072462606,0.0006156314282604426,0.014041040942648107,0.044735037824047544,-0.14002523265332786,-0.06682040763582574,-0.08595431504188387,0.04437060135049046,0.09826839438993457,0.03078385908158635,-0.03631700014701116,0.14595277179240343,0.04645708715662392,-0.011423661170211518,0.004892273819466009,-0.0034833765196140122,0.025211831748690364,0.14078033258982803,0.011928087339888512,0.05548228218082599,0.027133873079662592,-0.028793214890590044,-0.024739937678267758,0.03319280953618768,-0.11122292995927047,-0.0805417575473754,0.021288646629196543,-0.03896962967776873,0.006160626822045717,0.0005486961803162107,-0.008018152909970747,0.031274079710218707,0.04877430953287278,-0.00954629702683724,1
0.02141884576004991,0.21286630684141244,-0.12958662817584618,-0.007566718667897176,0.2512962099582787,-0.024215941396360702,0.11992177229738935,0.047927687862322155,0.09451801347209625,-0.06986413034122448,0.08382066076756185,0.1276404752107334,-0.17888367802921176,0.04080446647359049,-0.07779263023477799,-0.11977703942503398,-0.059862669652235946,-0.08946227221053693,0.07135765778353445,0.025397487509400796,0.15833790351185767,-0.03463485301873771,-0.15964038458292573,-0.062441055027737384,-0.10675479551748425,-0.02177825565608799,-0.06809472711791789,0.05654507512700412,-0.11626083816031968,0.09400890194312066,-0.17921452617223388,0.00041557315753485574,-0.07169462565236065,0.0026428001896737744,0.10079333952591911,0.08394752356662348,-0.24491116158811108,-0.22086355684757986,0.11094533599109106,0.0056870062402710935,-0.10689169599623156,-0.10245141903822547,0.08379893524906608,0.003688674471860443,-0.014596905396712118,0.1894503392448732,-0.0034421834541663015,0.0005515187504954987,-0.07908268759465122,-0.0016386695472081492,0.011501506202301212,0.04535826424300541,0.033970535148237856,-0.17760157524645148,0.0480719480396427,-0.03297638992955205,-0.07205087552711925,0.03919064675010724,0.06371185416655094,-0.028701681299980516,-0.051410256088739996,-0.011569632074947536,-0.10380735506353236,-0.029358608025783925,0.017624978387930892,-0.04859975690689034,-0.06060610332918311,0.014219909557529307,-0.061307431864845836,-0.009162331597299083,0.030816035878687375,-0.11096800790819607,0.028596862435630695,0.027676797595130847,0.0336562828387009,-0.00040805898492641234,0.03623564050136873,-0.043115184751727605,0.04307193276239979,0.0839017164630892,-0.019812696695501817,0.056169929582503324,0.008805431581497077,-0.032123144449750625,-0.012178024161694646,0.056786838054186,-0.002582018575168878,-0.024512553151766113,-0.036651808822342744,0.05364585993700373,-0.06395690613680477,0.04072248455444446,-0.0454430986323368,0.019136621231165222,0.016731078530963804,0.029051413783154637,0.051177936941225945,0.046616059881754206,0.02455818292161159,-0.025389425452937268,1
-0.0875881769484071,-0.09360244966399475,-0.16920634040328833,0.034653678112703826,0.12862256829156327,-0.031135998654624988,-0.03943563011783831,-0.07812939149552138,0.11479284555974822,0.0105794030974705,0.019464533829764524,0.011402465252925808,0.0026717635784300245,-0.04072937119326063,0.021460442018198075,-0.016652899789136453,-0.09220619901597327,0.03900013891208574,-0.10513797954023682,0.0012674045282824137,-0.041521572625993014,-0.01588210708195653,-0.02840784459588774,-0.03655848300343312,-0.07009315039216224,-0.08475221767514116,-0.022955470676524144,0.00796414909591988,0.05458305985637205,0.026366562933741164,0.012457932531797371,-0.14534333336637173,0.11605491598315419,0.012059072982913581,-0.0177275974496442,0.07019667621716114,0.016386577061149103,0.13881409627075286,-0.09420996749062235,0.10715813496131768,-0.15268330636704283,-0.061896533732938325,-0.004553502269467623,-0.13806826049307408,0.061867345598787794,0.07553859721509566,0.16886435913905026,-0.13055582693675463,0.09439029106541594,0.0657909130540306,-0.15504640634166744,0.046862762058514064,-0.08627154878895706,0.0012723303741209292,-0.10626688063709683,0.13543672011781963,0.06347467642679745,0.046985499244168845,0.15555719443834312,0.06962274725205544,0.03773751074714358,-0.011766537845143428,-0.1130763082302633,0.04088553135983543,0.1153744870743721,-0.005645640667424072,0.04908240910744282,-0.09231997877573277,-0.04048432536618952,0.16526528298130713,-0.09569415280825576,-0.009532768913908893,-0.1434466701480138,-0.20506183300896816,-0.1452950929478134,-0.08118433612600111,0.14227945663778113,0.02224875421532496,0.13026054167952023,0.13785892396197416,-0.003051813160475809,-0.056984304307115506,-0.04516796247199417,-0.03629226843620272,-0.08273102404434964,0.02057585959306278,0.036181612777832946,-0.014525936681974617,-0.021083585508800854,-0.13424223847779163,0.02071161566110643,0.011065513215158028,0.038323899716800586,-0.009338564932816904,-0.1533904116185349,-0.051826663272322986,0.014637102787446694,0.015738660482867397,0.028300887430126275,-0.05864963214661746,1
-0.3540635720866577,-0.32197745831901003,-0.3249006188130778,0.22317955759011665,0.002664546107951451,-0.025400507814552876,-0.03753883169895282,-0.06166908577280804,0.1841197667007931,0.13008574082381685,0.07555168518908124,0.042640667445811326,0.04487103677413692,0.035570987693460177,0.0033631017652052896,-0.031331508870220334,-0.0013471050447487114,0.0009465564055617409,-0.018444601650063227,0.03991237924720881,-0.0579716385301155,0.020880039557441447,0.03612611480363126,-0.05630960124363388,-0.03488354602641987,0.01679203262390007,-0.04266625700089867,0.06918596157550891,0.013743903360319271,0.05156101201761924,0.01733297592803437,0.011933716423426102,-0.07012483734173444,0.0016623600403852061,0.15064411671321057,-0.002472734304106409,0.03910386917083809,-0.0029144806143405083,0.027293532712038885,-0.045075636023144794,0.10425274335476162,0.1101862484575549,-0.01440641250436205,0.012050101001256574,-0.020051369602290304,0.012280609624643238,-0.07483225707339707,0.0030550159130365096,-0.004044042844934381,0.027031258954137393,0.03500635968711755,0.009137237484658334,-0.0018842613457256006,0.018651719100922424,-0.03597040576484359,-0.014260644155322051,-0.013600268527626974,-0.016196877535778722,-0.04694867831356373,-0.03797812714122919,-0.0377181894250908,0.025242302248262842,0.008177671141253203,0.040928038599416794,-0.04868949744088049,0.10185719224561836,-0.0037397817691267707,-0.0316735029154702,-0.018821324301097026,-0.028022642252367506,0.026394648452973846,-0.08690371880435815,0.021419297217837988,-0.08231259649004946,-0.027445639140352966,-0.013976878141656192,0.03898950380209462,0.08758082244773036,-0.044371207303452266,-0.005264123077246855,0.0004971269814722472,0.009745614560641852,-0.05041734073234864,0.03391139095519971,-0.02342402326558655,0.06677028831168862,0.020033010859376702,-0.0011637649609966252,-0.08570713703865003,-0.02338970640646241,0.05765246482741892,-0.0029629548014193327,0.010488855917117106,-0.033539794684345564,-0.00946581426932693,0.025783705210194432,0.013111043886081402,0.07919230715483871,0.027108435870087034,-0.0009863572420572564,1
-0.17894838071145153,-0.02737561431310465,0.2549910462284935,-0.029468984531235667,-0.1035501331874043,0.6353084155694095,0.28897568944632374,-0.0818636208474188,0.12492143897348176,0.027809521962218968,-0.020070199520993155,0.031350293218549985,-0.09577715226228638,0.0048337755847095085,-0.043717583664689,-0.05232369279257222,-0.023412092974495875,-0.10418743621988126,-0.07147371607919151,-0.03905043202510368,-0.0337224271861583,-0.0064196377378514715,-0.003361768957774247,0.08485740908538794,0.020736392547852697,-0.029860086516051567,-0.016960152750124996,-0.0067490761571504946,0.031761192962810984,-0.0341360408785425,0.007754859376934381,0.03045188519990601,-0.01457376642629098,-0.00038950448957031516,0.04225236646219718,0.0015142323759699075,0.029603675080403537,0.18238553948559974,0.22087219587064907,0.23149510131266238,-0.03757377910618121,0.011121007785269837,0.02114889166132048,0.05805403932157849,0.08059259747370082,-0.006422217749541349,-0.05354591269701644,-0.005008676207424151,-0.043822295232922026,-0.027369223053279795,0.020113862339293367,-0.04345806331132323,-0.006323562529619035,-0.005899506802608964,-0.023279556165408947,0.009054727312921654,-0.0012165638646716335,-0.018142145624682297,0.022727697326093203,-0.038813082497358875,0.01190148175858666,-0.045880078087984756,-0.01444045714283057,-0.022714079676541793,0.018816058887729876,-0.011370055717973592,-0.0032439118091521224,0.010391326517323211,0.0021557542727555653,-0.006417219439698279,-0.02242921178325511,-0.004858456072385161,0.012959094757076713,0.013352177742217107,-0.015340101834033342,0.011340960850982698,0.0036837160862064726,-0.027228206650172268,-0.007014352305953095,-0.003254200195930075,-0.002679763790072422,-0.011576874041550349,-0.000831028617906395,-0.001713444120686355,-0.0002047393788603071,0.004113634452165671,-0.0075640403573047745,-0.00516260340684143,-0.005195930331332322,0.003515456638897086,0.018105590279715207,-0.0070697363229234545,-0.01656146098140688,-0.004948349728595971,-0.006897139925470707,-0.003009645710011123,-0.0028029146549961815,-0.005053351480979634,-0.0020945190619471284,0.018522517965368475,1
-0.17283800249780137,-0.14982960853391405,-0.17397281472553877,0.10911270193503006,-0.07538022152507828,-0.06819159930601092,0.03279577372547812,0.01066525669127004,0.03981546159451132,0.003829012831855712,0.007520129470642427,0.013631333876586894,-0.005788584374298795,0.0023568160667548346,-0.028065034449994086,0.037879514017292434,0.04192276263944092,-0.11788790542348783,0.11058479750516352,-0.08654845943479592,0.22090943965952906,-0.03508492883682514,-0.014934885897021027,0.15724299888719753,0.09885823061953768,-0.02538758615444324,-0.05982482888966771,-0.1497503798510505,-0.12549138173537544,-0.023814090329581608,0.08167618021747886,0.1828871935316195,-0.16508811477326416,-0.05433047150953374,-0.06100937318656424,-0.07045786834554554,0.0325378793355048,-0.011318357799092215,-0.1870453186165121,0.020604220366600083,-0.12278650694011708,-0.1572920879817257,0.20521953209774338,-0.04072296378924961,0.24551805278769478,-0.15676616803005053,-0.07093108118270532,-0.07123738116248911,0.06772785593187955,0.1001573131139685,-0.024963484795218968,-0.020891658637959384,-0.046084860976624065,0.0048381123363702445,0.02467357535159874,-0.06873459903695825,-0.03279512671441724,-0.08730541896082152,0.06291029798261917,0.042278892411190545,-0.03351511051773054,0.06356055652472997,-0.0644453281770276,0.01723885411953465,0.07093794864631808,-0.040204786674657766,0.03899547669322272,0.012929370028114706,-0.020832178982519694,0.1069084808601113,-0.12440574404731078,0.08402509247761608,-0.02207699216683685,-0.018835845293447947,-0.03875028896542724,0.1130347042349939,-0.0019626906705948874,-0.08704988878979142,0.013409135402380014,0.0765957956948634,-0.06943799077076356,0.0298065428761082,-0.004905322620621486,-0.027433520533410537,0.08169559131511282,-0.019782066054710563,0.0029018337892861823,0.024045896942629034,-0.011922698165541168,-0.012043416420653914,0.008254227531874714,-0.013256678310785825,-0.004327567641541818,0.020766540310952562,-0.005123119977731254,0.0217369128805639,0.04533031921648814,-0.030617874741420203,0.05139207759278956,-0.001150367795519703,1
-0.04988083017255805,0.26487862187442857,-0.04017177837398703,0.06325570104319897,-0.1112349197973874,0.11800560162647335,-0.027264573037157153,-0.06473928880769424,-0.08104195693840319,0.06917639252741749,0.030210677571087637,-0.1155012881638479,0.19101686761319522,-0.013361373614867233,0.20736410994478777,0.1260037074624948,-0.0554886615338221,0.32651480963878476,0.1268310057323645,0.0673002670880959,0.14723407975026517,-0.024451794730241574,0.018414377109986377,-0.25502270153560636,0.011568551035634053,0.10379311525306742,0.013336581900035123,-0.15353116843539058,-0.15327178655989418,0.049298196607389884,0.14181628874878624,-0.11171909485879783,0.08662208515092941,-0.08991584023698028,0.04072626742367987,-0.03951391043317797,0.02461634978287737,-0.025425789785622425,0.022663746920844424,0.021098323476199204,-0.015546271626084069,-0.023567391642018487,0.018342083977026927,0.03281696137807755,0.05370318996073983,0.03346334221563964,-0.053839978150060155,-0.07679264208272069,-0.10377862965978274,-0.08977530453583045,-0.06907406110825419,-0.029514801897462077,-0.1049334189557815,-0.12209551084132154,0.06665426415477022,-0.01391679092532245,0.011270445890746284,-0.0009682881997550027,-0.08215385878001653,-0.05921095282790462,0.03334066359772058,0.017727146280125804,-0.05918923068095734,-0.010455965102061648,-0.06230190928459388,0.034951856516428154,-0.0841485332010142,0.03063705443940652,-0.05243805511378719,0.0023688282402213956,-0.013828565598781352,0.006636992285613979,-0.07372209685639286,-0.0010132860903550112,0.07460180368007824,0.043105413037261814,0.0619781970659342,-0.034521070663852904,0.006402719397226835,-0.08124982263844469,-0.03679837994292016,0.03787703428232199,-0.04331519251476965,-0.01409768947812934,0.028561972953355316,-0.019817074622882225,0.06515184486627913,-0.0047859265117873705,-0.042026876080746,-0.03092889601157774,0.00885777937006612,-0.01540980135524164,0.03010657854316141,-0.010878343121526886,0.0003648668131998925,0.06017368915791725,0.0016086124780877592,-0.0009816587133490207,0.054019851966723105,0.037331707258390946,1
0.05298516944960256,0.16506431277560155,-0.059958194176645135,-0.005715083173004182,0.31116028081151403,0.000986308003139645,0.07652756774232551,0.061259509205335544,0.13242261077873377,-0.08696330328891268,0.045389582722810504,0.07858205191056218,-0.23197310905844332,-0.06533716848369463,-0.14446244460871974,-0.1309763772436828,0.04120912294577509,0.09398955174037663,0.22292645195695046,0.20110715768373572,-0.32938799734059265,0.0155436542311939,-0.191729972032494,-0.08209557261144529,0.0024436948511199898,0.012761310709332053,0.0236930100386096,-0.1429374809391518,-0.23839769342347117,-0.10307505414237123,0.11928822882155231,0.09071330525716717,-0.08511058815637405,0.011774545455696634,-0.11750584116843374,-0.07239414103182604,0.14005056446006667,0.054375067609474075,-0.014142362812901241,-0.037523740588063965,-0.020347412253733675,0.0697253349901432,-0.04517184491394518,-0.0023503774296104035,-0.05512523324433458,-0.023722283171019477,0.007522028884745074,-0.05214701087870046,0.001257744058053209,0.03219828519540251,0.006384180886193639,-0.05098108996376614,-0.04671542556834965,0.04140829267846559,-0.028498268199233304,0.030945728175535658,0.03886866207639979,-0.012904474731235701,-0.05177807016517036,-0.027945779383425715,-0.02539059823972828,-0.033413337660182556,0.04753565007773456,-0.07110917944132879,-0.005028982823172368,0.036042946858320477,0.05345671066349014,-0.04321012237930151,-0.03582145233083129,0.01805087754812276,-0.01888280133365252,-0.05290494879353814,-0.02576321079926228,0.026724817583146317,-0.010126313937567182,0.014657950936588641,-0.05419410168559048,0.007674485857894954,0.037338335642017884,-0.03442777064439447,0.04036199702500003,0.008420306945785933,-0.0007500730809489215,0.012790488223086826,-0.006961575755491135,0.024727645465859625,0.02326082543274641,0.04053465278489928,-0.01085018416808631,0.02347030167633817,-0.06625320322650356,0.046564395313911044,0.03749075050026673,0.024076099377103626,0.057731966403137276,0.01066076557573913,-0.04665597142207657,-0.013143849801590956,0.0050402444756824025,-0.026329353630483165,1
0.043389439868121916,0.1130900060353918,-0.04171402574386219,-0.05051386039419356,0.3096383229120136,0.011656960540799361,0.06529931070113704,0.06316633246235644,0.10350763168665221,-0.08837734698077007,0.05298789564389412,0.07652823512602899,-0.1936006216407057,-0.0707908922408665,-0.15016983325705388,-0.10181797490308338,0.06030832555598563,0.09154854635390645,0.25328730635640045,0.18337038980602804,-0.3762906287635016,0.035215241232082924,-0.1915043361686416,-0.12100417379203787,-0.006784310325301901,-0.010254638991866663,0.029808175438617107,-0.15381894497257165,-0.23991104341055433,-0.08109078615450635,0.12473925594206084,0.11114429655737706,-0.1036407786676212,-0.020150491969582913,-0.14062430317178531,-0.08913660641529886,0.18044942984542145,0.08227424284090949,-0.042645781404973285,-0.0013984962145468668,-0.028318721438638027,0.09706551750103605,-0.07090319576820603,-0.011904601940523039,-0.05104336120194485,-0.0421387582816662,0.022497795664565876,-0.0085555274304307,0.008003160450045121,-0.017239858667919838,-0.003660073410103729,-0.03118247817184025,-0.024280396165086683,0.002820047283650783,0.06202247158551737,-0.013054783656293596,0.03204107461142554,-0.04349454211859752,-0.022874368994611965,-0.010981219095292774,-0.007871448436377819,-0.023779978583450687,0.00498970407618814,-0.0732548783514342,0.017738980877538935,0.01850228811803563,0.00629948842030486,-0.01793228586777473,-0.03372828177558467,0.04772900365433933,-0.0318756306405056,-0.08895076761958837,-0.002218397363454562,0.029856754381838067,0.0007323645466025988,-0.017322214345943856,-0.01649151356799674,0.027412027367683445,0.05053529514212167,0.03191493201516154,0.023304838706884577,0.020813866097641392,-0.008889209224549305,0.011556271503175923,-0.03385858108951689,0.03642874982032237,0.0009964042314049954,0.007739011777051259,-0.005170197183533111,0.012449572893173515,-0.014431067566809423,0.020037179648328667,0.018294513072663467,0.0675118877259018,0.05710795673562687,-0.014650896511015973,0.0025915311818359766,0.018948569421501353,-0.02932967427280325,-0.006908556038619345,1
-0.010655684527381307,0.13143642982760825,-0.06033249512438168,-0.09599206394129665,0.27525157979264575,-0.03568136042283948,0.07829212119241631,0.012255390502439418,-0.015590779971429592,-0.05861396111586039,0.06747831078152598,0.018775896206767707,0.06522613526690037,0.08073522530402845,0.15271413624234617,0.00362118801878109,0.004276457232378496,-0.08979785602392798,-0.05751960103791051,-0.04429015724961155,0.0646305415699993,-0.015400477268282729,0.01012541312399871,0.1105352705219328,-0.08998580317059358,-0.13809766460091957,-0.02109008019401636,0.10355594636989515,-0.003744861271226782,0.05397018287061784,0.07069409365430115,-0.01534024978864392,-8.360741036918614e-05,-0.07354474207245641,0.03289944010018164,0.02110855123744379,0.019606982494315427,0.08292862148412564,0.005455198203338115,-0.05965226388275835,-0.10368138383997218,-0.06732859499454673,-0.04424781572963322,-0.0548676066081963,0.07441671180690476,0.019636292224849174,0.018162437155164714,0.02254651681061937,-0.163323571766734,-0.08766441859175264,-0.04992486650448575,0.2189236935098599,-0.06332472503244392,0.19411560223315022,0.020254216737276596,-0.015545642967682719,0.008860704512661934,-0.14173411989149548,0.07196789731214026,-0.05630248657385433,-0.04932721399837303,0.056323002670307536,-0.01321021596402366,-0.023105697808115527,0.06924015013801317,0.07455268287161965,-0.008242965013491093,-0.015856656157223877,-0.012425165639934262,-0.10560005211819343,0.15756822498809367,-0.032846390521976264,-0.08170032562506861,0.16441304965217116,0.02512107668708595,-0.12620889856758197,0.05589623142697431,-0.021478774279020254,-0.0368884408610438,-0.04731835662609935,-0.017858566976190617,0.0647097927278547,-0.08045660764839577,-0.02010155799900507,0.02550503815492652,-0.03794503659024997,0.07149903915140769,-0.04452418142680277,0.0055151856113249,-0.06786999294880301,0.001987551283315378,-0.16541297090729454,0.13500900675390934,-0.01580577622999759,-0.06661095839453599,0.09611527238093415,-0.03712938761715692,0.06131541914737227,0.06086797894257311,-0.033327190825094666,1
-0.3223771451667006,0.021364813075387575,0.49818191647262816,0.07545686503652607,0.011783948455263808,-0.17978442201886036,-0.04626450083696891,0.0026511861519971443,0.07710797853734831,0.01679786375921519,0.00857984494581644,0.030824275812205298,-0.003949216258690452,0.014449976118925574,-0.04403024923375789,-0.0034319867642927777,-0.017036547455010306,-0.031791694385904935,-0.01862544425388717,-0.024813284805061123,-0.028459238594343596,0.023066153459014565,0.008704354806378153,-0.004614173054609152,-0.026423540196275654,0.018370345614777597,0.08976639558301781,0.05632710061076812,-0.0005544811921191608,0.008761072650005336,-0.033385981616477024,0.0009265057381987594,-0.08110489068429191,0.24053096732316334,-0.04284514826850916,-0.093217640452107,0.04120021730183938,-0.045456954303838865,0.031177875419731223,-0.00461848525813627,0.020570981960787504,-0.08208153603218839,0.07908524594080521,-0.05223515363632475,0.05408944344983873,-0.029735776534527057,0.022384701639336844,0.014917221694685753,-0.038967901696303396,-0.05583983185475449,-0.021443223464896754,0.0370489586936045,-0.09118295773409064,0.03206596093792724,0.06221438571848457,0.02613134794328587,0.02723489941588766,0.010896520746388427,-0.030810584708171735,-0.0205557903956917,0.11059537519731376,0.002411595221120417,-0.053942627592230015,0.07058382710925325,-0.0641743516021897,-0.00987057466196508,-0.08389825652353823,-0.02625146546071679,0.02797894551353116,0.04943656183921607,-0.05108174491536821,-0.05128143406844459,-0.12245960493286545,0.018307279213466237,0.06623107841924092,-0.051433848547709896,-0.006818611755127302,0.1077599936508241,0.009657984466556071,0.0029016538399449965,-0.021950869746671466,0.021848708481768644,0.0376916269269748,0.13195571007335707,0.0312518038096684,0.02578435220241925,0.056132623722967234,-0.044185474531360625,-0.05602801267688073,0.02894162071376874,-0.05424299944943543,-0.07506406777980565,-0.043272016883498014,-0.011940759563891021,-0.002556319695889527,-0.014238804114103614,0.0021467091210712903,0.008066616635017163,-0.011143463501907496,-0.05645231043608445,1
-0.21753159357745172,-0.13187612900582582,-0.15944680753974352,0.08336401952311241,0.023181221776074172,-0.014297940467488628,0.004703983553522371,-0.02728147195420504,0.05169483020001723,0.007233523641616328,-0.00587207157872449,-0.02466175626775502,-0.0035155270922245588,0.006106249521468025,0.02715446409356887,0.004267193780572723,-0.08204590416287581,-0.0008659886871440617,0.09628271733753047,0.012622884732807043,0.1449068956335945,0.027115332611127856,-0.08158344850990377,0.11284155128993871,0.1235792081225402,-0.04821752340009228,0.006318859612004466,-0.14713786042673926,0.09381105846032266,-0.06786394103769959,-0.12656952593239382,-0.023254893149514982,0.07485345995563475,0.08396386558299193,-0.02279444939923654,0.0701860547175377,-0.031798899250804265,0.07656807489158238,0.006855688128755636,-0.026418334061504383,0.09440388136560017,-0.06311854625769407,-0.0696844100547436,0.07960328453997376,-0.045681710614392766,-0.09692160058101784,0.13367109928152002,-0.14926995116951355,-0.017733648111658618,-0.061268423925430596,-0.09212310270497907,-0.06267493640624232,0.07972949418915766,0.03150649953819536,0.03319268120085706,-0.02826464633928801,-0.02817765417226726,-0.13141280341752387,0.03482026602360812,0.02217136087170215,-0.1414272329065154,0.01590020320968109,-0.06332153831548687,-0.08813658493108684,0.04510903551751629,-0.03072401947220506,0.007227511121809589,0.08051158806628067,-0.02583640701850218,0.06996106053220005,0.027206954660943018,0.008397960499579272,-0.14459159949989847,-0.04235181352119537,0.05354266017166429,-0.10015600070859854,0.026027564026265503,-0.09717960543149921,0.01707448768730655,0.08066322317018854,-0.034409882252346126,-0.06679374826387563,0.026121983291719532,0.1697060822302698,-0.018334256318443397,-0.005676541740720251,-0.21467631246906155,-0.001017527905125016,0.15096689267825733,0.03828235674055491,-0.005370209354163419,0.06728586010610514,0.18661687983095812,0.033687482259015716,-0.12418773123471948,0.06155734401977551,-0.06559466755307912,-0.004374067489853203,-0.012169633844658375,0.0766787614023023,1
-0.2961048454709136,-0.2603936888298738,-0.2151124128782351,0.1269097473812782,0.05610597747101081,0.018326811780034084,-0.017255456499972628,-0.0014831920223537475,0.02615198171709966,0.0001165095724942568,0.03226500782576878,0.019807119655988324,-0.005232802910950146,0.021981343810684333,0.028062094057166705,-0.005939864473772229,-0.015513541032401911,0.007356576224700236,-0.08265629499822391,-0.005768414602981774,-0.02633190870337837,-0.04651123658508809,0.020984490475203815,0.007337585247329822,-0.06667544397413838,0.08706338163200095,0.1433584920148893,0.053471876518752605,-0.033734832079058204,0.03493063713289974,0.061171499747147015,-0.11038591587823779,-0.007967295845683701,0.080713070740589,0.16535940822022988,0.07821571689594417,0.18616071815862903,-0.07294791727695896,-0.049764027199710646,0.026403644816187455,-0.1277071896553856,0.0017741044924866175,0.08330585123724832,-0.18882180534565002,0.039056979502359326,-0.09687665246914309,0.09261565773481255,0.09974389771188683,-0.017785087696321915,-0.007632457299048308,0.06444614184533928,-0.058320879454683304,0.08026419094814596,-0.09426535268021062,0.00494178623935468,-0.0030312481695333113,0.1268937432413256,0.0516092817748451,-0.0029914406791871424,0.02563519224356099,0.042053484077388195,-0.014172027261478969,0.08804656099270719,-0.1043443970985772,-0.037619795155019516,0.05391826243134846,-0.035555111923488154,-0.004664753050599495,-0.04174524059768247,-0.03767582783028334,0.04525074630400451,-0.02601416140818168,0.08342191975823762,0.1280173389460692,-0.013134716076850442,0.0028369456116355443,-0.02964662353879678,-0.018978060557765068,-0.045323307019436744,-0.09962126509224849,-0.037501079945775784,-0.05611875888225185,0.056789367331474654,0.041606058876218974,0.07605665169992626,-0.05660452254676791,0.10706075805092974,-0.0037557218760841202,0.034124280126384667,0.16143104225095523,0.013768740581820116,0.043006263579415525,0.011552364559973112,0.013189663862168546,-0.05593320376538121,-0.029593654440107888,0.015409230194225604,-0.008772237874951395,-0.02326904306561603,0.026164763854357297,1
-0.22710820503946968,-0.16282684899264274,-0.127775790374287,0.11239625489919058,-0.06529961038192846,-0.027217115696009184,0.016056438995495567,0.03227665202773424,-0.0577586364681121,-0.03640514967029833,-0.0263147863274168,0.02513926855096728,-0.07382330946671788,-0.006824832190097138,-0.016484101468756524,0.006140660602595716,0.013151602976640088,-0.06410999223379796,0.03528641260102276,-0.012739650621827345,0.09853400928650795,-0.026455506657078767,0.01782584757047304,0.10778105948165605,0.07175526265780374,0.006297939523725376,0.033012763796600335,-0.0720156012339118,-0.10930376043743158,-0.014320696650415713,0.0335175445615071,0.06736460273399587,-0.05796131508925703,-0.09250468484705648,-0.09322876868379644,-0.0314523149655779,0.012075338479512454,-0.03947347891641074,-0.08518214257867264,0.012106303092138452,-0.08627299662982912,-0.07319155687135097,0.15189346902128353,-0.05590038467980661,0.013119112111404365,-0.07626316090071102,-0.0632054003083804,0.02517115339607637,0.025669718173655123,-0.03223071462604581,0.05773923878519748,-0.014865936741283307,0.004611733336990369,-0.06384538579479293,-0.03345483216141626,0.07534924661011137,0.005935759886205878,0.11551386513008643,0.06780596198090302,0.18133338095938556,0.08892113827959963,-0.06416713308455413,0.04109642484946187,-0.24441715839046146,-0.12179972142664897,-0.10825957375674312,-0.0331631261528579,-0.09905659149837,0.09735031321801058,-0.267095935021775,0.01766987574952397,-0.06947681030531445,-0.03585782478343723,0.07859569010466208,0.031573564862295,-0.06045956243449731,0.023006844533136405,0.06182604274243717,-0.1770402310828642,0.0771123052364906,-0.09966787568692931,-0.0058743707013087605,-0.014617359429006719,0.0016618238221632927,0.014890239761592526,-0.011878046486807582,0.07246868160322613,0.1014377063354087,-0.028445128630489088,-0.08733560097309824,0.09411923536203977,0.1447401142401608,-0.07538000538309489,-0.024240648977112606,-0.0637310039776648,-0.024838357045555155,-0.06377537847074558,0.20904880463512165,0.019816990204115967,-0.1563938147711557,1
-0.3588638098923284,-0.36565985838044396,-0.3463951462906933,0.22874898563515259,0.009607516342017295,-0.02596911396058838,-0.05477377496356493,-0.05993515570699672,0.21117400832477912,0.14389173382204754,0.1074809828212538,0.03972831300986923,0.034987838037350914,0.04550844694879329,-0.014919482033651848,-0.02983394776792927,0.007190795705293538,0.05382277327332917,-0.055222387838509246,0.039073893359755224,-0.11095508804932594,-0.005721151843741373,0.05943813923440149,-0.0963502132543638,-0.06483590275878354,0.02456954893118867,-0.03859687348736357,0.09063113673279402,0.029999767766154473,0.051592765059505406,0.03788644069876335,0.023664628993413882,-0.015406174977483826,0.02247830624268677,0.16268147313609096,0.029081588149121016,0.07425387459945305,-0.032651701385717345,0.01786236620107006,-0.03929949691044445,0.061745834148155675,0.09730353358138001,-0.005752663034830903,-0.0004118468423828445,0.011491217743450256,0.014257493439570766,-0.11573078953280411,0.05368546247677826,-0.020111623236269197,0.011916892476180958,0.05885848865513637,0.0022638285055015897,-0.015446830478278202,0.02502611571693195,-0.050982190644565245,-0.02657175727913252,-0.029934653307067585,-0.013516818929163352,-0.05387978386626408,-0.038773190957563285,-0.02397204597182388,0.015652191759110715,-0.045891988420483795,0.04914655000329758,-0.029844690169333377,0.0786210796426756,0.018742486631788832,-0.01461341468280123,-0.006033398013930185,0.051218406229281366,-0.001348446106452708,-0.040818945736720604,0.03707533772384808,-0.07571796935196426,-0.012363118058609726,-0.02376232217395667,0.017625509020762844,0.02899311083821151,-0.08127395532738514,-0.042988061248715514,0.007271847492327722,0.012719961233277741,-0.046050626795256074,-0.006134713940459734,-1.625367516933444e-06,0.05828022287285368,-0.00488034298381383,0.018407023656178637,-0.10620857585887167,-0.011933188267710197,0.04268280253469417,0.00926669980782161,-0.00618390567788381,-0.0054614779863353426,-0.0015783600394023896,-0.0026738764302446016,0.007832136619452779,0.05702856927900384,0.051735273170108106,0.01982709560356486,1
-0.19331399799142848,-0.022630645421867348,0.24701185979167975,-0.00033394754075260867,-0.08417465174704096,0.43605545899324316,0.18259904988359157,-0.0580171625370693,0.10161684565903353,0.03067692341034857,-0.004278372062252107,0.030925645845622438,-0.043146340123848416,0.008358456729821016,-0.003373530749756131,-0.020993962133584374,-0.018625324929256615,-0.025647866691885655,-0.047984931979140444,0.02019785796133846,0.008648741170171163,0.0240519981578875,0.004309358111395922,0.0001972677718502812,-0.011101861783872152,0.007068257266405673,-0.042321483453798096,-0.007054032478526134,-0.018005530404698857,0.004251263755990661,-0.02013029766601239,-0.009249378950689169,0.02713406353350992,-0.05926146529053987,-0.06114106379093808,0.0025578557941433274,-0.055576341916012156,-0.21612227713515914,-0.2804922704196811,-0.34059090209729137,0.06159347463429146,0.010402674152272218,-0.03990956782394128,-0.1070820308426482,-0.13246903243981217,-0.018408915894682215,0.1152251661726236,0.08386945228770441,0.08118182089960385,0.08714310735787092,-0.06532560908624348,0.07217335467088144,0.07825204125761219,-0.010594959355778706,0.04664095514830145,-0.0016722661765239011,0.017531442599669572,0.03059009907571356,-0.04537911114042176,0.1442219393191154,0.034710686243002276,0.1429605888156458,0.036664319580664795,0.06216878696764481,-0.08740371166893066,0.05965387956341169,0.018439479402538476,-0.07057005958601095,0.012549209459101367,0.029824809143976738,0.02577087911165193,-0.036613712847049736,-0.04449997869547606,-0.02066987930129444,0.044736389419504925,-0.024929640157627515,-0.016786887099953095,0.004930318467293485,0.0703692502188618,-0.02269326020675878,-0.0027679960658858103,0.014953850939628475,-0.017606535116674992,-0.019390213385605353,0.004227492916197973,-0.008087972569155864,0.0021529302217807205,0.002224401490091221,0.022459141754883224,-0.015480243219377859,0.019841124269466777,-0.02693037651174186,0.007211243320218289,-0.011460363603199106,0.05774029837474936,0.03051496058621154,-0.017183989735171663,-0.017597632631267908,0.03689347375873733,0.007262523094905548,1
-0.15553840617500936,-0.12669455011704198,-0.15967555869953293,0.06895370158789745,-0.02672486469520232,-0.025879359702683024,-0.013348612914674615,-0.017175917268261665,0.056474552265908515,0.026408565614337316,0.0028805497067342523,-0.014832641799800027,0.0341550962995541,-0.03600722409570064,-0.028755074365098315,0.03252872171295684,0.05515914178482922,-0.09974734419615709,0.1118973646905908,-0.018867720377183473,0.19360903424092463,-0.0444018260838829,-0.09657382531958855,0.06923585978710567,0.06654258852790475,-0.017637429672400295,-0.015426732130500973,-0.14635463409811042,-0.05668997882540827,0.0360324616591213,0.08155409063836601,0.20537602056279858,-0.24245470212837192,-0.006675859365042589,0.1499123262252791,-0.06616954247740126,0.061519653485484174,-0.04014035718452562,-0.14965486408790876,0.016822930396705082,-0.016456716580209946,-0.0647687845310821,0.19489286564973254,0.004047856031379275,0.2676457659457073,-0.16914946729852878,-0.03732576860918235,-0.08555901475412742,0.12491206679384631,0.13870320275676712,5.961073971570155e-05,0.0543533720472504,0.00492419777895199,-0.0578262769976472,0.05174309216473388,-0.09740324039947844,-0.03791794723510718,-0.1960943674317229,0.022883572674421163,-0.0037354822018506604,-0.13425121023838132,0.187524974193837,-0.04388339632847108,0.04038413933022165,0.07037061726505374,-0.037078445993487696,0.019914560706994835,-0.004873133811948886,-0.03388668630517653,0.003719108151798882,-0.07178056089559366,0.09017036089323248,0.014713392845146066,0.02909297849277384,-0.003340464406353574,0.08884400972330816,0.07968464254803378,0.0015805880572020252,0.1227939277688666,-0.03923496332229051,0.03219640524043303,0.029940826102478696,-0.007186166600067988,-0.0076754920265290445,-0.04658808256396821,0.03799349929700009,0.010048191883546534,0.005130416763253303,0.02999042343871172,-0.03769998138901069,-0.03983468871329511,-0.05893410906033993,-0.046174099868230886,-0.05228333863894598,0.08889384999347144,-0.03423442415267859,-0.006527369886985116,-0.024012907097109005,-0.07028850955705954,0.0545402205269302,1
0.06518310992858593,0.20758272180384824,-0.08941770244633024,0.014789418888424125,0.11395700642033763,-0.0443389156874356,0.052341964890189545,-0.039888607175924906,0.08442770627505791,-0.005132332748363378,0.027916510727555948,0.05178045483420377,-0.10930645413267441,-0.013238809307060216,-0.05684260431245724,-0.1189993175872316,-0.11125048178342069,-0.034419960730458485,0.07344573131618377,0.061202450679982576,0.13370085638057597,-0.037689010695545096,-0.10563637434845022,0.00864983156035056,-0.13813842107580157,-0.01319645951998007,-0.025384405487622747,0.030636720271810775,0.01150770125373693,0.10712828774656434,-0.17554140973299615,-0.05813309584730765,0.05605159852169825,-0.021781205411042916,0.0784294212377076,0.023037519069481417,-0.09947761581630257,-0.004217595828449218,0.014726033471083222,0.028684997240592692,-0.032292232381720486,0.0389995141295261,0.06463422967312758,-0.05748084968772064,0.06048669719771975,-0.029422910996654162,0.04894996644702587,-0.0011308273679707412,0.08099925060961312,0.16267790851778255,-0.031383173275008024,-0.050506401507851025,-0.1149162133786987,0.11573564731946254,-0.12757666184238298,0.025668477616515695,-0.018080837834667393,-0.09044961305847089,-0.034666402964098376,0.09870315644465961,0.16943176851207237,-0.09516848498654666,0.19260881558478526,0.09345453504294071,-0.07520805662372183,0.03643757876482764,0.05129293193613127,0.013216250225923942,-0.10201449975751728,-0.1051461904978961,-0.057327207726144955,0.14266900621299788,-0.022583451066081076,-0.06961199446489756,0.09868380019102603,0.0042214115415410616,-0.06021112357875099,-0.04900644727898834,0.07603204159459448,-0.1392018321151555,0.02476087755834212,-0.010732484858073222,0.0032203392097552574,0.07013101369046766,-0.03657310039581898,0.11192758407031536,0.07316778254474127,0.11178292933756877,-0.023201251285961084,-0.020510659066467183,0.06555871749477578,0.12311548163518334,0.0759443578413266,-0.015711937974599736,0.02251502145294178,0.09706072437146618,-0.13680929884905513,0.013811537854868864,0.03323497138500211,-0.029577097289039844,1
-0.04795486850759648,-0.031845323350054036,0.014966334766756476,-0.02099792113967646,-0.01829136067581379,0.02290613487584137,0.02253078567672164,0.036459415659360395,-0.042617997462926105,-0.04054662816983839,-0.01749890622870994,-0.02001222696479695,0.029365864375239283,0.017301314331870404,-0.11810992220905223,0.046957499654437754,0.2121459875995552,-0.09524924510167833,0.3550872741092905,-0.08372629078326331,-0.05467618667313059,0.08258498723314577,0.16949718137215236,-0.04736498499978153,-0.08730223099716455,-0.1111329707909147,-0.05057168880147941,0.08620897523919242,0.04202503490847917,0.06908769414875945,0.04153141809419393,-0.06514289341541735,0.09079497513356823,-0.04533070770840747,0.060702095591916756,0.05042750697747385,-0.0641530358422356,0.04866450840182887,-0.026079381528951003,0.014220989043371579,-0.03335125015231752,-0.057691023133662006,0.06635349686113319,0.032085257889007145,0.06929504504782291,-0.008570250955058442,-0.06808562931781066,0.028142858105005785,0.05233521833884351,0.0001018150548196702,0.05329808461385182,0.058562248893285714,0.024551826234248807,-0.027851782585502877,-0.004878155509982498,-0.0036037595225681305,0.007087683025310568,0.04335973793760441,-0.017911425451926664,0.05537460544153683,-0.030950403458628175,0.08986472620171843,-0.13461277743476457,0.09787287847587468,0.07471721960551338,0.08616646420753638,0.03196591495684588,0.08367521112054911,0.07785202872354634,0.14220610610033274,0.0810441817530658,0.2201502816130401,-0.07334414423532727,0.07941641661802999,0.18771429541049248,-0.08020209506681387,0.015685523913162674,0.31601531316926185,-0.15379621335594945,-0.031118350189886755,0.2022473066836984,-0.008119223089693673,0.18096849101924076,-0.14005013678386735,-0.013100925970462871,0.015434878282175898,0.06586499712398886,0.08368538723836667,-0.027571480127478495,-0.03597994835956929,-0.0313064887056303,0.18661451941483786,0.12212377536121488,0.07614961122651802,-0.006704206592506637,0.063726929777836,0.06329380931999982,-0.006686522306788155,0.024702871382389215,-0.026138107406321286,1
-0.06983337824821019,-0.04339001104335491,0.04162327104407172,-0.01962714632043697,-0.009906457356700838,0.02227041981980866,0.0213912686312622,0.05584651953548758,-0.06454687523808565,-0.07339925733096021,-0.026518090441836357,-0.026556229823488837,0.007323467370765604,0.030886365538170403,-0.17211607929519096,0.03687655531010993,0.32002664329370745,-0.12141505138400237,0.5635474983395075,-0.09935184119176808,-0.14882045103895952,0.1907371251323376,0.2582472122878178,-0.09247274322150864,-0.14903227519430484,-0.11776650723139828,-0.07808574924837865,0.09698377035685365,0.062337122179241373,0.08626658778716567,-0.007650920880940614,-0.13815812878421685,0.18717624311869424,-0.03641916001078225,0.08753841151403151,0.04786309761968889,-0.06177632713875065,0.02455289159394961,-0.010359730550414838,0.04737548202944014,0.027165473855597384,-0.05028677200097907,0.005932693415006011,-0.009290143257498547,0.0033690156885477964,-0.040169458427141036,-0.041134518112790494,-0.036263963886393184,0.029517351961541514,-0.010465586979874477,0.002486086233080206,-0.04097999533792922,0.02178765819432923,-0.030333153886947593,0.0047006935357618955,-0.012823751382959367,0.024651736831967207,0.004004195584523504,0.0003896347759454724,0.032089620478436005,-0.011479284279645247,0.031083620209230608,-0.019903762669862667,-0.009947701495287141,0.009803896285943099,-0.025656132335560845,0.006665787440876847,-0.00023451522077191128,-0.014383616300871895,-0.007559619014100797,-0.013491554325127263,-0.05088150292697854,-0.020212171664934185,0.003985745434388631,0.009026873050796497,-0.016614962957305027,-0.014343458671786272,-0.05051807476201332,0.02190643483461991,0.013002806084751148,-0.03180868215457209,0.01929984684564819,-0.03702823885646397,0.009566339591373966,0.018472252614945,-0.01664092018189252,0.0035552215848716037,-0.02948947819709903,-0.013141072853824227,-0.018653843419739212,-0.022180602949904614,-0.05143995877682262,-0.015448525484222953,-0.012665574857974846,0.02191197927964358,-0.036043253288538225,0.008396788804709636,-0.014773632745669887,-0.022682745540689633,0.015554548222643013,1
-0.2524981744726905,-0.24399735253790147,-0.14918289062278559,0.11510715226856014,-0.0019651470511497875,0.03089304477849726,-0.019704769116412103,-0.017865663890976904,0.11442884998234529,0.07094940850113576,0.058246503184432925,0.030160940774747208,0.030864739348294267,0.028183982939699426,-0.0312956722376838,0.010832929081700101,0.032686535893835966,0.039007928598380454,0.025794246150540254,0.012583838021966994,-0.04857532874441262,-0.034967043982625554,0.046290083973980885,-0.025496748756388715,0.0033879739903525763,0.06349526490765482,0.07545348282881797,0.029124512489024004,0.009269780828939709,0.017817568316268146,0.06019448750656599,0.03182811401961086,-0.0980094399543893,0.11408503502166266,0.33012997487091195,0.07606167090121456,0.2393022303132384,-0.14828471882450941,-0.01111460697279909,-0.008392236287985059,0.032747392516960475,0.10676811436689898,0.11315047965636915,-0.07286313652345386,0.10556981459185538,-0.06356470012037722,-0.19339774570823143,0.034935607119459415,-0.029737574015380543,0.02727700795471945,0.12341026220637696,-0.0071319034571375815,-0.03988672719560759,-0.04643946137379148,-0.0035342145914914087,-0.05198301421154372,0.0004956585403535198,-0.11327568453716842,-0.02119480111513929,-0.06089676422227816,-0.06575961768458698,-0.038190882023080575,0.02331966610460241,0.04769099898971379,-0.038924352699861296,0.06326659912655686,-0.056178598887526215,0.002607490590170415,0.045604527816457664,-0.057129384689329925,0.1879838781638623,-0.10329766199924396,0.02090402914436304,-0.10905147985433644,-0.041203470848984625,-0.14404084647406376,0.00018934469803981042,-0.048208344742578936,-0.05781540619294308,-0.014173375398361427,0.09351703782761506,-0.02593266918589889,-0.0715844746287939,0.07408246117843206,-0.10937854838786287,0.04909941520716452,-0.06339623313857824,-0.049163013861289684,-0.011858915486390204,0.032868383895667444,-0.030136343603755725,-0.0023209912538069036,0.08264668493457396,0.0007054870239275256,-0.044958280775008436,-0.01983268982775622,-0.02770287242249194,-0.10826104423757724,-0.032244885171111945,-0.005392621167324893,1
-0.15725006484658122,0.04891875228284777,0.20309318192855383,0.006886580091706024,-0.06463475420788173,0.3279009293777003,0.12525692242425307,-0.05930524863116097,0.047811272385862344,0.0410899670952586,0.0018884532127636273,-0.02484854986882632,0.050311110776686346,-0.01207215255577829,0.10258330113897693,0.05456760815532114,-0.026124159476981643,0.13503585540005675,0.07353231105235794,0.043680253762538965,0.10202389099504054,-0.0053541648640615565,-0.0004960958554300632,-0.14659130144062443,-0.027020373378411296,0.0697054978053553,-0.03232759476776578,-0.07051203094305625,-0.08421996239856167,0.04242369758161689,0.08592078419152706,-0.04152632364509701,0.06619806979592487,-0.011148318087912886,0.032011509400034215,0.021339765751004394,-0.027358011795309622,-0.16464628992198546,-0.1969500716677414,-0.17687689758883748,0.037171970220872846,-0.06888207730571184,-0.027797552789040992,-0.033167281046198656,0.015011511896749298,0.006539018665605137,0.043429512589703866,-0.12955411192967498,-0.05147379996112202,-0.09963084389379827,-0.08804505139942422,-0.005363261661931099,-0.0976180560783501,0.04988093789018038,0.008950470352529693,0.018058029739983123,0.037328776664349084,-0.11115703059156065,0.04259635622000104,-0.17740418419877657,-0.04015694921920512,-0.19813597550431897,0.05865384771446323,-0.010302112905415675,0.09710821984043388,-0.10379192804757427,0.07127971671358176,0.07385307249644381,-0.019493416198655075,-0.0287332924675742,0.07829109469615428,0.05879350091819122,0.0763742200601763,-0.03826613436487734,-0.06698896354288351,0.06529982971845845,-0.007802359556146646,0.020126106505017734,-0.03505991255887003,0.025800698249089562,0.09528483939586023,-0.025493142540550656,0.10009600832102714,-0.0634123247062649,0.03414150428506937,-0.01221497449627217,0.03155705077434623,0.023588512660169158,-0.07420927394813714,-0.0019509379951134316,0.05269638096122382,0.03207470916332322,-0.02779425731986573,0.030930800044579244,-0.08708526620891145,-0.093687261504113,-0.05483407478878005,0.00484122792414079,-0.07609143763306471,0.05541969856924891,1
-0.1674941227263584,0.05945255138076071,-0.04340015646067973,0.054273654142806,0.07470910952063826,0.003822315329866028,0.0005710765799752784,-0.011555462113233808,-0.07613386306448393,-0.01184848693614868,-0.011628212574439523,-0.05127724714283934,0.033516392958678566,0.0058790221467759285,0.14300692735578938,0.016664445524405276,-0.046749387950305435,0.02648359384619477,0.036525135316826,0.06367523545636464,-0.035535224340009504,0.08208396354180203,-0.05217503698045211,0.18660031608588412,0.06217888886985586,-0.0682690228138692,0.015370012018697464,-0.10298288975468493,0.0674665105120615,-0.11838721633389648,-0.22532743891683615,-0.03923825090491187,0.12529565301222578,0.0849338850152964,-0.07536056566944756,-0.019385242285847107,-0.040342890195137406,-0.047177373990527675,0.05485245189641027,-0.024699298169185,0.11261482276398731,0.04647821375523762,0.0668867015284744,0.1170447144105166,0.0010499941143946507,-0.11136516294293124,0.08660246001993611,-0.12885379859815732,-0.05811280913287662,-0.011449333547515747,0.017482435519504468,-0.08401623556030872,0.20306858323114665,-0.028317150272121335,-0.01258383986502313,-0.12983787806103383,0.005769792264787272,-0.12289853697402839,-0.022791754473599136,0.07525576454757077,-0.109368648227458,0.050229587757569305,-0.03870507300493927,0.0004807811105132177,-0.022835343235088127,0.07700762589392389,-0.05625712144229732,0.056041471745473546,-0.10029158506997461,0.037454827866532085,0.08415673203684355,-0.052754860598343924,0.1355859694499415,0.04526615941019668,-0.1532360198611009,-0.24840981604612156,-0.07265833461567194,0.13404696087570278,0.08223756971015032,0.09276110386573336,-0.06858578844366796,0.007373193215065999,-0.006086852663142682,0.03377656473752647,0.10552395780544184,0.007687314855178934,0.1522240476421356,0.050639460712954755,-0.02618910889075825,-0.004900995650970624,0.023837138697343625,0.07627965296789217,0.05480458896937678,-0.007513722639522592,0.10623506665467104,0.03227147700027349,0.02169271299959037,0.0121631952762115,0.1303387852019024,-0.03601816866368418,1
-0.3324927446512764,-0.3248739886819464,-0.3203198479922295,0.20614326509990383,0.025249183004976104,-0.01677970097264099,-0.0396907063267131,-0.027991538409645373,0.10871875115353624,0.08126270288797056,0.056802752438932846,0.026098469934780575,0.005212584442353221,0.024119235631014223,0.017941501123618996,-0.027206186641270367,-0.04404040698399485,0.07321562427972779,-0.08875958706657953,0.02497546546973791,-0.07971627346441935,-0.01242075034462414,0.04817750156316153,-0.04712421290992655,-0.0322731994313317,0.017295856412085833,-0.010901080215356825,0.050277172102278354,0.002060816757801512,-0.007259322302155361,-0.017755933781828343,-0.06735732510925646,0.09578189252115038,-0.021200308539239494,-0.06754596546982262,0.014271430325057543,0.017697283045951615,-0.006167809991285895,0.04224175442745017,0.05947425415999099,-0.10209817773023429,-0.0092414293392946,-0.048961654631688424,-0.0627521938705647,-0.0023198769078316677,0.04763949601082645,0.07067932077878031,-0.04154151951526225,0.07454232348569834,0.030870788365694173,-0.045135138152450745,-0.053380901805785516,-0.10001475649076433,-0.03491361534306782,-0.025493218543901335,0.11894851489535546,0.03684684362135689,0.04309761857985393,0.030236986901099293,0.012088228969717929,0.029137605442406525,0.01622403874556569,0.041491831886884094,0.03977114067593507,0.06723755968185667,-0.028868891566848305,0.02090614202744496,-0.021974278913903193,-0.0015055640822216369,0.010470315977525466,0.05512193153952276,-0.012631737737686775,-0.10534550485908374,-0.08287556150588477,-0.046745569995431925,-0.010194982816372036,0.03789138884120943,0.04182246053882203,0.10377785005600199,0.14690888159770882,0.021401897225707865,-0.01547107120785447,0.037016693189945125,0.010050390683877539,-0.043185297089637094,0.020337125108383515,0.010719514424612964,-0.019679100398272174,-0.0005808783429829734,-0.04639073156928454,-0.04938664985472257,-0.04528865225634223,0.0294038640871643,0.035372483471095055,0.0036116512797353716,0.045229029417732394,-0.010469193721227692,0.009985966211000197,0.06233709955772228,-0.018215975827864522,1
0.0006749336850695228,0.0961721063032291,-0.04109185625054409,-0.05584633487109899,0.19530108027210805,0.00248556831239775,0.07819402945305337,0.07052433903772377,0.0006813708361909004,-0.022738765611010427,0.03517542398035898,0.0526340687720565,0.01291322415482287,0.01682610549353538,0.07891284398094707,0.07067874821108745,0.05536286120035925,0.022047602952403145,-0.06091448450456533,0.00662695421962714,-0.04833023941136169,0.049958815001853306,0.08589126016468578,0.00978165831860228,0.10963744639894964,0.09041782284426217,0.013580827302048461,0.011057865994681244,-0.0027630237740972736,-0.017236562956051072,0.05589688873829688,-0.03355454147292462,0.08193210745873238,-0.10622630294665701,0.028075006481192134,0.06781640773843095,0.1631036032590675,-0.021217768097882832,0.01946599427275066,-0.015797936131414333,0.04991822309137264,-0.12141381053722121,0.018304026857330746,0.09007208691136025,0.11913392300152366,0.026030345178760652,0.026135319714518573,-0.08528416345716058,-0.157139129965657,-0.02513558065639419,0.04663282390092356,0.04065930767194406,0.028771719786796036,0.20734286393817966,-0.12919925590760045,0.10259255092821368,-0.07492407597622762,0.08796514014697078,-0.020738664553801935,0.09505404580837624,0.056526095175502,0.26138389850621196,0.015027335441070074,0.21907186229443312,0.015382991375945966,-0.23047464604602266,-0.146140477361557,0.04495032603233185,0.045620279441778315,-0.06932245770176051,0.0008835731090164092,0.06301040496370147,0.16875663118351727,-0.22848457376219644,-0.01652777010825323,0.08650520011937714,-0.14455774636799418,0.02786559747316442,0.09248682380871179,0.07126174066682568,-0.0023275951184580598,0.10593681825264271,0.07903486002667261,0.004590084911642918,-0.09123237776854697,0.03942273880804369,-0.09426343678764997,-0.048946449038719135,-0.06285907646876655,0.18725383658637637,-0.04118378890102646,0.0351040632253452,-0.06507193344144474,0.08565662203334601,-0.023812511784627285,0.04072863330959947,0.06020863318188414,0.1313768003161645,-0.04861868025096067,-0.04014933273745578,1
-0.31712409531897756,0.06461185288861886,0.4900241001603869,0.09680693189190089,0.022798817400440593,-0.21825816822685695,-0.06530936331751006,-0.0037013029507676487,0.05723160654161519,0.02378940963000469,0.025669561015320374,0.019921689634213934,-0.006685778842235568,-0.0009676466098676281,-0.011843763713685451,-0.017906774983835274,-0.01711921949509633,0.019473395016845124,-0.03750002240395509,-0.0028405912294517596,0.009958985777734712,-0.03686635529354752,-0.025713271818462512,-0.023749595952871523,2.561729446713661e-05,0.008225917097843144,-0.024671966463688768,-0.026036716583456507,-0.015213258994419887,0.04651591548974753,0.01080086818356023,-0.00980722297756295,-0.022242472699061572,0.03749287054898369,-0.02551645787804382,-0.0004145523468652747,0.009712123722549388,0.005878650534293736,-0.0073306599429015335,0.01447942230547767,0.00885392657713369,-0.055953276999115245,0.030122569180348863,-0.012716420466889424,0.027417803365641497,-0.030471157618098633,0.022623123907029065,-0.012686601488084088,0.02812714441039471,-0.06269095465095563,-0.009042896123551318,-0.041180832082611515,-0.02114762376688016,0.036769498370482635,0.004002116838404815,0.0027213646870999633,0.027119756116837066,-0.007520641155023681,0.019509089152368844,-0.037276441908290534,0.03747575805515051,-0.1104681216276305,-0.027621759110974392,0.04862421734994283,-0.017388745737751336,-0.12206616711350389,-0.020968544277385648,0.020955319092321727,0.057842224761402036,0.05195899650152987,-0.12071450082518834,-0.10120358129527258,-0.07668584536421964,0.011487401844120563,0.09475148028806868,-0.11341293280209182,-0.06180777654296196,0.08178278766799991,0.034897998958058334,0.015565874199101541,-0.004129526827236206,0.03181926099943221,0.02893329949206599,0.13051326750289372,0.06582611196784786,0.0792250574934799,-0.0019088206717058445,-0.054572788320014255,-0.08411424130437814,0.03522215621193303,-0.11783022177752109,-0.0637062003797371,0.07176662378889259,-0.05017419831355515,0.08386593917025915,-0.00045375953124886833,-0.012173535531163992,0.0046821951321010385,0.1001820135067995,0.0005689027892989539,1
-0.19388505577267676,-0.11301029218365366,-0.04979349763062733,0.03090728206083343,0.023874890013323245,0.018511126877948644,0.0020184576953240978,0.0853635399975503,-0.31734595265216275,-0.18464246899477768,-0.15360465483523714,-0.05029574213344967,-0.11893730562964239,-0.06546259682782263,0.04525605812633502,-0.001980194780392779,-0.053652358151045104,0.022727906160811537,-0.08241641173344567,0.018709455669306634,-0.021350077302737743,-0.037980139327139444,-0.007641654986487038,-0.05124163423293689,-0.08285801449983606,0.046937814835072464,0.06750211120980854,0.027855130395318714,-0.04228929708685879,0.06318702486726006,0.06405632960998242,-0.06836473171988275,-0.0044242665029792586,-0.04840340215386021,0.006984370930937262,-0.006232469940915517,-0.006324949187004183,0.008622572564543433,-0.003574839759400758,0.08175146134737812,-0.05101526836210642,-0.10059663448817033,-0.0022986173276071547,-0.01789164505224591,0.03330461539072302,-0.02694972451162592,0.04029890149225617,-0.06731210600093816,0.0026147077669762325,-0.05620844424172072,-0.009020240969047971,-0.04182525135034062,-0.011125439732278471,-0.05213484615505701,-0.08581692492905432,0.040779517052254154,0.1363782945181924,0.07578293985405128,0.09149259393854761,0.1219563784602639,-0.07785952865898005,-0.03306469420020259,0.04518942166405921,-0.08857303093766201,0.025984782219395368,-0.08976238999206156,-0.024989800876786764,-0.02407424559758464,-0.0036589725136093147,-0.11655767054896608,0.16357102723018402,0.02857850427839489,-0.12955891245579734,0.04467292659523881,0.04870295500411589,-0.01470739952896902,-0.12756690580410718,0.180564666540048,-0.07665817734058442,0.07613817149782127,0.02903513198365045,0.005682189915663849,0.04771110261426818,-0.046032388430489735,0.055183908967638105,0.10183186822228105,-0.1857034345059783,0.055751712276605754,-0.049065550369607504,0.025713815067427304,0.11095461958454489,-0.10789524898453642,-0.01932331667437754,0.05632832538161388,0.24772813600847474,0.114354358828039,0.1036030553503119,-0.06057272274837576,-0.04007679576135684,0.1366275914800569,1
0.043906834519954085,-0.011837436602645787,-0.018136119339001302,-0.17221296666995087,-0.22180531051245006,0.07966839775679559,-0.32349657560549766,0.16286407523954657,0.26519214221756693,-0.29312029312502674,-0.2603674845877989,0.3420230298654321,-0.06695945563917395,0.2908452166219266,0.07047899492574512,0.2627490711337552,-0.02613301159818139,0.1638544514460633,-0.030615471632706222,-0.05177446260200989,-0.1705362323157726,-0.11037746069359729,0.06318327499031229,0.022693819896313364,-0.059157601569564996,-0.16755073358935027,0.04620463873395816,-0.14504713087773627,0.017221417589913,0.032822857684697296,-0.0797329834335387,0.0717164317656067,-0.05027679158947852,0.006798100429524807,0.06430890041523654,0.03138037831522968,-0.08183083055792809,-0.029465105298756497,-0.04940021557509429,-0.016440414040139927,-0.058400375398014875,-0.021895406601195072,-0.07630042165359537,0.1632929396110312,0.13509236887504655,0.03408159079217891,0.045407824696560635,-0.017466935529471716,-0.02967827411980434,-0.0030390347216440214,-0.002535260585233093,0.04351773201613956,0.010262967296840021,-0.0355027554838027,0.019636858052391282,0.03164346136215333,0.03532041019628884,0.022840501639780447,-0.0005779624404392833,-0.021433142565597512,0.028810849240980548,-0.013923546274320872,0.028915170849478776,-0.008581003803315994,-0.028073084538152934,0.05165005390468705,0.025219662904718252,0.042112849884527355,-0.012777720589701032,-0.04888088259571944,-0.022967435632830862,-0.02090281951042734,-0.028216568007886127,-0.032284412585320735,-0.04891876779270501,-0.006071084898563283,-0.0019535826949387733,-0.0071975714100755575,-0.015746671057829734,-0.03923073432134969,-0.03437674953856293,0.00795319049389411,0.022763622828638346,0.028880571063337985,-0.051652158815370205,-0.004513035429599163,-0.0015846587707198916,-0.014038207421383002,0.022494064060620805,-0.006587081859758219,-0.0017102040612584249,0.007252374944774416,0.032571572893813,-0.004270472393294327,0.06708837168461836,-0.010400782923236731,0.021773301253624557,0.01686572906128278,-0.0031409519065664403,-0.016173931345130007,2
-0.013462945025729757,-0.05047089016007023,0.05713390399792158,-0.12161249918982635,-0.03610236817174255,0.0780449391302167,-0.18531961330604116,0.07653501690236078,-0.0361032139235014,-0.03827662970068352,0.20911554909436753,-0.04018145108169012,-0.01326411847352686,-0.03566304161368465,0.05866774377486505,-0.172324311323839,0.5815640043116016,0.1129165893577462,-0.10999855724563919,0.10134361468123601,0.09397463442381855,-0.33133807414308775,-0.18200830103116497,-0.006596392024854849,0.11595244271789773,-0.2118210299909657,0.049835440387167335,0.01915651319589988,0.09438290923357383,0.15615108829089094,-0.09866265912835502,0.07048345598563432,0.08121099333862947,-0.1171381702283331,-0.00682076080331455,-0.08152715089602823,0.03891706489379239,-0.014928560011329119,0.1066315855216631,-0.04772810846711102,0.06943344074471489,-0.03646210271103342,-0.03532170257450533,-0.11129651917997808,0.047069254975248886,-0.012712872552744602,-0.013603585759216379,0.04777840854821634,-0.015134075508045214,-0.07051782085819411,-0.034425674009613653,-0.024775310851184243,0.015915268722813007,0.009027080947289805,-0.032904250681418695,-0.011311445195073641,-0.01689450093362592,0.006957068368813505,-0.00977733396059325,0.001424482455371461,0.008021822775589939,-0.03289832805048684,0.03556547129036483,-0.043726680585939315,0.003366470289757351,-0.002509818664682768,-0.0024100354076587623,-0.01831835088486602,-0.012735636131999925,0.04008478680918038,-0.0002448933860586985,-0.015636815888854374,-0.009303996014173864,-0.04113182202816048,-0.0025684973949266945,-0.004737452515741747,-0.029429042658725233,0.020059039097882595,0.018518428324400687,-0.006572816407959219,0.00678505596118861,0.008212392160521977,0.00012719876548076569,-0.010199269632385839,0.007599366110593753,-0.023639649961751705,0.008834473888111538,0.034837424074903214,-0.013867597923239392,-0.0068600446949428325,-0.012369209890358047,-0.0017736909197950642,0.012213581207104118,0.0017698624174168447,0.01753294648738414,-0.01518629724519851,0.0016318741931691807,-0.012863845251784677,0.0010892775033913666,-0.017565865242175797,2
0.11065125023905574,-0.03844595907759903,0.01576182862812009,-0.11206351885679637,0.08227239677946514,0.010212053467805491,-0.07040982263964247,-0.07091983858344705,0.15384800745186095,-0.03811995368273452,-0.16954872804775128,-0.173302107538741,0.11166062945463394,-0.35894953629524984,-0.0783234388932946,-0.2207020161326549,-0.10561796177310594,0.23997017544033608,0.003967359666824587,-0.14028387235070708,-0.07666221278749355,-0.052970734211736724,0.2390912788861802,0.1830890423671764,0.15004261006160083,-0.1179549676496224,-0.005918898674918968,0.0345097842431106,-0.162544487216467,0.22268451760621316,0.024924898820858497,0.1415801600178535,0.04039096560856094,0.09131889565965821,0.02938541011858626,0.03343106948161568,-0.07207274918005123,0.03350814663702136,0.0026218374223193446,-0.03329686434090557,-0.0060950220634331965,0.040284548742242667,0.07142333859467648,0.03888310155791011,-0.06005567216687238,0.019884965279063724,0.05609755525330607,-0.022540170612553347,-0.04883510662419718,-0.032600557292327303,0.10109195623112419,-0.01460193635585991,-0.033729344748901345,-0.03404335373695691,0.025321189704261317,-0.010826391795099486,0.004987656554169485,0.027626627990011532,-0.029486283606079525,-0.00247654255354111,-0.026554280307395987,0.03649982373540756,0.031212483416663224,0.01651374828736306,0.014848908430710872,0.03483747901518545,0.05482059352127466,-0.05399123031950111,0.0042603474471221816,-0.0218476224283313,0.01885054395911848,-0.005163768700990402,0.009340123800323109,0.009430090608046348,-0.0030157505154793187,0.03913124433260298,-0.036289027182009284,-0.017481901246804,0.027480743133697826,0.002534983209888092,-0.04532872820354146,-0.031571951055979854,0.031231076326711044,-0.07342965577657168,0.05435688736073756,0.038348965202163604,-0.011699321915775107,-0.003116444979594236,-0.013127837250122476,0.02276194270766821,-0.082257842208555,0.05233771873452893,-0.013957078854910656,-0.0484737167470813,0.004195088826024263,0.02003771028886551,-0.07540249121988767,0.010735790967778373,-0.017234226392574853,0.028666612759276126,2
0.041266224633681764,-0.09636204205653044,0.03221678183012347,-0.256584890044984,-0.10981538309073638,0.14002976699138178,-0.36786927021751764,0.09044404011094494,-0.09514935054504073,-0.05171646659655991,0.4729565567899592,-0.0267233638344054,-0.13222282359433513,-0.003598489833587108,0.07086645824090955,-0.1364194585310168,0.14134829822922884,-0.003304758141743172,-0.09180627506284884,0.006113537295581498,0.04032627510630969,0.10892647141029686,0.013830068015836777,0.07903791747010258,0.028108814381325047,0.08815739239836344,-0.07008984280674752,0.01760156481781772,-0.15910725042590287,-0.09756644834096731,0.01875991334296895,-0.0587022612231398,0.03407179407784148,0.16302352239549692,0.07402897891737004,0.0014949916691322528,-0.10399942568298014,0.014280122509669308,-0.09433036801262798,0.020543669290141387,-0.09550135313207961,0.09305035375675855,0.0516353474494166,0.13276287859564054,-0.04908668433380192,-0.023367264143858247,0.011740789170588182,-0.11978094971074021,0.05539033631935192,0.040934112597016174,0.06229521073186287,-0.023098404420833062,-0.03472978293485208,0.078874947800724,0.11684297021087478,0.05203577372648319,0.008833599667050933,0.09321252060337602,0.05985893634785954,0.007067382455184481,-0.00467039002667448,0.009522116832194468,-0.023707446705168084,0.036819653946895105,0.027314162826561513,0.08337439043270913,-0.049923062462464786,0.06718169636859517,0.034581092476880376,-0.059072911555893795,-0.04487092616307224,-0.016218978446220517,-0.0344911941408362,0.021187296913182895,0.045767271877122734,-0.025943927212025136,0.019032965799370187,-0.026069779823718,-0.03116035300133964,0.010995347546902803,-0.010420116761738834,0.035573327643018945,-0.020028176200906068,0.004970647144369801,-0.021503848908041426,0.02323154263123933,-0.02536482788891589,-0.00017224628177956727,0.036145068427986815,0.05369701076336727,0.03380798410054505,-0.013410034359810778,-0.011129428971666057,-0.026190618277838147,-0.050796856792757215,0.028092746099258013,0.01048281286234137,-0.008230486070849013,0.02602094499446583,0.00480141003616239,2
0.1251797511922993,-0.02598843303619203,0.008200811090435557,-0.09865771928297754,0.03876627491502213,-0.051335001957524,-0.032681388793345124,-0.44241248744563233,-0.23954308646664502,0.2823002290085462,-0.1430279831597133,0.4278716827080736,-0.11736233037222475,-0.11502720649398564,0.05367905254151858,0.0277634470498612,0.1112376347141559,0.06457218331617169,0.0059531709749529775,-0.05630749261399012,-0.0013010403084732461,-0.02711234484397584,-0.00662930712957974,-0.004266091320413195,0.033644906781626044,-0.008034429050213949,0.003642871753292004,0.01312829601417861,-0.045720907715986435,-0.0430436937539915,-0.025525263038814715,-0.0469137287481751,0.00993569388473926,0.032965916665985834,0.03689085429746441,0.02841075601181978,-0.026559582981606485,0.02109869882355864,-0.005149568620473352,0.01533487563286286,0.01661398846666116,0.034146105229534665,-0.015970264523250063,0.02124163416403691,0.016968149116893243,-0.02787163360304637,-0.021157074276386925,0.007343048591217789,-0.00796314108485135,0.052634968833603295,-0.01702611516312843,0.05374924904278044,-0.012653664258827349,-0.004573511207191043,0.004455618300394307,-0.026337479371010518,0.046546272478032176,-0.0037556869969567357,-0.025177744581891447,0.007163253680181927,0.02577019257091732,0.013817843124615274,-0.019877932582476644,-0.036917573333375316,0.003287419989670065,-0.032898087250456294,0.024801416684487262,-0.017696313526682984,0.020089095053290474,0.018875633164324102,0.030238702115894727,0.009149948144759557,-0.000619282037617458,0.020552980445997255,-0.004000103253462765,-0.016665788427155576,-0.029272671376726643,0.012903534249375239,0.029566456029505646,0.03561606639777427,-0.02454446733422475,-0.019013523330288596,-0.02364187504087339,-0.02223016427052145,-0.01326084608994801,-0.0119264124508908,0.009332687481483361,-0.01619381891487116,0.004341390278932897,0.01905611165807385,-0.0005282908631578572,-0.0033351416528176465,-0.005700289322111707,0.020202803496488585,-0.018026272192846464,0.023090317625909688,0.024453394861506807,0.021194035530256148,-0.0057886084881429685,0.010420374452036986,2
0.09661730469284244,-0.09198912439502416,0.02906522966103125,-0.2628951958465182,-0.10511117812149384,0.04991433293142405,-0.28748205239738633,-0.017050659942600695,-0.1104685628105316,0.03428322085622148,0.44006946083467136,-0.024573325152463573,-0.14263823752645036,-0.05935270193807415,0.02609280203265135,0.04647678666819211,-0.17032825820424277,-0.0343199339237013,-0.003892953346493331,-0.040239521813250044,-0.05614623848710236,0.1242067438130005,0.09403090570796954,-0.012020443730252,-0.014216543851302556,-0.0006168896198079737,-0.014358797090469822,-0.0681050942021478,-0.0033770162520096233,-0.03811291942253447,0.009720834743102584,-0.029944069974164177,-0.08954497123140644,-0.03455499363221476,-0.04552737451252013,0.12331728539835182,-0.022135463169929225,0.00999003849518539,0.039976545069355635,0.04843116418690475,0.12166827770741022,-0.04645602024959699,0.06235184615058172,-0.06359998810230355,-0.04430382327468107,0.022370696083775832,0.06019694078787532,0.0532435530112761,-0.12581546879531041,0.09674905118423151,-0.0005419473412993394,0.04788869984106579,-0.06870056999221041,-0.062255346085743936,-0.04059630572406969,-0.11596780000370918,0.03966364214497348,-0.10446358486121682,-0.010137220997435727,0.02337538051757659,0.01374645026531298,-0.03491674468154583,0.014091846090013968,-0.021865811133843623,0.003037867228255601,-0.08629372759105389,0.07420663313966486,-0.008160863731029625,-0.05462712581319454,0.025162503435860652,0.09126366102927783,-0.02702590315350171,0.0003839288024628577,-0.07337357233264742,-0.030869356727500623,0.0960478629299894,-0.0032349425193640142,0.00027762503914347274,0.019557664039631786,-0.05965791409313915,-0.032095500163885585,-0.08610649755200842,0.040552984649457946,0.012216717412928856,0.021720586271728487,-0.019336847539047367,0.01921802840321139,0.010470808872173868,-0.016479482049402625,-0.10349123288241487,0.0045994907583346,-0.009673033968510797,0.05212444544572827,0.08522807600598051,0.1168027823021502,-0.038542261544887824,0.036853906026714706,0.04436770284148692,-0.060618487333696236,-0.011698160802257617,2
0.0669009059527504,-0.038536315094031146,0.008988571053382275,-0.13557103031218407,0.0284453219001815,-0.00679374568875672,-0.012644546419141988,-0.130619695092438,-0.05500011129056634,0.08302369831091509,0.056073937118600536,0.07176830703159008,-0.03613692511028308,-0.08591845635007225,-0.010861957434849663,0.006001023486467627,-0.08593392266145217,0.0012708046917095266,0.04954315450014656,-0.02372328824769901,-0.0601700269595412,-0.07937478436622422,-0.06823444077407217,-0.015012954155575646,-0.04232154357422069,-0.005700690608575741,0.06798889002029362,-0.09659382923855972,0.15275236867405365,0.06628616090460519,-0.044542283046796596,0.0971981656220882,0.10188230015825978,-0.04446378577160439,-0.0056648305246218295,-0.09818624490467585,0.03215154195094885,-0.0022204205993914465,-0.18286876282771197,0.23297294826824413,0.15410047357868425,-0.001122807768422896,-0.11490411285443337,-0.13733604591699297,0.07484629454689938,0.06719953563449516,0.06839882415231054,-0.17647099408100622,0.13928320829619584,-0.022248120546172038,0.0638771310723959,0.20736152911361524,0.06610316983182676,-0.0662424619761172,0.0781654910130763,0.11704341774764451,-0.16825635247173318,0.08542277727074107,-0.14628799719259442,0.0021155921257731574,-0.13110296756191886,-0.07770719364254197,-0.042293037753371475,0.10497346261554003,0.04663861567573889,0.04338576118916648,-0.17709510424665603,-0.04992012889201893,-0.0386217725070236,-0.14237975115751003,-0.03844857562803529,-0.021982807071587014,0.07737084916522474,-0.031381689745640415,0.10855642660556188,-0.019229816550878315,-0.04792186620451859,-0.05249748330012753,-0.07696823960583227,0.037861686022423215,0.0010767403009635467,0.05896332022863181,0.058909311947133086,0.05960983926098387,0.12578860134867975,0.11893559325091026,0.03274268178665556,-0.11113608303981143,-0.01937618972860134,-0.0411433705646099,0.13009815308895895,0.025237270008536237,-0.0663833729389381,0.08678414662022396,-0.11982573870073966,-0.0325165809223207,0.0398117030229165,-0.16817306837316623,-0.021392864019985823,-0.0636971448677742,2
0.022924333031919476,-0.05303756093806158,0.00811150390656729,-0.1628633380659106,-0.04441191788613812,0.027420807744906198,-0.1608159247607841,0.016905816155339766,0.08213736088344316,-0.10708996516703696,-0.09205623731862374,0.06597985447349682,0.030660943045258585,0.0336911316742589,0.10499536127536964,0.06825539645474117,-0.010312672596292203,-0.048236666121571396,0.02262348422486102,0.007507695149698433,0.03130103890002168,0.0888107048317479,-0.11651929399768479,-0.04829197145982398,0.07673498126054655,0.06124330481348696,-0.06928736157774773,0.13164187014967912,-0.06416189477466938,0.058042243861033564,-0.08571520958795616,-0.06506860809398032,-0.030686163918437884,-0.03002245484011061,-0.00026368466504861045,-0.0391593359631287,0.10276321001477438,-0.07739034649225227,0.041697591136665435,0.13570628743395166,-0.008219907977699541,-0.002949315152010399,-0.03369312124717265,-0.09140864321292902,-0.14692018286518083,-0.12890986328481038,-0.12023178418377493,0.01414942362021713,0.03512548290411876,-0.041251816627524786,-0.03918248039100773,-0.010682971200666365,-0.003799374732335018,0.1117756672114052,-0.016262717771402556,0.08326563579377316,-0.006855325000959246,-0.02533321424437705,0.08809229278809463,-0.10043337379902967,-0.08926991357502063,0.09894901525182892,0.11205396104101015,-0.024682163485291078,-0.20002751110812425,0.16257747584017626,-0.04847003779563035,-0.0855595128500762,-0.057254045635484606,-0.0034127238140438288,-0.12390165202946055,0.12176750022386343,-0.053387467505429435,0.09606421732481579,0.002261265806046328,-0.04769022857808204,-0.038534311254651274,-0.20217535218297059,-0.07909046619122967,0.18440270520464988,0.022337305667060787,-0.16294815796134202,0.2054629143853673,0.051757943176832674,-0.006542578557853357,0.0744011932039715,-0.11187082959544994,-0.12445938009546274,-0.09336053331721694,-0.24449158550470632,-0.06874977336295755,0.05593640968462789,-0.15600582744174088,0.012584378108919152,0.01796556169533276,0.21505200823197182,0.040514523155025656,-0.054779804729687874,-0.055778198297934733,-0.02305280425130945,2
0.01152386445983112,-0.032741714390227376,0.005827914040359103,-0.1010825406344269,0.04314386195780443,0.018751681547332453,-0.009301271049054484,-0.02548447404654768,-0.0270364979982131,0.03083141261103085,-0.01893243440092044,-0.012576301374411753,0.07490282704137764,-0.02543350679655419,-0.042706779777931234,0.07519032985292466,0.010807613873661432,0.07735997455127716,-0.00548200512252491,-0.017531543649606875,-0.014409899190940899,0.0077643411714561515,-0.09722801433556774,-0.0448564700744304,0.02770439338393072,-0.152354459318497,0.016395971240705135,0.021866802086381445,0.19697006943529688,-0.06189328046712918,0.06476477648452944,-0.10008660895570298,-0.044687418827474935,0.0819083817856552,-0.1304789408182028,0.06711760100470657,0.05368667482901222,-0.038381811460667034,-0.11395149699513145,0.07518446403121841,-0.15711863381782296,0.1796807125985338,0.28769871624464277,0.003505839935408311,-0.021775321572283613,0.2590472471043819,-0.20234002801126755,-0.03845341371224014,0.07932732419716405,-0.06475749883521165,-0.2027252884237183,0.07273822734328803,0.16012426027963106,0.11221385724402809,-0.031236887428958582,-0.20859066322960257,0.12680772752932493,0.06914093063603283,-0.05439088564942443,-0.06114175745609161,-0.1061776966683572,0.007023927731339725,0.011050365780816964,-0.05460296015007382,-0.12341748122941602,-0.05554051054133965,-0.021747061395457967,0.07133055028761512,0.03025205259317804,-0.09257079218540167,-0.04303467727972265,-0.08856271349680522,-0.03757693941173131,-0.08135515253588885,-0.07417687465461238,0.09514991940468479,-0.11730547275061297,0.045502886045892026,0.07508360673517145,-0.11728261481858829,0.06186560567258913,0.017792055993056208,-0.043275646166625686,-0.06639577940744162,0.11330287152828858,0.0036059713415597483,-0.0786135439186819,-0.047737791000336295,0.07369164144698669,-0.031638035550311604,-0.012601028095203047,0.06326444622061501,0.05874164086106337,0.020504720324436333,-0.10404428108113006,0.18400093061887465,0.013568995866139095,0.10389014863503036,-0.004280190794082209,-0.13877042247611265,2
0.14576706778210458,-0.08217549387378315,0.029845668277184673,-0.007344255787420235,-0.21721736919036588,-0.12617659044060733,0.23971184331577883,0.04061875509136037,0.03663736356167301,-0.0785369210817621,0.13241754145513746,0.09630296065806207,-0.05344237430996747,-0.13383547577902474,0.09695477654146191,-0.010680091157867238,-0.06406903000662452,0.0070479989990861235,-0.00419923532036738,-0.025598904525583322,-0.07392545529712127,-0.03365198214676437,-0.07799916529382311,-0.015065548725701892,-0.040291748169154984,0.031699198505214604,0.04456285031433707,-0.02299716204233809,0.12286616689868747,0.008992948879774485,0.0066478633491695,0.010638905554655314,0.15530176062369377,-0.009365957643726337,0.06275898701690448,-0.17340997952695703,0.009971729528640255,0.01922246779735536,-0.18006646880078303,0.14714149504551668,0.05884388950488512,-0.04186419697482257,0.009323647699358065,-0.04372521903973445,-0.04693652466710486,-0.009277557697120263,0.05982970434944548,-0.04383030536517337,0.08990948085396432,-0.025265916934778983,0.0735033805615699,0.0926176776288067,-0.036687141639516745,-0.01747808036087576,0.030598292989865213,-0.06623504015437406,-0.14234004229288885,0.10072725317504302,-0.10563299590685224,-0.0004734262978922887,-0.07514903898882568,-0.02184549972093473,-0.1401771958863424,0.02867768024196247,0.06470557540172701,0.0636403150322578,-0.02815315823783477,0.02811685307268937,-0.05995207836609211,-0.043781331778519436,0.045667089041500575,-0.09103493324567527,0.01882078248731429,0.0831009890141826,-0.11975694187673758,0.0802758277333127,0.06256088251864127,-0.018457121270298877,0.021708741675794462,-0.02117312526821717,-0.02693440656931876,0.047349328476943,0.09793976170798066,-0.049246667255654075,0.0008611939671518817,-0.08759238017666238,-0.0666349689118979,0.10460182621431746,-0.10560094356371215,-0.07094376899399514,-0.07664016610807245,0.022348512645014303,0.05769877934308839,-0.026149394689266327,0.04915444674089897,0.04184461257747223,-0.02940450383313378,0.01652836310258455,-0.08471165888294674,-0.05150992743693026,2
0.13418099583264337,-0.028469646782354644,0.010145435089466632,-0.050679415841304976,-0.009524917706549018,-0.06415025797716109,-0.016133299722074442,-0.47185877959344996,-0.275517191080311,0.3258408496166116,-0.17441697091831637,0.5136497938809199,-0.16474740436144755,-0.16092265820895743,0.09100203017148199,0.04761820617338745,0.15358978423341946,0.04117947252310768,-0.004246360531418813,-0.035732299702001195,-0.003050020707628811,0.0012680356410130515,0.0257250456898007,0.0017267717595563824,0.056533372626421566,0.030730765956405368,-0.0006730214007016091,0.018737469672528838,-0.08162898583338743,-0.03230849703987634,0.004868207821713638,-0.011744552860512153,0.0131591309841507,0.06338780300097487,0.0407621248622138,0.04040316428840213,-0.0381062736974461,0.00412246216924037,0.026758798104064844,-0.0005165355091841315,-0.001014579709746809,0.008820077114342082,0.0008058447309630533,0.0009479254900072248,-0.008352963026589366,-0.016498140328628293,-0.00604214795294838,0.01261316963970597,-0.044379148406513025,0.006631950814592847,-0.014568687758018617,0.027445440077692434,0.01893395490400535,-0.00518979485028845,0.019886470728422104,0.015729053696478888,-0.001793316406805998,-0.034315273117436186,0.016738562962943213,0.0015612516595074094,0.011727373808969467,0.03928433769276582,0.013684166271784821,-0.01849822911985976,-0.019029685816464886,-0.0019392447723363168,0.04791310911131662,0.011390158003384679,0.044314876927120925,0.03144893404835946,0.00921708681415332,0.007212496931096171,-0.028511498081382654,0.0333409056009389,-0.019618899395677233,0.02105687446829902,0.0035167167244443236,-0.009926140145775336,0.0059042032383192465,0.007541006582949901,0.010090418335619323,0.011560253744471762,0.02508571428274128,0.010541323858710117,-0.017462463259571747,0.006392245240131279,0.017047548511645156,-0.01112328725663525,0.010052414720264182,0.005096625155217734,-0.015896524510291717,0.0015048381615334454,0.0038985997749129645,0.0013944939630958204,0.007040226297302074,-0.02124341365032934,-0.0228897059317766,0.013107372420838112,0.023701062137802733,0.0002612971663497168,2
0.07170477885722114,-0.06679979215740282,0.01829393823883224,-0.16894997235095405,0.02185282545430872,0.023592032630648185,-0.014834383479570907,0.5981263244095145,-0.07488930209713766,0.6412332217973565,-0.19455061974363982,-0.0582581513406835,-0.07092025050717325,0.05254961119876028,0.06707636967004434,-0.027688657769772983,-0.06413934224918258,-0.043649217474251885,0.0168430579484803,-0.005632726267059845,-0.025147993058453777,-0.027081904854381524,0.002621499288289368,-0.026859447980718265,0.015793500051621074,-0.01641406143228,0.024646303075180336,-0.03815235390937263,-0.039544412335886465,0.006587634957347823,-0.05933457412126494,0.02126418448704448,0.01775291629077219,0.014830972146901314,0.036626994632760014,0.028410481071687133,-0.050275309754436726,0.041238081863416896,-0.007289493703413113,0.0028521366794018277,0.003556502250010375,-0.0032626273650261006,0.0046957763490293875,-0.05009978019670969,0.006559477308485789,0.011386200638783227,-0.012878888415793066,-0.005790271789711959,0.037067768603333995,-0.01885914774162984,-0.017103859543692722,0.01138204781708483,0.009698571817408602,0.003445349151466546,0.025904699404360947,-0.010079300705989072,-0.020502217409334823,-0.001038067251460937,-0.022549401410283262,-0.02173833325214596,-0.0015751639200081529,-0.009964018797789359,0.044502580644575705,-0.027306138279419318,0.025532031371057695,0.021906432227543116,-0.0018336160179435353,-0.04112755487484787,-0.011338254164159876,0.02168749860736951,-0.006489722535313277,-0.01714693228844374,-0.0181705808062227,0.012977368633213589,-0.004372901610706003,-0.0011868220148835195,0.006338011605418311,0.01727037471046958,-0.008887581700788362,-0.0009627732487313015,0.0006490076680808373,0.006326189614266699,-6.863010253200765e-05,-0.001810055693715591,-0.01424549380581578,-0.013122205035872782,-0.007800250887233596,0.005524259157467407,0.004354242442030641,-0.010142932934172616,-0.008150574276973084,-0.005010176594793635,0.004731379921760221,0.008968191025617469,0.015057523324459204,-0.006391672321522275,-0.015379900059550276,0.012224802574470495,0.01062981624745601,0.0029035853388061244,2
0.4801321327599194,-0.17881252157510952,0.17433066435792205,0.53771004138202,0.17509801821686813,0.13378435630376023,-0.16323272784153517,0.02249457569792582,-0.010774281829803492,-0.02851352129664184,-0.01588113160631222,-0.044238397303794266,0.039583881520039395,0.08297412373115416,-0.006048243733946804,-0.01876517655623432,-9.011957690869769e-05,0.009921460959618046,-0.013167254824154682,-0.012052966418664149,0.02653378139857845,0.032553496367334574,-0.006949728085112639,0.009575915206580117,0.004046350448066009,0.0011735355312186804,-0.003921496615621604,-0.01205341510741901,0.0012195386345364662,-0.003073371452515599,-0.027182308637136107,0.0028783422109428113,0.006773304892627993,-0.0033938552337776685,0.00207904375088722,-0.01619460504012243,-0.037147203550465836,-0.017154441835124695,-0.024577444914355144,0.046258158653240254,0.024453366333671664,0.034003719447658905,-0.005963760495840628,-0.015622587597880589,0.032559541056482066,0.018613241124488384,-0.031987438857396536,0.017519289155214956,-0.011018826490899924,0.015434453691522824,-0.0036989370882168394,0.008118404871752518,-0.0497862026081749,0.04936862893577934,0.012020668190947775,-0.024064268441872635,0.01473534938225808,0.003970557504654209,0.007390188613543475,0.040849136742359106,-0.0013846622782140168,0.021680462644215106,0.046035086843446794,0.019154860749096773,-0.01164180739250826,-0.06955538936481512,0.04939144024253339,-0.0036385762506988798,-0.023667404999196562,0.02725419646429116,0.014593583382321532,-0.017711404823834716,-0.006434124973338875,0.03723077669749879,-0.014730151975506242,-0.01932125191980694,-0.024206143606268587,-0.005753950977794444,-0.006561798004287684,0.053788746408651826,-0.030291698741050147,0.026482338977096783,0.00311595172143837,0.0084637744828467,-0.04657732771883939,0.009667539309821564,-0.00959774170357743,0.02769290175902559,-0.0009846623230077328,-0.006972387724264408,0.003911687259922297,-0.00821941445412916,0.014425593017454778,0.03626111363164873,-0.04946677269409557,-0.007090713929276491,0.059585106300756085,-0.04242406410269328,-0.015299388441611425,-0.048546760397728234,2
0.04146419639215191,0.012456375922301132,-0.03183656164566211,-0.08976642605715558,0.12402105713109915,-0.01901661200901302,0.06400661295672082,-0.0012155335349288315,0.019091240801605517,-0.028378732461352973,0.03189222028056376,-0.061042215364561926,0.030688413284598967,-0.052691287552677143,-0.0030602179699352893,0.15291291981755736,0.07362984233859925,-0.0805713444843713,-0.12942236207577765,-0.0919058193678616,0.007137191172659689,0.09338692510724096,0.06885608999977257,-0.13174573114988924,0.027731080026734273,0.03802044352936315,0.05146117989149392,-0.05417612939665497,0.10616583255368088,-0.004513479630430307,-0.04717354902153009,0.04093025844236242,-0.042957247287446966,0.01239122876754968,-0.03011512343677836,-0.010082043928262804,0.0022705443188848827,0.11396995000254014,-0.04875504432780201,-0.07950218978779267,-0.02373552405239336,0.10493665982095886,-0.09232712587344405,-0.07231275531671015,0.03472312544976962,-0.00982144997552936,-0.11429815888932418,-0.04413354460760233,-0.14157080152771706,-0.03185867724890417,-0.1457337906417291,-0.08422783488133351,-0.02170442261157468,-0.1580138421552883,0.10111121712653294,0.005829198351303419,-0.16678267653310622,-0.1602688080594205,0.21044225409259285,0.07581009572951261,0.15099762599221744,-0.022677636458586004,0.19748242186320955,0.1098918544273277,0.05529914696197267,0.14794994098045494,0.08021040826465074,0.0034886989459975326,-0.17768512229271324,-0.08238591204684631,0.04688637958861435,-0.007770598237747512,0.07278320460473307,0.15608385960344592,0.15521985397829716,-7.79699851995269e-05,0.0021533426975115125,0.016475119575186287,0.0007959589421066049,0.014779732766419518,-0.040770782120163516,0.0926923581952078,0.09700943723421622,-0.05203759715956339,-0.15251428903172146,-0.04069023783169445,-0.10046264859850225,-0.09618155835010522,-0.10337391839835597,0.0634663120200022,0.09743510371902012,-0.08350611505759485,0.07650905782503009,0.08809548230870831,-0.017394147488796072,-0.022198687694120745,-0.009902479744010815,0.010153841694232979,0.057258123536732604,-0.1469445817161116,2
0.06265009087477322,-0.002154352808674222,-0.008734428141252672,-0.06439075242327348,0.015985299480431002,-0.014303064537610356,-0.00537554690863955,-0.021805756042247677,0.02588932173255654,0.018858693870799387,-0.008972235498671407,-0.010059994879446737,-0.0005314116161097333,-0.05703294838637223,-0.04604246689870127,0.0059859106624783505,-0.0060276778444275725,-0.037256351774860114,0.016465023662076268,-0.024722169180714317,0.03053382902728667,-0.016422950954369193,-0.07095651305261488,0.005222355206717984,-0.052787831943760584,0.08824002085449272,-0.00536266561343003,0.031375980614450405,0.051154371079543806,0.039902288000610936,0.062484014567047656,0.016784545433716967,0.08227430916560743,-0.04155337189320458,-0.01328177000408537,-0.10853882384565376,0.14336576970955645,0.04661965775006997,-0.057130121290841177,-0.05634454914916862,0.12559723272505524,-0.09855709720814751,0.1325008202430887,0.18634509032094876,0.12967867914721504,0.4174610696865493,0.1643856699421129,0.12111140470665956,0.03677090059339322,0.010940351498097009,0.1677440553259132,-0.19007417557208348,-0.07308527371479616,0.061982365912252875,0.08951311403987462,-0.04610626623746459,0.018372747984178987,-0.20022864971897267,0.2149249622089734,0.0709182579815768,0.05857561695304083,0.04403646571415005,0.09133224558124409,-0.10607238213832258,-0.05517041464150442,0.05680145071628725,0.10522675729929609,0.045139613658817364,0.10292665603546687,0.05516302943261769,0.024934715329628838,0.04772833005191602,-0.02348869737929373,0.032729065888446374,0.034393102414594444,0.044460670748873894,-0.011956724872218244,0.04666398603206691,0.0014691148363889506,-0.06963669131739492,-0.08564635858876213,-0.12993964708063832,-0.11197398016110746,0.0479770336782194,-0.01651810011603065,0.02779778230081547,-0.0855717862037792,-0.07625593122805963,-0.043238357230696904,-0.0713654193375142,0.04147959396422602,0.040139078566833464,-0.08273866719474815,0.043545804710106814,0.05810751384226084,0.09406190721069965,0.08237184379169658,-0.067938340082137,0.03559686959578715,-0.133263332593032,2
0.06560963763344249,-0.04103904132321138,0.00551983140448144,-0.08589205399080777,-0.018105159994052558,0.005890508722591622,-0.02996768726322472,-0.0017249375247014001,0.001670187065291905,0.026536117189874718,0.005252931324423085,0.03444765154475077,0.006453974938686829,-0.06848391185482282,-0.007728007214188602,-0.004014794548629509,0.015272962147778178,-0.018210697624907332,0.05073078649883068,-0.07683863320681002,0.0014069753200834604,-0.05789427501077511,-0.04377710462909772,0.011938289631084138,-0.054162410124818795,0.16632101965840762,-0.01554422011691261,0.018884395758505725,0.08917650078964873,0.012240404253066358,0.015338107919026314,0.037920812644311234,0.07142403209693238,-0.04440219283151163,-0.0763992783060497,-0.08669817263421126,0.1563021953824091,0.0028372210017772724,-0.17518725473590738,0.14092092407275972,0.19246741053003072,-0.0845861222217492,0.01499869180194081,0.09208033964190482,0.07765786416156077,0.4628835238032642,0.16683676454877813,0.06902045289050297,0.04879515899182958,0.03472876276289437,0.2079550787153848,-0.16336997557559776,0.011717226603830361,-0.00786632065641749,0.030426230912612245,-0.0015360737848111883,-0.02940105476710834,-0.16165474120784293,0.04007281918317406,0.038876502812064354,-0.012084346919052677,0.03297287353458582,-0.03310777554575863,-0.04268347323986996,-0.08429529123459821,0.16863480769832334,-0.12158293827312344,-0.03309751998284575,0.03839077341035526,-0.048704001300697776,-0.06276523956991607,-0.015394161458443911,-0.03693411066068142,0.033447939500743734,-0.0716440437973412,-0.052841364454358324,-0.01680170935451071,-0.029913561609592382,-0.0632113954875462,0.1184547671514593,0.08473371287462185,0.05818954296506194,0.10644719148825199,-0.048051734798014875,5.8133287575706264e-05,-0.12995058186771644,0.0792122898533398,0.046890781599076926,0.016864296312166436,0.07407372392074808,-0.06695717191457753,-0.0773851672799131,0.05764959931287264,-0.03417390502985218,-0.07616952400064639,-0.06191826288998872,-0.08698085809205358,0.08192437125103877,0.04222936229385701,0.1101505611547208,2
0.011426772182805937,-0.02819584973683775,-0.026093585193208826,-0.09110043759356151,0.030096208402527132,0.004716968056355516,0.016018786925425223,-0.009353617942734356,-0.06187593680009338,-0.0500490502924263,-0.02463133565328927,0.024297934359685542,0.15196651692283666,0.07441704052338219,-0.04334863467770971,-0.0096408899271142,-0.03106418363059417,-0.08229318006070145,0.06109354487722948,-0.02071053434126245,0.07273585098241182,-0.058332806842774844,-0.029518895057019982,-0.036625444209910776,0.03872456997073461,-0.03220880931250891,-0.05596179757099256,0.07862302976716354,-0.007470609097266465,-0.08782285135903563,-0.03547168668648345,-0.06459275936088367,-0.05897826161653031,0.03595946161861157,0.008346444276605879,-0.010698221811776066,0.027850115542205775,0.16692274950890967,0.010567273379974512,-0.1505334095194216,-0.12156406074859699,-0.028619460787236754,-0.13350897594877661,-0.02278302852239776,0.010535693482079741,0.041077484690588986,0.09941365528978484,0.05129032077625713,-0.11323089548647654,0.05688112583451071,0.04397822862806893,0.051413956490616974,-0.07925949588962725,0.021872475984561386,0.038797020869323996,-0.18994441715222063,-0.07454532809441364,0.013633105777879972,-0.18714283227860637,-0.01432044649752464,-0.18576482498932131,-0.1984589008206717,0.1019396077461767,-0.008766599487469863,-0.08303961888869228,0.03994623000055186,-0.2169890790247365,-0.03178039169452688,0.356178955970981,0.0496620671551696,0.040200124544437756,0.10428661089549915,-0.07011931179788315,0.07399020789385598,-0.06893228782385026,-0.05374621166891733,0.13724849312227513,-0.11959544391115218,0.09599596149851189,0.012144548479895751,-0.20036843632222684,-0.025240618674577827,0.06313675903396389,-0.0889598156811404,-0.03800438217461715,0.2764293506856903,-0.0522936281853679,0.16110053738702093,-0.11615439224920387,0.058983913864776964,-0.0041756499752672975,0.006226188237180028,0.11379910704303778,0.03260659264405861,0.034953439606824545,-0.1017741686097796,-0.0028135071388676416,-0.0838653815312844,-0.03361364569061529,-0.061680444561526215,2
0.04572385393899163,-0.058713747218372664,-0.004763167178460607,-0.114907148821365,0.0060979038907386105,0.01416798732345335,0.06424025102258775,-0.028749629420840164,-0.20138714673930685,-0.04731188664708653,0.09654309022683333,0.11447974990499145,0.41270040426916255,0.2454442854452368,-0.20246735738392785,-0.08539837841343802,-0.13428659238758775,-0.17223501387610665,0.045665919435809575,0.03446715370889246,-0.1569916642134844,-0.4189977976235827,0.05133491107976171,-0.07000100847132898,0.185938128621241,0.056327614402170406,0.05548302425482274,0.05058535891908051,-0.1740704326377418,-0.15567553960996058,0.011533626784151861,0.019269631426806395,0.12243483929516429,0.08748597488796284,0.07973000065812366,-0.024177359484987056,-0.14202100196607195,-0.030302188079104727,-0.04189071988518522,0.03660283957790683,0.005651480079095018,0.049378307433695645,0.03000729392318159,0.028255010361093694,-0.024978639616438758,-0.010475339730651288,-0.0017291021787792812,0.02522466953442965,-0.0422466477903566,-0.036977918498141096,-0.04470796257479455,-0.09513010756788666,0.044501345109795344,0.07735102082340217,-0.054109208834317836,-0.002056937135832632,-0.04824524001787231,-0.06733726224807228,0.07193204807727459,0.02074308780053001,0.02023117963391152,0.03582257149913098,-0.07301961279913194,0.02563292383853988,-0.04010855458948821,-0.027766083423809422,0.02459494449498875,-0.05132406446250156,-0.0838456300448346,-0.03126746164416282,0.032251196313740946,-0.00260927812716776,-0.06730052989499341,-0.02530964769329503,0.01153488759910456,0.058478355331320814,0.007564476922018787,-0.019012596823465025,-0.028232611284987896,-0.02000609076305598,0.051895886928144966,-0.022315184557390805,0.01778843167282472,-0.002430255343757451,0.05388751666764542,0.02191958347266864,0.01614991371955729,-0.0006316056123527224,0.018177466054052727,-0.0010108248227094193,-0.004382343118042977,-0.04076057340725719,0.016927590808584185,0.03100721720328188,-0.007722878421340531,-0.01734763454326433,0.030138489462171247,-0.01413239191009956,0.009654856004778495,-0.029114214663577668,2
0.07491321604420653,0.09776287983016672,-0.052740096056405325,0.05582075092978362,-0.01855994372798321,-0.031050744797488688,0.014441779536697003,0.050657452924268924,0.053281957001703795,0.010685113600909138,-0.006265666861108191,0.07391210363229074,-0.07741402746629848,0.006837131978745536,-0.054417457536812756,-0.05566097164617832,-0.044295992519072354,-0.06569411455544372,0.02256720669917943,0.0792825441579248,0.16691782508375477,-0.016283703043288345,0.021921147818186503,0.08832817963349573,-0.0456075300687183,0.09917724228797402,-0.009064950614952098,0.06491647071778288,0.17266808554165514,0.07272722271092223,0.1047003741240224,-0.03519786375265999,0.04781604199395583,0.06370705159997025,-0.08404264263466453,0.011616218348193985,0.02059877860523689,-0.04224218040904893,-0.08001201539008454,0.07460188545349704,0.0457713456473582,0.08607717884292268,-0.16570020441741912,-0.14079180899649318,0.056811349047814846,-0.06419179949501021,-0.011551630395494663,-0.10904802270188946,-0.05063720978223805,-0.0031673047763219725,0.17349920226502213,-0.19009501193011707,0.17999344988473837,0.0884272324578371,0.012013501483215694,-0.01230029697810655,-0.17013750849076476,0.09041722775885944,0.03328866003632955,-0.23623883489898304,-0.02142837840608273,-0.002331620047270743,0.10170727003979528,0.050945380336856645,-0.05309231803192057,-0.08817112106050945,0.12156400574909981,-0.012015953289670561,-0.10443709583153722,-0.013078328822397711,0.1239939948059594,0.07538756545206464,-0.20232852531190623,-0.016753007112262873,-0.03086542618768823,0.006139864597570828,0.06100454622634699,0.060282682793467574,0.04422480193315522,-0.009487942582077158,-0.13055010938436087,0.03754608823062011,-0.05226911330718171,-0.02187599174876587,-0.11299468271153826,0.018810194689976332,0.1644636180219114,-0.08008924877297978,0.09715120218463398,0.0064761191084191615,-0.03776796510391215,0.08282839383342076,0.09627020246746248,0.09271003830340464,0.06174574952928733,0.1304314004160581,-0.01033559337363718,0.08432290405061359,-0.0790559964164889,0.01230629903821094,2
0.3562062259447556,-0.11631790520988876,0.09832677525698806,0.36086786318171576,0.05653804852714892,0.05176356511270128,-0.059389942070141456,0.011833006619733162,-0.03386127574775545,-0.02804307558231275,-0.008119100517256691,0.01868240780462199,0.031810811404190016,0.07134083456560662,0.006612723519824632,-0.01637785755686983,-0.0012364919495342916,-0.10150104157696149,-0.011031842430355876,0.08723081219391583,-0.014070061369629003,-0.0019558027813738267,-0.05551486114615813,-0.004759605220237166,0.009959259719305695,0.11094153982621036,-0.010632820527922462,-0.0099993599415311,0.07662355717666652,0.09751593316931492,0.030647954604525775,0.08449904266423279,0.10791466099279685,0.02008360694585374,-0.019355510718286704,0.04654835129411936,-0.052749773624694844,-0.053033162987980546,-0.0842679544229807,0.12894697715432146,0.06579853345019578,0.20469312532813563,-0.02044642409108624,-0.007698676383252383,0.07730596235565343,0.021982869642432568,-0.02114647321197672,-0.1059793210895361,-0.10000157224606707,0.006630972768831436,0.03702302153600887,0.12302953128798354,-0.026364103103431864,-0.07611318730352772,0.101806890551819,0.08222632417343564,0.07238965012742886,0.02947691967122066,-0.053726991292643196,0.058226012660189015,-0.015015099708237884,0.014845597062110222,0.12240321751541101,-0.054272974524850484,-0.019523644758434714,-0.06874804576002559,0.003342691316885086,0.015399765158071926,0.08376735816316279,0.09808890865200305,-0.06090952094889747,0.00418193592449279,-0.022064428702502036,0.0735839672397228,-0.034603376030784276,0.05631105344793752,0.021185575162209314,-0.005227796309077624,-0.052891823620876,-0.08535820089655032,0.03554463622641133,0.06319672263083992,-0.03180695731246333,0.07676935088273586,0.10695275253183599,-0.030324774130682183,-0.014855649752582814,0.025568556656682853,-0.03545464574944497,-0.009268200775992597,-0.08837482033173301,0.022830537237521223,0.03419599760809486,-0.09094319821449702,0.021326077906814598,0.021498259524301122,-0.0664270643075067,0.04588478301508489,-0.02042842592985163,-0.011892695039017211,2
0.12908413177341949,-0.030482626002870106,-0.009395790608861277,-0.0610423387465825,-0.04160379726330288,-0.057591771765151074,0.01198533693165478,-0.08575900591808615,0.11910588599918866,-0.017893799301376946,-0.17277124418493237,-0.11814786263004898,-0.0021595657883335985,-0.04901115139100302,0.12050836117704694,-0.36627339119382585,0.1270664890383431,-0.1370155107279458,-0.03598127410571974,0.28429089723072015,0.09701953562535898,-0.10178323426952883,0.28035592901603845,-0.15117400217572088,-0.08806793798727912,-0.07576889934048343,0.01338500804512361,-0.1514258149555177,0.08996979568483751,-0.14619676330398723,0.030425895168528828,-0.05314721933527237,-0.1487784518486073,0.11564265024652369,-0.09628729239400319,0.2050834017337787,0.04115246093836509,-0.03758118800880386,-0.05680360429159184,0.05447607714348893,-0.0421263490236826,-0.0579013482640917,-0.11963526387180608,0.06444328602671169,0.016167552665175687,0.07547689737413411,-0.026308722309138933,-0.06541731785222406,0.034432219936041134,0.0478430332037135,0.029290505145775962,0.05088717588290291,-0.0209900042098461,-0.010971452478658342,-0.11213961376663598,-0.017995179363204862,0.030979748557539388,-0.1245170805181573,-0.10083943562184546,0.038116825509959366,0.09105807325393692,0.010546614983863722,-0.0353284713931648,0.08911312221516667,-0.09254641928170534,-0.04592754472706762,0.0017861042973299748,0.04776291066347101,-0.04376722824100828,-0.023679003642907093,-0.002426914852308846,-0.05912616468688495,0.014657166385593421,0.09331176928976302,0.0023731356661245654,0.03171134635812761,0.03595739957335606,-0.0347265930940384,-0.0717533876652012,0.06911445273704984,-0.06650693321129214,-0.0512928521286318,0.03614870980979017,-0.010171209249747062,0.06497870756146117,0.0109731232883587,-0.032777064808006226,-0.07833660945031332,0.009495656895250683,-0.05552016961645002,0.013455954461327515,0.019284422877807777,0.010601048626041948,-0.026960418991305753,0.020150953463583383,0.04570217275435512,0.008350807250514557,0.013292041909983492,-0.01219916306198662,0.0653309130379715,2
0.14160234877549444,-0.12022604714415575,0.04165587787692965,-0.04891529767121488,-0.1689891109807963,-0.10182091898554727,0.16863683480990357,0.06594184652556917,0.01641296889275685,-0.04759625390533242,0.20889483722553642,-0.04942879739786431,-0.05369556408916714,-0.1432420961858175,-0.016080183515751596,0.2582773612237453,-0.04070877253096569,0.03849307520779959,-0.015110228922299924,0.024647211800099267,-0.07201317669160441,-0.10038190865254971,0.044196235482803194,-0.011015252236990476,0.005274895092072496,-0.04181573756332198,-0.029639118033630632,0.04462249011579804,-0.07321262288284179,-0.002744823038492882,-0.10705602905928197,-0.0807885655887274,-0.05325844996180123,-0.006490868590580303,-0.03678907577793588,0.14356024501886805,0.05036973151599898,0.06304064463527158,0.020076508223999836,-0.022360195947137784,0.038496978943805396,-0.07112634708279493,0.03557384295175359,-0.008439441368080966,-0.04197510593564865,-0.036405195064459585,-0.02957243388701012,0.035455453896405975,-0.05818430439525872,0.09572432345265584,0.11346524901150114,0.10947460394174306,0.10290900615450363,-0.11304348665382088,-0.0549346999615531,0.07869591789521073,0.046849399533069686,-0.18363775620590847,-0.068751271103715,-0.13473735150787633,0.1085646833529449,-0.09934257876910772,-0.06529687869318575,-0.08497414325217974,-0.06780596677921845,0.05403360468021714,-0.010163969136540343,-0.13290904381681973,0.03881396248366487,-0.02525506702138191,0.006564494520677293,0.12003269601832206,-0.08745433944838306,-0.031567068236658266,-0.006427851174774284,0.07122997525017843,-0.11020449934801281,-0.02930311838146195,0.07695678635837067,0.09646368879580976,0.08974299385324194,0.28528268421495684,-0.06577782959003371,0.027929994989754618,0.13363183863444317,0.028128816124807044,-0.02938236783324231,0.0787304654609154,0.030177916703912216,-0.053757778812895674,0.06720409543957481,-0.05654313601581382,0.039997024475719706,0.0324658876614042,-0.013420921893785805,0.04970681289616634,0.018813208076383606,0.01042117244032721,0.008206033761106749,-0.06656635217396693,2
0.10603033041343708,-0.05983990468668513,0.0006910640929970717,-0.12243903992532511,-0.014736736899735824,-0.025104657214007217,-0.045282314148127605,-0.05705944875860785,0.10432989045185126,-0.028721244683943995,-0.10606320090454306,-0.09692977715609269,0.09095701233780566,-0.2194088144711493,-0.031365332773326475,-0.17530576720070568,-0.09464321774951165,0.04924537678361904,0.022668980969877524,-0.10010535460240148,-0.00044673830355275993,-0.003581250112193111,0.18733030127104094,0.10203316158495912,0.1379567504055116,-0.019071862574008253,-0.017805886474897233,0.10926980416188237,-0.12857841543873041,0.2234071878724285,0.014933272298637354,0.13831646214881266,0.0196925651943335,0.01661333605266691,0.022966233138291686,-0.024152392436291994,0.17512508064757262,-0.15622069776191633,0.0901861349245101,0.06567760613534691,-0.10871820255168603,-0.0465931158062501,-0.06511517918416872,0.06743153511521488,-0.13949726555325812,0.09880214909695634,0.06809850400903954,-0.158122143350852,-0.023339493656360354,0.0489768214039785,-0.12922423169434732,0.04152244201097786,0.13155509049563205,-0.009176183038674922,0.029249781255917203,-0.15429203011911932,-0.006897597865755152,-0.02749289060583852,0.005761315372034951,0.05146262457017612,0.06423803547918552,-0.01513211668250477,0.03654152252921463,-0.01891283371516767,0.06655026795809879,-0.06243257025510208,-0.042726123873730246,0.02179584845260082,0.056503948763741534,0.014197076590153674,-0.05782278967684841,-0.022875208749884666,0.012462848413453166,0.038256609472115365,-0.027557174239857964,-0.033427263684675045,0.01905928797907264,0.02743378682537682,-0.010951140769375554,-0.13251365137541296,0.10067844314177894,0.046533192153209446,-0.07720673946969704,0.08247455757246647,-0.06404923001819163,-0.04423593314365194,-0.047681067609562054,0.10168562336798298,-0.05064242720368761,-0.11482432992889142,0.0798416270164188,-0.0989588168658137,0.02408392619981087,0.09557981637138876,-0.01616033034677581,-0.03808802723864783,0.039394994895098095,0.04163097516173505,0.07641885536856952,0.03855336856314277,2
0.04389117050353912,-0.05384245683575268,0.00824864779129722,-0.09960518440448372,-0.04860461085001325,-0.0028408062597941645,0.010602494940151466,0.05696988281044713,0.05415060898148669,-0.08448932412875075,-0.035595763425502754,0.013709947763292488,0.11554007466162654,-0.0634922584316511,-0.03965165989241425,0.04132545818200233,0.10591144175953897,0.11136621582716176,0.033784537122672244,-0.21560212979579965,-0.04241629301308381,-0.10800053437750573,-0.03519631464825793,0.041077791735965034,-0.20761352890591725,0.30153846145847935,-0.050889515954455775,-0.06197754493285291,0.06852852841478817,-0.1904467012819507,-0.0819278633831285,-0.07246238229797508,-0.09366809387487711,-0.08241522694392972,0.018639699567437506,0.0364673470336725,-0.009716457496354537,-0.022668343502658717,0.12425485610216505,-0.0052764577066129045,-0.08411247369937253,0.04189745752738067,0.017111263380984648,-0.1428078982588152,-0.11747064553115633,-0.04288937271821303,-0.018186493140160007,-0.2032172802793248,0.15896371117877814,-0.09278488182964688,0.01509230368513712,0.11710791187069525,-0.054861366896212106,0.04107631473758697,0.0603781064468676,0.003950373650251471,-0.16701907157448886,-0.15681595873344173,0.03054879439107125,0.047956376503241346,0.07714967710905211,-0.03854410110669619,-0.07322799249747272,-0.06017223095761258,-0.10792255238931456,-0.0633462476908486,0.04759812221753706,0.02515561133766064,-0.007709557870325224,0.08301543090609394,0.031719813877891946,-0.0060181334913086025,0.09105864558509877,-0.004270992711121561,-0.017991497537612148,0.034407493600891965,-0.07060291351254573,0.08140776479846407,-0.0648438446812539,-0.04475503439029757,-0.1029557896281228,-0.062225171166271576,0.0010181862619040593,-0.08875204614444346,0.0034320485309567352,-0.07533321629733286,0.04645246885624368,0.036201429218664066,0.03091871096895308,0.11678922335318705,-0.1121199074284672,-0.10613852282516187,0.03093689700031842,-0.06897798994323055,0.023719429586036775,0.04834378518605282,0.02550123182246401,-0.05812699813438532,-0.0038115774108162456,-0.045757934085480574,2
0.16508323257497043,-0.057158140527936614,0.017284167128023803,-0.01049482099583838,-0.07116995371916315,-0.033168931688179186,0.019487614867316014,-0.022221079732993806,0.04437142818977089,-0.025099233249966546,0.009981076673884696,-0.03196729514552137,0.00032134781056639096,-0.05575756848565555,0.05270705644322176,-0.21045003213107533,-0.07381131132307255,-0.031818008461830985,0.0028752695708166346,0.11197951429937805,0.02998963122657803,-0.005053881727459359,0.12879939997612708,-0.11330355127377369,-0.10939442982671418,-0.03353104402567199,0.03748618826236866,-0.10349254721957828,0.10394172884366823,-0.05846791970937252,-0.07059425946749903,-0.0836955218878072,-0.07220456250808995,-0.03636786798719482,0.012287045850634231,0.06410260360341745,0.037117960567944266,0.02955709989184237,-0.06373707570062889,0.06495099099135333,0.07163001483847899,-0.17266188320316692,0.03689868304645747,0.16027498164099466,-0.04127042233953867,-0.13081657591628412,-0.030281039737855956,0.19485505182979265,-0.04539405133401648,0.023381518143209868,-0.12264815244150433,-0.05195044431802249,0.06008567277965545,0.05477253550871634,0.21366011334277943,0.07050516963264127,-0.10300629344878151,0.09537396561974887,0.13219350328781315,-0.12321526513343792,-0.1759339136854456,-0.012555733231689233,0.02629633053119897,-0.12675825238507993,0.05188068574041354,0.09857926327034604,0.0312651810924054,-0.10849877905184675,0.09357080578223088,0.012253642915420039,0.07650791528525112,0.09799747340809119,-0.013383007582919625,-0.18890847848480152,0.02835997606413778,0.022088182899241075,-0.12198205029381705,0.11949191582475191,-0.01746088014364121,-0.13941933992263714,0.0057700543999371,-0.01956187223428613,0.059587144062168376,0.15353213911185645,0.023977903890013468,0.05255470371509666,0.05718551386730749,-0.01189714062774011,0.11469959575694649,0.046398649804564054,0.012794996030956216,-0.006999173419020358,-0.11083622181232726,-0.04460297238900475,0.018850851941052967,0.04204916382418275,-0.11038129733625106,-0.027829999802284497,0.027788274794839172,-0.0009152056275781837,2
0.16863834470506295,-0.03466019701423921,-0.02165641685279113,-0.07941820172559431,-0.1333027703699529,-0.08719564893869516,-0.018461652037707728,-0.09032535152668554,0.16607755234550478,-0.0632507901104589,-0.24995187731386304,-0.08025975251697404,-0.003935481089273194,-0.08014447912356679,0.18750985102111353,-0.3495708996148434,0.0669182699729948,-0.19604135980706755,-0.0381764094470086,0.30662865359753727,0.06484593830890845,-0.05886841292080462,0.2619191825819867,-0.15220656594911186,-0.08449038755187561,-0.027779558414769607,-0.013057480385734978,-0.11591728424293092,0.03926744889965626,-0.14950393740719795,-0.013644529849460622,-0.09050339536992762,-0.1364868263202936,0.05879354133152969,-0.08384540830671773,0.14828819681049377,0.0237797393326411,-0.023415457685848837,-0.060827358682825676,0.03812796000850634,-0.0187619322566031,-0.016891816951399696,-0.0009569436253213918,0.04268717623974781,0.008284301901084755,0.04800447571523308,-0.008768675928557998,-0.02331356039357653,0.008476847515036266,-0.002270333649517801,0.0726852292891223,0.018634201590706872,-0.035759116038838204,-0.011148304109445163,-0.06825994953600667,0.024239848033603056,0.024996277183214406,-0.11021661847589401,-0.09218121171853388,0.056782606874112365,0.07094043096009092,-0.003001774145188135,-0.0417926251916059,0.0766673015828326,-0.056997237153145475,-0.039352059874471795,-0.0029355965265691446,0.04425509569349532,-0.051498999805172925,-0.0025186688531694513,0.007380707754144707,0.0002059266917065839,-0.005508912440756879,0.07637424353838021,0.028180128270063533,0.003840657522222062,0.035807470845740326,-0.032826671192914166,-0.003192367756793962,0.0705422614659698,-0.02969790922263091,-0.026725788221603246,-0.009359714267979598,-0.05124146804255223,0.03789760191526216,-0.005165270649226488,-0.019908464405805147,-0.011028535253581368,-0.008758843739482375,-0.002457934230677906,-0.011798638607808025,0.019820012149597877,0.028798000809049634,-0.010368429397589496,-0.01620793529288382,-0.019670213635490822,0.020867694730131565,-0.009170204214521036,-0.041749804880981706,-0.014647688681278003,2
0.02010228733762049,-0.020113021514537383,-0.023188350643683842,-0.1037673912858206,0.04524094290372111,0.023814508231980967,-0.010174521465516277,0.02186574301978886,0.03632326127493189,-0.0490312997187332,-0.026278789448653195,-0.026028423042903478,0.0721206708583263,-0.007297778820282555,0.03446850318950264,0.08306286303393234,0.023407466313407985,-0.011629908676203943,-0.01756130813163665,-0.059208531862113944,0.0449425432118986,0.0023601591890561628,-0.09272833387663372,-0.12689905766796145,0.04208301864057542,0.0019258074235397502,0.005464136300886475,0.022951272452549416,0.0790190560809019,-0.004158607289396515,-0.10290110882716463,-0.0995022219996595,-0.11312146703868554,0.10056134804655806,-0.05531879514068417,-0.009973726021479652,0.04034294750006062,0.13957341738834023,-0.01548994869755279,-0.10946628668701114,-0.06719163204808064,-0.011307797280894996,-0.13409893915403553,-0.05958238492265394,0.01694821499790143,0.03689348372183111,-0.10019441852756497,-0.10970377515754992,-0.027574641593918515,0.07509227214438345,0.02582248359134206,-0.18409250982910583,-0.054287755579446324,-0.11722984785054316,0.15784055128470645,-0.06300569427130724,-0.18508298386085317,0.11131487276057363,-0.08685894156710439,0.07093253200141564,0.13988523303731246,0.15444469343107625,0.03868343896175951,0.001665085960607313,0.19979531587000834,0.11146824720314694,0.23644761820419347,0.14399109694937862,0.10069276485394205,-0.12370499032891089,0.1685648141716842,-0.061111842958218324,-0.028946516829285215,0.0059851945034526104,0.012541363122692694,0.11784952652035621,-0.020183374215407834,-0.09580808043028366,0.03232407398950829,0.1783035372097626,0.28003455450533576,-0.07915201492496617,-0.024040512849579008,0.1841484952531354,0.21387733781297857,0.09241107778080136,0.1049558302604108,0.0718543397763412,0.0045618316356109525,0.016159522851964325,-0.08230904030865117,-0.061344454720625996,-0.06839285200959792,-0.024087148547716968,0.0008475109317738484,-0.019409160714550573,0.015060665699522767,0.07135479602365943,-0.017770375679893848,-0.0002151103054411549,2
0.4262372657209705,-0.163978649417426,0.15308958514344664,0.4434317678800921,0.15690643415530398,0.11390712576900776,-0.1424851106682882,-0.0478302317490578,-0.0815702366054312,0.06421162598315676,-0.01061442682044221,0.04697940977736663,-0.0570279252355049,0.061213315161357494,-0.013763823425721891,0.08928755698897892,0.028456022840414517,0.022401052132722744,-0.0004344825439496216,-0.0018655261920062561,-0.026275584635188323,0.03325143766500988,0.005114608144534092,0.006661405146418318,0.03975056371856183,-0.060335487123319986,0.010260072739782515,-0.02409960395354093,-0.050489022729465885,-0.019904852232836,0.010467939159258682,-0.007158867505763758,-0.08380058727333665,-0.01667139222181435,-0.006324941688002264,0.0014600929965726274,0.08490881758934818,0.031025947876162713,0.07832032538143231,-0.10702264350188533,-0.07431262599282078,-0.12471315871001981,0.019150539422935584,0.006823531955360723,-0.07499580232415526,0.002530184650320818,0.051239538666588653,-0.00043171020221438545,0.13073624027089817,-0.055171829695674954,0.016586431609883812,-0.08132361887855445,0.05917733359806133,0.0070813883862606815,-0.06492590457603212,-0.04436678208626161,-0.08631173272193304,-0.012637306735903665,-0.012490770135772322,-0.0319601160279581,-0.001771220313055809,-0.050789454933450245,-0.15271206618467836,0.05395960393551666,-0.005015671426089739,0.09124109955118896,-0.05140632109837854,-0.03923923646102378,-0.06565122018596718,-0.12169577563971935,0.016803478852234675,0.015410272279739859,0.05745730753657598,-0.04206594511013601,0.06936085221182685,0.004674049603003256,0.019785014642128416,0.0070736523704445315,0.03476297365469507,-0.014939276260598594,-0.02129919666205218,-0.038444642367789265,-0.010330009221125425,-0.042835511410046205,0.04633349897902988,0.013193640858794634,-0.05148650431528515,-0.04118242579852985,-0.027897153760241784,-0.006709427776239613,-0.006601315969053229,-0.0035276745130600595,0.02461329195237918,-0.04398396598043037,0.02566625032201419,-0.002969374257260382,-0.036135746550065254,0.02158967889139046,-0.051400466072728815,0.009432698393358922,2
0.4539405529485211,-0.20844094973602456,0.1432560935628153,0.4100753389967083,-0.03136299642529348,0.0008618399122033092,0.055563892186960714,0.08967645520474142,0.01596434409920668,-0.04351659110507084,0.08947080881035999,-0.03328492659523977,-0.03996797638392823,0.01436085032346869,0.05837747004029298,0.05782718499275143,-0.016847312845640942,0.008093672132916138,0.007749034201834151,-0.042862358792454466,-0.023525160066665586,-0.026419460787178477,0.0036736331861858458,0.013721250383273341,0.016280211792070436,-0.023356707809946857,-0.00120818848654179,-0.0013566436784972276,-0.012513573172838225,-0.022428472327510635,-0.005232309656758041,-0.014885976051564656,-0.029594231244854666,-0.011569173552678511,-0.0045474963035294635,-0.021654660206009636,-0.00837501926262651,-0.012254642717940741,-0.014762260632323635,-0.0023680480485174433,-0.02701993122143368,-0.061732598902339134,0.018961138515438406,-0.053143954625741084,-0.06280267732308897,0.004605146258022451,-0.012434943173321427,-0.035664961394063124,-0.031311420317918254,-0.012685377941339976,-0.007403268096051909,0.005409870143320653,0.10068289596221304,-0.02696917370305779,-0.07891817680067863,0.03321170725718499,0.014901745500741146,-0.05767270048511574,0.021316690908729265,-0.08768029540218508,0.08086233982094757,-0.006865797183474656,-0.1326220605509685,-0.07072539197993712,0.05172006952797084,0.06292976274563979,-0.11060434891849617,0.0038344930164838182,0.12552027230160168,-0.050342235614258046,0.048915881416760974,0.06452833043268541,0.016403369992050172,-0.03643270168921091,-0.0049308342928768125,-0.005758153756132623,0.051204837861845785,-0.02141759851522244,0.06433795715104916,0.021501637472418615,0.020890973456519697,-0.11740421449894566,-0.005220046858822022,-0.025626201511935905,-0.011207618396138205,0.03458008066922691,0.05960153579411036,-0.084266400541879,0.06414534828691701,0.00645653191542221,0.034584757745695936,-0.030987603502073805,-0.10357541916921825,0.02647045696692074,0.07636187267319805,0.025919639867728522,-0.05307403072262225,0.002792555798852845,0.14958646106132226,0.009903330538269082,2
0.12175993668404048,-0.05356298916649928,-0.013541716993358863,-0.12074828868567092,-0.06583745500767099,-0.12973773566860336,0.1326325584073177,-0.20805388490891547,0.03777712453892057,0.0466346422859412,-0.14429560478142978,-0.32720648038264505,-0.1914892961929209,0.38089172911928415,-0.00522056396886223,-0.05223547370963028,0.16036204270832424,0.031714506188969406,-0.049260645790360665,-0.0010531426297533638,-0.004235071959740737,0.025914769754477707,0.09418912314488645,0.004246165261436903,0.00046890973639763416,0.10949668097367148,-0.0042303839226510605,-0.010604795523984427,-0.08269629781425453,-0.03778555722661542,0.0399157497059715,0.049205782965560774,-0.014468781881688235,0.057367543987171477,-0.007615205720167643,0.0284914944479878,-0.007817918607495871,-0.04082123229527639,0.040887882888695465,0.01699978867215014,0.03682942968611301,0.009479745332264925,-0.028543263443783048,-0.0033882148751887193,-0.04279403003841254,0.05133904530398037,0.053694702495009135,0.01588410271740762,0.038488579536671855,-0.0004795422997352546,-0.07619214314926209,-0.01217969065060947,-0.024550206550419833,-0.09236678958636468,-0.09288271245495086,-0.06963614815239969,-0.03589764982891068,0.023317968897017857,0.0250218203863751,-0.03750824197776801,-0.06241959328810282,0.0500799465467977,0.05360909950004797,-0.00016533752134622297,0.07540459292967756,0.014697298557892561,-0.004962188117606604,0.05073606254116715,-0.0011750558873834843,-0.05627021129392299,-0.09148251577741864,-0.04506885396692296,-0.03727356938059827,0.022554543609153786,-0.06093639981649115,-0.01469226176978552,-0.06790435807939199,0.014331610670960436,-0.02879398569963534,-0.037919605394837595,0.04996060071636746,0.12412455705736966,0.015825469335677123,0.03100203706427342,0.012742557050794794,0.00019340075044502888,-0.01711014012168046,-0.026614137955580305,0.010120572300922408,0.011906433618868138,0.0204485595872203,0.02461302044172658,0.024292361414545445,0.07671939746516174,0.030580721316594495,-0.03375942221497468,0.04930272878631475,-0.06345055484107719,-0.010530763300607338,-0.02456462884986206,2
0.48995913583257633,-0.20934079255839427,0.17246245704206623,0.5068962184600831,0.14525880430754778,0.10459206879450131,-0.12590640087400137,0.03505259556532755,-0.028319043965482807,-0.009152368317605615,-0.007066734618935091,-0.04532097646723123,0.03964044147043417,0.07499036238378763,0.033907485597802184,0.026684411063398757,-0.010421594462260547,-0.0206390520592613,-0.0033552525241203487,-0.01779374786440421,0.020000248488583578,0.020263333799577832,-0.022788188904418437,-0.011085336154869927,0.020253955123334288,-0.026772713030077947,-0.014152436630695908,0.02266073470355942,-0.03831248509212337,-0.006971609691865756,-0.03948747028823996,-0.024327955146249632,-0.002844242709278971,-0.018292905945789147,0.0002828893169911441,-0.005803872707917786,-0.005298999431655962,0.006275447980490957,-0.009687667035210724,0.04152166855845824,0.011019662635427443,0.01046577101475706,0.007046325592170934,0.01009707970320903,0.023220881803089576,0.0139561157107397,-0.0064294758026997,0.010536571401558302,-0.026125175456690526,0.04061626901370619,-0.037521175272936746,0.03524391561983456,-0.03898634006305085,-0.0014718211567121846,0.037216502373524564,0.0037226477334680414,0.04653473079007021,-0.01638904907075034,-0.021708047037196313,0.057168654300721086,0.027345170575511116,-0.00232615166590757,0.02204600976349693,0.01272789032154816,-0.01689754142565372,0.003755656943477055,0.05042437159918634,0.03656274652137124,-0.012322552596841011,0.04072448685278835,-0.01521209594244076,0.0034822652399333887,0.015349353883223355,0.012633354386920287,0.0010201744301328165,-0.031217920847330834,-0.05236255891869596,-0.0189744789049577,-0.03797115421665511,-0.002383872214416745,-0.011102398750934217,0.02462348952106141,0.020778720887969754,0.008971634970882054,0.014154197672447947,0.036765134970003915,0.00332053431863666,0.0227731028310194,0.013940723304186225,0.03016006391861929,0.05574906664911293,-0.003202868221691632,0.03376596860289742,-0.003009358374569293,-0.017841258137395007,-0.021631693343922564,0.03949590582375867,-0.006930590344798622,-0.07790321552089782,0.02356044602704057,2
0.35480942803188054,-0.11763542600808616,0.1229694696564555,0.3372576603075224,0.1257298492789868,0.08697680447248313,-0.12812972207681705,-0.09986218544932603,-0.07930932807101436,0.060740594849022334,-0.024446109955271893,0.04005306739739766,-0.05016520629325293,0.032751260042171305,-0.028412579292772192,0.0394107922656151,-0.01332979614624679,0.04725301736864895,-0.017452401838842193,0.010041989695093111,-0.012781629740898071,0.046397791294506344,0.018984450989946035,-0.02194795432659939,0.0077267981001842,-0.06827133245136341,0.01711279430771852,-0.04629728578346691,-0.031058710683399177,0.007444799478916238,0.013460765734148476,-0.020028080850998758,-0.07727025623202392,0.003033537693493894,0.008919762616096089,-0.00025329640143507113,0.07473318186702221,0.047288536499312965,0.08024654532476905,-0.1337945454121133,-0.06573188477774836,-0.1873356367427397,0.0469445813313151,0.06541155331970064,-0.08578139106378876,-0.029075622091022622,0.04827153046668896,0.08834194536813446,0.19851658148145399,-0.08319009134259764,-0.014818197234513754,-0.16347753982697882,-0.0022091469235944175,0.06077990610917514,-0.06058604852040452,-0.05019899606240069,-0.17537398358074072,0.04353348730031571,0.05369950684007966,-0.04495927465085312,-0.03136810736737901,-0.040221276261211594,-0.13657878046205385,0.057895603676283894,0.01330548633686378,0.10931410592585945,-0.030138129346570463,-0.05039615384491518,-0.11763682751945188,-0.13951708281961245,0.028945370147309794,0.005480253432309562,0.036772051478205586,-0.07707197229873025,0.07746653896749654,0.014458488674684812,0.035818104886037955,0.03987124596701178,0.03966722295579169,-0.05181428683576571,-0.030964564221281653,-0.015246097500890433,-0.036259952320175835,-0.07881726692974841,0.05548439763271298,-0.018713172178825916,-0.09466714123158247,-0.03454144263619856,-0.03757876302192157,-0.0368596871748481,-0.061390571030097714,0.03982949566206202,0.0807348062089962,-0.058395490318104384,0.019190620862510683,-0.03625852764955633,-0.03326967686121858,0.04816424164504191,-0.09211013831797064,0.004040555438154363,2
0.45359831211859447,-0.17340062756552443,0.149277644034695,0.48888120159224335,0.1284783625556523,0.10313938974324677,-0.1300020843160307,0.01605007650512091,-0.0414010843413357,-0.013265282028879074,-0.02422908845862762,-0.024232314226934833,0.046532647356169236,0.10345874585478176,0.010175162152602078,0.007798751041968532,0.011884395278764547,-0.04965063895566119,-0.006828424415877605,0.029282470281056433,0.032939717117050696,0.03751660674251993,-0.03325153209820507,-0.01619963809900831,0.0139804758123021,0.037187440167070374,-0.00941467523827625,0.023451914261152344,0.005769176957244359,0.041742849688167986,-0.01687502059350973,0.028492650318067324,0.034822877569656484,-0.0036876488670247115,-0.0014867166041827625,0.004784816629899777,-0.04074693713778688,-0.03063098249658295,-0.02772064324932002,0.08388627395723035,0.0278191913390963,0.10888846819088685,-0.016800097546397403,0.022952902373825322,0.06944643765821716,0.00877332705031347,-0.019078481390624055,-0.029606378897014125,-0.062447553824887564,0.018541537614030976,-0.005856268004587441,0.06069323183012841,-0.08219306893302458,-0.01200719515318737,0.10663732955348636,0.00019496760621950845,0.044393232348025585,0.019463257821686127,-0.04723795492777502,0.09094028237635718,-0.015500961410197004,0.031177608350317344,0.1510500335239964,0.0017324779716971926,-0.03569153772566735,-0.08060935320428125,0.09778767717601299,0.03590695308351593,-0.03053780002451367,0.10673650201026962,-0.05141311690540195,-0.02344455727357197,-0.02026088509199213,0.07557201492953407,-0.011041876243898048,-0.006674615243256546,-0.05560211418443487,-0.010021982941640894,-0.0814003852608525,-0.0337525117338284,-0.0002489923992017265,0.1049977286340923,-0.002872583626721729,0.029184048499120332,0.04396610045150117,-0.01107554903003151,-0.01958485670697445,0.06800010384703684,-0.024946064985572412,0.012073589880097478,-0.003815461220419064,0.01835580747585016,0.08094837078321192,-0.0338750179586008,-0.050969674590560565,-0.019598799393663685,0.04231822813047468,0.01502850913513234,-0.1119614661294045,0.009688372978956843,2
0.21783929673322236,-0.08088797056113327,0.03550104803405705,-0.0011412932062420075,-0.16573336586716078,-0.13080755985394196,0.14006891715588066,-0.05837276151344174,0.06751697458263516,-0.029825263760763457,-0.07868859655620046,-0.0418499870770123,0.011671764580247103,-0.0961697557344772,0.08724047604262337,-0.22680240573211166,-0.019607648151530564,-0.048564535683512364,-0.0380415998227932,0.13424246536951318,-0.011135506772377195,-0.06197097375257738,0.1869681569480742,-0.07072580030375812,-0.12369141772300515,0.006699405331995814,0.05149202637117389,-0.11427245817472097,0.08691957420678746,-0.10158019221704662,0.0034610433110132356,-0.03371781065751781,-0.010243507354585877,-0.017733126321655492,0.06182159594049269,-0.08299204516968686,0.029540337847213244,-0.035234828207018044,-0.026545370519664033,0.025871620205058548,-0.08146474712355795,-0.11275322887545772,0.10630849930650957,0.15530776739934435,-0.10423413856092163,-0.10931558981535436,-0.04054072407920521,0.07696287869810929,-0.017884518970539758,-0.06841503317699732,-0.04591837362610015,0.03612346540312599,0.03682047550138423,0.027417243918100707,0.1088564266397367,-0.004085876948676948,-0.02702499451216751,0.15459305645043434,0.11386223703464575,-0.004482876427979094,-0.05886777569935576,0.016883321102559776,0.04535493641372993,-0.11723789066516732,0.04598193015695378,0.04453348099709217,0.013890134193569829,0.01742954312952253,0.027599374819075952,0.056892053952909666,0.07462482286519129,-0.03698650200427598,0.04594035611960412,-0.009307497830469745,-0.05194303019750052,-0.026983485447489,-0.038280244298569945,-0.022552540573781244,0.11342220756166811,-0.02068148380000221,0.058906464115990334,0.12472594711318356,0.031049280122073763,0.08434650176258326,-0.15251378637668206,0.0002479123301512011,0.05237913919712333,0.09485484625133898,-0.133071273727437,-0.03739177732664344,0.04599386061325665,-0.039137358079127514,-0.04383743469074832,0.026743489855444048,-0.05620904862664338,-0.08406805015251179,0.002175371512078662,-0.049445246117526834,0.0648817176492879,-0.18394570488449666,2
0.07889627775450048,-0.06535063130821042,0.017653427393550983,-0.1502977581565784,0.0059953897398146855,-0.0330960195640217,-0.05050939942361741,-0.147461230711618,-0.07979886642404832,0.06286199064390799,0.09926527732324394,-0.10040002648535111,0.017759387269251515,0.1209058961909469,-0.10876689338248337,-0.0290555220817089,-0.1666964828398347,-0.09594661386499814,0.012182206567642677,0.0717111385210351,0.028854948222324914,0.023804748989393467,0.09921284545657666,-0.01862560497674124,-0.043381327233894096,-0.06844645985061462,0.058072766168771196,-0.060318529685148406,0.05226197064072443,-0.007555617463562112,0.014336208285036133,0.060978326835292064,-0.012017299721688926,-0.09894926826250955,0.049390243719096755,-0.07592979805532535,0.043036672250409684,-0.1196224848973966,0.19518619331397938,-0.16905558226874906,-0.1178557312760856,-0.03910428824892818,-0.19607360158651427,-0.013511132727094725,0.21453798914641187,0.040242474920762064,-0.05732470747370025,-0.056174054316528,0.10802045188207092,-0.16373024064429487,0.0032435872751332196,0.0023769486133023306,0.10476873460980274,-0.018108076760537634,0.004237177040823223,-0.008335686024284935,0.03688456462076688,0.06446298173441246,0.03073924634563835,0.05537833191019003,-0.05845837216689353,0.030344478820999072,0.08015543976430325,-0.0588759792703327,-0.008193615622551087,0.010986645267593707,-0.002786735476373377,-0.09516972973960436,0.10417549090790154,0.030210495348421847,-0.03193107307288496,-0.021291078105219952,-0.055331670395308445,0.12934274174386393,-0.012484163233176705,0.07659066729781082,-0.07612368572029712,-0.033410077969895875,0.14799735075269688,0.056319653161300554,0.03743617174117252,-0.014620961526992843,-0.004644448295880817,-0.029735820612193438,-0.13389650666049696,-0.04539082220961482,0.03634202019013,-0.07454025180460404,0.024163523656981076,0.05710239542535238,-0.0030051969375793994,-0.1263363072734005,-0.023442753036407464,-0.12264783646708526,-0.07133308644651098,0.007966727781364915,-0.04379036600371777,0.06753680516192166,-0.03831130910754901,-0.005817968427364266,2
0.41080278994013214,-0.19539207168150516,0.13461481651395713,0.4003484885841813,0.048039506245983285,0.06231800924298364,-0.053140392789653094,0.08431603131638774,0.014504779623195945,-0.04083989606653073,0.054163218054397944,-0.06410118490541797,-0.005553873813409168,0.03969459330735887,0.04685137583766587,0.04170493803821696,0.025883318710028212,-0.01775429636690865,0.024123259224349866,-0.028520088367554503,0.012111472446107363,-0.013304305103770182,0.00480886731263387,0.001773288788341561,0.013743883592283039,-0.010909968458800464,-0.03060076674500984,0.021312081897216513,3.633535405681725e-05,-0.011916829105685143,-0.009490052644121848,-0.014245423501297236,-0.04438451944465793,-0.002948097124428388,-0.04517786035065105,0.038135937012507025,-0.006840167495895925,-0.009218950174873583,0.0006031661903795692,0.03519897700799169,0.043531837357017905,0.03699856044077194,-0.038130125172805084,-0.05822864555044516,-0.005499859753687786,0.0432116707351087,0.025539807630105115,-0.05841940063842985,-0.09540224174534108,0.05231209722525248,-0.02655213619308271,0.07747785926487707,0.09605052647309072,-0.06379285072397872,-0.06369104539213531,0.02146727772447908,0.1127615311408193,-0.1282287429339542,-0.01833929740426216,-0.03818103305344262,0.04622150567139953,0.009927308345873298,-0.05091476224704464,-0.0754546192007887,0.018809579744679096,0.0002955017536902032,-0.05787851984797234,-0.014954392296996077,0.12427154457068829,-0.005455546864535701,0.01808535622838269,0.04364126554292733,0.010473717286459934,-0.051716936731995615,0.018572751055928493,-0.030676408939671374,0.031142678999100327,-0.009332344404535037,0.005258025067647368,0.026676633846158992,0.04289735628233053,-0.0835195021732448,0.04955217058593888,0.037408896460353294,-0.047743821836463966,0.04297319682746614,0.09999675122944152,-0.03225573483590478,0.09525636685293894,0.08509626817993607,0.05399059027845073,-0.030095690513665882,-0.17579012596532692,0.03783351676758677,0.0014011493521045037,0.02264592395008957,-0.03945996408846019,-0.007383879386136136,0.18027284977489716,0.053806520532970886,2
0.12360302924508063,-0.04267013961740391,-0.01093870558645962,-0.20448008510450932,0.004621541845693278,-0.13589180135914852,0.0963681901406287,-0.3235463232814594,0.04915276833312377,0.07241868050023302,-0.1722937913748903,-0.3820990610204748,-0.21414052245979998,0.5139451313115727,-0.03821104319751296,-0.036338684952481895,0.10688676275354367,0.10161479945004702,-0.0561163765349383,-0.0567704772474894,-0.0004508540843034202,0.021656022906480287,-0.008998421604262036,0.05381055055937537,-0.014757488959164131,0.08486439809831155,-0.004324570226604141,-0.013055418817195342,-0.06219454223718054,0.005224957875489808,0.024214243542466107,0.03891667460199349,0.01651289184565663,0.026362158251332583,0.03294673484253523,-0.025269198479978418,-0.027494656371718842,0.006900141646159023,-0.04731313042266153,0.06681847614253046,0.05061743637459625,-0.016701216352092166,0.0027699673446169035,-0.027635422969499737,-0.07276573131104812,-0.002683208740916559,0.0011145449428729519,0.013017079675864626,-0.03919351787475313,0.03202849331682066,-0.046018341814274465,0.04339724068157732,-0.03028191113446153,-0.053613947404243,-0.05798263812567148,-0.054092879254256626,-0.0465769288442416,-0.006958758742898175,0.03497219329592135,-0.04585647667668938,0.043339206700089734,0.0354720952536211,0.021195137582693955,-0.033415368711895245,0.019573833886366365,0.006164730146886335,-0.03435133471446784,0.02508724587141886,-0.002201670379932161,-0.01819853841336558,-0.021199121133940395,-0.007353416366323125,-0.019831719985631935,-0.0372580239706362,-0.014263242431049152,-0.00799684683123711,0.007731316755122914,0.012046795447707297,-0.008304267922591174,0.026870190877076903,-0.004897294027496562,0.01729376569797537,-0.02584998893298433,-0.0005196249934783041,0.03223872083642056,-0.007866987496290362,-0.008413089751086013,0.054753798484264746,0.010362285829831576,0.007471028784542545,-0.0025197417983053136,0.028869224058377788,-0.00449039957353326,0.019668794922909433,0.013316336187735794,0.02827198419402899,0.013321269370490838,-0.008882469663141306,0.0028334182745052886,0.004409502912995356,2
0.08832525054336204,0.30858990486128507,-0.1193953272175711,0.147174684815721,-0.16394584141365445,0.02662259305714822,-0.12178160929763994,0.06352277687148297,0.04102603539263283,0.02519047870453684,0.0056195050110626095,0.17669872169193268,-0.1768087295016238,0.0684311653162637,-0.20799700322333542,0.011930328552653663,-0.05664612502323476,0.046145371203569534,-0.019865200646589316,-0.07722763710777898,0.08561160914356672,-0.1492815204073297,0.1642548551172968,0.11304985641106491,-0.036921637903845644,-0.045447942558755824,0.013481361261342606,0.13249063991375712,0.057170440560447025,-0.08536803749105144,0.140805436281618,-0.037047483134739274,-0.001120522213852304,0.03792307199819983,-0.12493882001225123,-0.03941920614644793,0.14048694665095973,0.033302843736347496,-0.024989180418906135,-0.07166480780086334,0.09255075736959047,-0.0027794084901648143,0.027627462509015998,-0.0120916228652474,-0.11247630956000086,-0.08187994947670255,-0.007466290529659214,-0.03159880951565396,-0.010950536459756268,-0.07074660349228418,0.01821610056025267,-0.028334447069034888,0.09874318217783716,-0.06978244373597332,-0.053480421692336855,-0.03458003036051637,-0.06831157113921787,-0.01096366533851195,0.05539441352604889,-0.07036107805520504,-0.01948275791399295,0.014250445361373425,0.06939313341691855,0.04871034518007891,0.05535559154513765,-0.060345522392829726,-0.05404170812713674,0.017421436792626668,-0.05138828264331184,0.055748172668385394,0.06736687961714366,-0.056036736294136844,0.07643824467395602,0.05836324245608037,0.08703991314487103,0.026021255753726116,0.06190752289577654,0.05633796296485781,0.06160612664942466,0.05067273389877499,-0.0175879648021542,-0.051770158342838817,-0.09792635155965361,-0.02493875629508247,0.04291198630797117,-0.005249682819416643,-0.05338167833951149,0.06881721383253331,-0.07896310717384104,-0.015961853992378122,-0.06184361993210494,0.012662361772206848,-0.04885200834175785,-0.023598007771935752,-0.06687512281258023,0.06391519239653567,-0.016941395790723103,-0.0758198181888944,0.046466466682296446,-0.008386669936087731,2
0.07318719003177095,-0.01092513222462839,-0.028635636185938115,-0.08639223589472897,-0.06745362034461477,0.009866054959602044,-0.10528539939378083,-0.010387199424113182,0.07091902391503052,-0.08335279811707745,-0.09457847362657204,0.09778765188618906,0.01416122392804601,0.05404585753413092,0.044082029590930674,-0.020185855299621917,-0.05331666437036574,-0.19748211270031907,0.04927221175898483,0.10596939851033124,0.0912602219532506,0.01585289359246894,-0.17041450279288073,-0.04453581456988543,-0.09240364313768964,0.28456596049748645,0.01671161189248901,-0.052230610170213645,0.10777582481428327,0.3440749096254761,0.05746861793540764,0.16354659287556336,0.22999290210714174,0.12697571983304431,-0.1507616241054886,0.21375926577698862,0.019823236549632382,0.145283838750003,0.10475153016534818,-0.15895552204057678,-0.08522606585692122,0.06382386268783495,0.06521095726678493,0.047131003251318714,-0.01448399607542198,-0.10498997770634964,-0.026202892125416807,0.05465923433074039,0.027468724446065716,0.03528808559403373,-0.04963262257254413,0.03402201805844781,-0.05330295069677816,0.020153619584946644,-0.04291851970340148,0.0016566475714957288,0.00450310638851672,-0.06266042034528505,0.013398136665237401,-0.03391143132122866,0.010407884722293197,-0.014813666928761387,-0.03755032500820515,-0.018468055696204154,0.005617064260650478,0.05142655938055467,-0.032205109149396005,-0.058624220703861994,-0.023341493580887145,-0.032570334665822556,0.022243999437409005,0.006553149510171916,0.006143945618298938,-0.056906843965806364,0.0411195312586218,0.0014418040193642677,-0.009362677548705428,0.02288510942303164,0.03988571608408489,0.013659441406641073,0.001169653418945237,-0.0468267108624795,-0.017912760262090127,-0.020281603037803013,0.026696850405638125,-0.038045097730753534,0.03393208036764115,0.022751535675376276,0.007564162563803083,-0.0033176036708634786,0.06498995647269427,-0.04364735849088819,0.02063100901945184,0.04857582857646319,-0.022158046457807595,-0.02490482649319396,0.030231360356406493,0.0006003793852930073,0.01691087704435907,0.06388460767761603,2
0.1727628102418043,-0.07630931205909873,0.0010728072589948879,-0.04655176518843587,-0.2891661443481155,-0.11336114434415535,0.21164421860109234,0.2339280177337078,0.06157718144813978,-0.01480690967255917,-0.015282931561279252,0.26154613811698607,0.08286459875101915,0.12317855297897977,-0.045718728974325,-0.11256071813361497,0.06548788414530776,0.17536122163375853,-0.09907908758756084,0.026112410796492597,0.02612199309576685,0.1963719773547642,0.023240117130484905,0.07063658706382908,-0.11973274998806802,-0.054005494212618216,-0.008920890078757047,-0.10304186645595109,0.03210393633851656,0.06158175486133444,0.06687713487459201,0.03303257347501836,-0.019761636974043734,0.009714987313094404,0.045220812350928084,-0.14402122019250874,-0.03545691457149453,-0.060486820507966804,-0.008320315182244022,-0.00428234238155359,-0.03503400723060937,0.1708200122109321,-0.10784021851860659,-0.021434115895707703,0.004505497722123947,0.0025671459134987396,0.10753007420912154,-0.011404456755578276,-0.06328718067776253,0.06412707179647709,0.0011289052589145223,-0.08814358841678752,-0.08747789592898891,0.027521391954412416,-0.09367797354225739,-0.1469107796394655,0.10777433164009119,-0.005506030755092149,0.040951939384592594,0.07360382755562575,0.0015244471047113379,-0.0013180393375569633,-0.1574292772158495,0.028030495011443446,0.0008471146476108912,-0.04841972700986671,-0.05320600449619994,0.006834605665132559,0.008945433079339541,-0.04080490859290689,0.04240962152442573,0.03715408228071086,0.008439455479070454,0.015432192324806705,0.0988656397514954,-0.0015935430926530057,-0.044982470608198155,-0.031057512793323912,0.00626493242375057,0.016565053798828836,0.0381372070793429,-0.01931600403762956,-0.03847161599781959,0.0016162651786216411,0.031258110509446435,0.030259955961714737,-0.003948835200759269,-0.002928946818525778,0.01462038184779443,-0.015183302471109012,0.034695733590138694,-0.029261691074510755,-0.07256192364823233,0.009560394749889754,-0.07469099412578215,-0.006077215116843583,0.012702879155876477,0.018989278596841422,0.00029711445379227146,0.015385223925845824,2
0.14442942900170708,-0.04729828449546253,0.016271733076727406,-0.10095613340296926,-0.040224136859108875,-0.020344118493583373,-0.07956500582011349,-0.18147126022873442,-0.08414179872183927,0.0989179250478865,0.12707200196001728,-0.0004254101138003072,-0.106098692458054,0.047606142580455674,-0.001691186516681217,-0.02494153463102087,-0.07371872594664311,-0.08866962989983299,-0.0036972439970894768,0.05622800257246849,0.03530977104383505,0.0669063278657741,0.07061715567896064,0.00038510601702089063,-0.06163659548283765,0.07362822135822841,0.02821298897769262,-0.08488935367919127,0.031298668989749166,0.11956804949367379,0.11070458281930087,0.15222261178593485,0.0467794706738871,0.06855783323938605,0.003436385394124754,0.00168761992875014,0.0039707884842944,-0.01232435843694377,0.16705013096557353,-0.18209406591457397,-0.20150096723837374,-0.0559286411136412,-0.13086801219315966,0.03196960134349454,0.0534266082807446,0.09712396800946421,0.005189623469314715,-0.037921661033538334,0.14311753401196872,-0.16435565586707093,-0.0009780215729758414,-0.11602902882897619,0.10074643615859116,0.033428326545172735,-0.0022969159959916247,0.010421465992937763,0.05588069668490934,-0.01651074378647879,-0.024553240386321607,0.0065780288150369005,-0.03870302494870712,-0.051413829843697426,0.05328993383510981,0.07055021249716564,0.008367646198596273,0.09251912647396102,-0.04438910028992184,-0.09562662328117554,-0.07615176538248879,-0.07281809786038061,-0.12329342108879673,0.06554334109604132,0.06758090141895458,-0.1651453989177166,0.0336833047215799,-0.0830405358045544,0.08057789398918949,0.007440464655798103,-0.09072858471160515,-0.008192467979090644,0.07821095925738229,0.034565887030155035,-0.05042707475210579,0.07336099970843421,0.13913058808504564,-0.07530434916287368,-0.021845131950505536,0.20531462591620378,0.030476537770975726,0.01981414455938485,0.01693615987851225,0.002999136645143514,0.04769285651531053,-0.07506055095773614,0.053196019690769106,0.03944618557387366,0.14588556873046893,-0.056506432501407446,-0.0343856230367995,-0.016705515578522796,2
0.03730373093328839,-0.02478245866420709,-0.01802820316114635,-0.1009626185157963,0.10840445286714312,0.008119736813228685,0.013608560712510924,-0.02205513646043251,0.01653771091735917,-0.003569350454491499,-0.040061686045886905,-0.0013201034199652318,0.053063441132830534,-0.06088302501798376,-0.020081369276206712,0.08971283601247096,0.05157781247890442,0.008571386607363,-0.048338210673464936,-0.06795724088598909,0.02260848739890205,0.028833325888318457,-0.07823966691669254,-0.1331303023612651,0.04249612552327105,-0.09778223289158262,0.021524411516795496,-0.006975422058109675,0.12179287489621834,-0.08730959013317498,0.05102088598827839,-0.06912805961089645,-0.01956479161195413,0.12468305669290358,-0.11908717281171778,0.02200280038538897,-0.02764657410988583,0.1853010718350103,-0.14914953006379206,-0.05363952573538866,-0.11139597562853454,0.08194421607996857,0.06949148002795164,-0.1092645060653823,-0.00373448583127208,0.14282735086999504,-0.1666025787041488,-0.03163660941942061,-0.09340563108342578,0.02024365865778168,-0.16968950202189748,-0.01667389959761026,0.16122512518506704,-0.12429715830184516,-0.022449529071851514,0.02888899220865394,-0.022886606684686554,-0.03921066695188947,0.3155960253179474,0.13597773185294146,-0.1272618650332626,-0.16661142019469807,-0.003614833118291821,0.30335438787446295,0.036764977851573975,-0.003011942699138342,-0.11917752357817071,-0.06069370973167126,0.06025986792353409,-0.08144164576348825,-0.05167625732273086,-0.043682864568233636,-0.09542426856023828,0.01846239376451589,-0.08186369412400342,-0.03520394611191926,-0.07221988872260386,-0.011311759818707592,-0.0912342577096172,-0.14855410492342572,-0.05968082180040938,0.05965684076410111,-0.1070188348240269,0.007194282519182796,-0.04622000036602493,0.02528045559869283,0.11002887814072909,0.06463730643995218,-0.03959584036743167,-0.06294892028128846,-0.03348168232470566,0.09958633273736726,-0.16104566199080883,-0.024051820585277207,0.11433604727354815,-0.08374537062970816,-0.09832101403293529,-0.05154772792387183,-0.07497459889104213,0.1497877288749944,2
0.10124498157290615,-0.06968808951657347,-0.02453593387858193,-0.1789588980189062,-0.11360713320845651,0.00035843411736626246,-0.21124837791090773,0.022121797824921532,0.21395756899167115,-0.16594204746694477,-0.21800882049370032,0.025959884077219404,0.044954270971073115,-0.04480545453556512,0.09241447998522828,0.05117209311383846,-0.02715036740415563,-0.13760853293951245,-0.025425916744553086,-0.012813932883991627,0.00020631178854133795,0.11812952066890775,-0.15898828541107138,-0.07476732694360609,0.0942477300713085,0.028522346454730292,-0.012860574751578735,0.030765772461214765,-0.07324902522143384,-0.0766603576189127,0.07128232404621553,-0.015319676764740256,0.06785306500418546,0.002114470938385501,0.05020617884360395,0.025760218962141777,-0.0019164097374594381,-0.12359766903713082,0.10197300770254417,0.06439568559546859,0.013245664922762935,-0.09592188840879098,-0.06339647554886299,-0.1307685204087119,-0.04271364998392315,0.013890738375796591,-0.09519359476250472,0.006465135998758956,0.09281705350695957,0.10971332727715229,-0.07167351957192353,-0.06532951914956552,0.00527849735985404,0.09780706170935709,0.03321879544579897,-0.015568533183976349,-0.008933653173940256,-0.11875886809357193,0.019884212759783134,0.02033653302782287,-0.005219329263498002,0.007447511001408474,0.00018059267024774476,0.007617741934540237,0.09110017809648423,-0.02850185795399815,-0.10260735910943652,-0.010748660108181887,0.01729087683885182,0.12741038604765145,-0.008025437951824818,-0.0011962491348653694,-0.02791456761339695,0.03543890409043098,0.0396160436619645,0.030101384557309117,-0.01176132402602449,0.13929776518970036,0.01756390812787682,0.018040409457628317,0.025282462118749995,0.03835879494954204,-0.1069334550098363,-0.1682673327747828,0.03165233527942135,-0.04305051675614416,0.022127927266305716,0.06286662887866452,0.03154074932233549,0.18016982891393282,0.1020018866488674,-0.024353892767366467,-0.06144622477632196,0.0583941677276843,-0.027546037043768696,-0.03660815550588334,-0.08112003740108373,-0.08729351361001257,0.06443020004298702,-0.07267646912157519,2
0.13324349874382288,-0.021989017449399906,0.007982373977839699,-0.051489197535253196,-0.01629258437946269,-0.06432905339044223,-0.019347713437254867,-0.4734982937435736,-0.2729772236922978,0.3299002982522128,-0.17741467376927889,0.5091403679958909,-0.17169863102613167,-0.15870881037143839,0.08978696132087935,0.04748095533679849,0.1554866150306254,0.036602390098820506,0.0011189372064790122,-0.04343501612188346,-0.004029357617975477,-0.0030610775038529842,0.028976005063377268,0.010476589101952994,0.055414921908237755,0.035959145904566794,-0.0022395559153328315,0.018369499838926242,-0.08424007726785163,-0.03499100377810561,0.004982450019724345,-0.009025371481966749,0.007913846633216233,0.06054244441340172,0.03385920553470035,0.04054783224129527,-0.03419520348810785,0.007055542924344249,0.023517964375370588,-0.0014687861919974274,0.010594432896276517,0.015041196087499287,-0.005025743537393909,-0.010400948699819262,-0.006630525744570143,-0.018950284780585528,-0.0011286654334235625,0.008153214195904207,-0.04792344360002769,0.013126183264991174,-0.01420670919801003,0.018686604069999217,0.023336159727133723,-0.0004473285484590374,0.01397111926971769,0.011472045150052013,0.010296704015901796,-0.036857159490630564,0.009025368716844312,-0.0018518823272525961,0.018710701058041415,0.034800584917043555,0.010079201084824728,-0.009738589729712092,-0.0028903011452879805,-0.005760645753301275,0.046120954194062314,0.01724119692777628,0.04493077410107165,0.025254421507013264,0.00978378130424111,0.009527422131011553,-0.024326997272045767,0.028610665087356154,-0.014857109983951683,0.006843175752831435,0.004880907120788284,-0.0035357479242809665,-0.0013200802072894826,0.0004699332442127283,0.00834280033921394,0.007116894534411595,0.01859814389639683,0.006104885468142823,-0.023193441708726083,0.005453435220868484,0.014513289623811536,-0.011142481124300222,0.010003833982482927,0.0042053759031167445,-0.008613008600088144,-0.00959620722426575,-0.007158890465017485,0.015742829567148505,-0.00017480835958121198,-0.01634299629406263,-0.025537660416163198,0.00883186331925611,0.03133381113160099,-0.017411642170801465,2
0.11719430367493554,-0.051640433343450774,0.017241191869514828,-0.08628236607397077,-0.04364850707237577,-0.019976885168080424,0.024561266636230768,0.05520931135290593,-0.00947165269006109,0.021849689779771548,0.0019383900058978865,0.035895255996452186,0.0754808029757294,-0.011852606685099664,-0.02572058130037988,-0.09344013245706896,-0.06703278744305714,-0.03627853092856461,0.009215767815064009,-0.012070568445119653,-0.0004880816100048275,0.0404355170174486,-0.015047457978606956,-0.0073597738905792146,0.07290550633281957,0.023309636388354652,-0.03301333993028569,0.22033617571338837,-0.0931808216341134,0.06726593030174875,-0.06950553951689865,-0.08905147940947138,-0.019593637003069424,-0.0981701507419297,-0.05145959463199211,0.016217955376999015,0.30208003983965875,-0.21445903639211317,0.08653894760806828,0.057906534626658235,0.017807911979992385,0.0068324890378135125,-0.14833927899384636,0.12923870423099842,0.029402916328587523,-0.10823897885215239,-0.05068234128465818,-0.047576378528786475,-0.030750083520258018,0.25867265834909525,-0.21759938798343498,0.09274115200770663,0.06077713841905845,0.04608768112448575,0.1282259894846864,-0.061420201319787655,-0.006430955441868548,0.04593642797081822,0.13512970333228883,-0.0072404931449107,0.024518473703024474,-0.11929194154578346,0.013104510602555018,0.03853096315778964,-0.05959521257682496,0.07520762168277308,-0.12368451161921228,-0.01365410022142308,-0.07624640998786744,-0.016016518995276334,-0.06233537995264717,0.05677349316974959,-0.037381394258552886,-0.004519997728079628,-0.02327668823766512,0.00979437704499007,0.09327851672396704,0.014288263510645093,-0.14008436382291817,0.11021256391901657,0.04382067877720476,-0.06548691682915854,0.015198770572315777,-0.012593084790837188,0.04073999378652872,-0.18326321735370663,0.01189162627779207,0.00754312105855782,0.060390886883017816,0.005869018240091377,-0.1783833641599047,0.02235022492865056,0.04158041693071941,0.1422639949015641,0.14526920261951154,-0.14216827086727626,0.022598414030998864,0.07713452460319932,-0.02612704734777104,-0.06334277470859635,2
0.130136592280607,-0.07370760422399267,0.001231892639020723,-0.06527991262805749,-0.17390644516069062,-0.10596311943047948,0.22618856722322384,0.14286373921840198,-0.0027827093304622426,0.0145991391367093,-0.006523038381086717,0.2069362031337243,0.12027119973552892,0.039897719631394955,-0.06261187037670937,-0.15520543533648734,0.07125482804808042,0.1525506272876963,-0.09840116756452742,0.036586128898425566,0.04486532859832323,0.25721372468709064,-0.04986472026325552,0.09136078360600348,-0.11611753460898276,0.01742235964047756,-0.0134410260880831,-0.08741770467109489,0.04049848074564694,0.037077422553992365,0.06355028721111673,0.007714886369630935,-0.0019989511081500468,-0.004584603853151032,0.040651469914880695,-0.14229222191409283,-0.02832050287382555,-0.039281056474187136,0.019938776004315824,0.013808503683469255,-0.0294956357787654,0.2065064536040875,-0.0729362695777463,-0.10467181759133282,0.01923135335123693,-0.010491721100621035,0.07477995017147872,0.0008830530450117539,-0.11684381091788147,0.04045909856509991,-0.020696085509131556,-0.15916635409346483,-0.1094340620150448,0.05889243905416217,-0.14207256196223625,-0.19304924875961516,0.08630512266909102,0.014609485579579536,0.0604909444522788,0.02245423834356387,0.013051974745397462,-0.009454627248423336,-0.14331327528885157,0.03554249364041707,-0.04835448897142364,-0.06187597779642278,-0.08927489046580729,-0.06908361304836474,-0.01966872785620418,-0.005594437026866185,0.12419024810820599,0.1112595172437409,0.023417937420493466,0.015818360513858043,0.1360544195500676,0.0013981893443689585,-0.08175345499800651,-0.0428380433351222,-0.011220781105632023,0.09936346785633944,0.052855951325408705,0.03423051263086216,-0.06596600793080888,0.015028221727191598,0.08995715125544453,0.05832249090937491,0.01281465691125992,-0.03055638090511141,0.072665163276763,-0.0537693707526824,0.013142059883150403,-0.06378118627545801,-0.0680317855393978,0.014983060768700006,-0.0004954288381937757,-0.04775535058801958,-0.06410550829591209,-0.023195389753657897,-0.05623889278360337,-0.0566769633347368,2
0.12030401270069094,-0.06117823131109253,0.03113157889919492,0.006644731842701152,0.08731686854412102,0.041483170001328964,-0.045256174501871256,-0.06172224792344431,-0.012853147204657822,0.016789276543604324,-0.019046517819951588,-0.029108115992427613,0.060477108368114596,-0.02655000905135292,-0.039397190452069505,0.04121362002556711,-0.026584680037128848,0.06414393627489114,0.024379772448264603,-0.10726160337299061,0.03715217104851878,-0.006389562578707349,-0.04893025051995496,-0.042689612528358845,-0.0065669659711413775,-0.07369738271045734,0.0016992330004160555,0.006489913469499228,0.05530966374813296,-0.045088719915686394,-0.04072357880409097,-0.1001680874637634,-0.06127137483471498,-0.032336090186349975,0.019296439569506108,-0.028084305106767057,-0.007578274639535612,0.15487076599561336,0.015445434399970748,-0.1875454950425246,-0.127448431634984,-0.1142346546483336,0.04195534953082388,0.08860533282064417,-0.06206505242769176,-0.09739762585048888,0.07154208445779837,0.06484530109678843,0.04434013798672908,0.07025385531320182,0.20644912561377454,-0.04349302463103255,-0.18763813913751962,-0.04988043436741571,-0.04892116484980798,-0.1845403876849358,-0.20444092949740822,0.02575689208477971,-0.12712485607222496,0.05371976332028956,-0.08371050789368153,-0.06307041109458655,0.04198143520959966,0.017276810022916,-0.17807783892432605,-0.22007021603199137,-0.12335025542534493,-5.9911572449722454e-05,-0.20730473358226092,0.06318225953983293,-0.019225337442460667,-0.105316277085929,-0.19090127326503967,-0.023525165169473134,-0.1532900119688777,-0.022263690778897532,-0.14308844316732372,0.002687447245165895,-0.17383459338878826,-0.042527306346750914,0.12690655314962646,0.037740028291261093,0.11715780804116038,0.05067052241244279,-0.16963448531854444,-0.14616173621285775,0.11366354571918516,-0.04547032427134664,0.019243820342265076,-0.0014961264821658946,0.10311257461891019,-0.1305779309649109,-0.10472083547937179,0.11100667503371335,-0.08851708541134504,0.0902235673962886,-0.061311157922497236,-0.00963870734053562,0.00822223629283823,0.08848549810641235,2
0.11928723716602865,-0.03490733222485128,-0.003561668946107943,-0.020703899484365372,-0.10696834727520108,-0.073702588037515,0.06679581372138177,0.02536929712395707,0.04735033392707645,-0.029218871627609482,0.06794091708990863,-0.027187376494194615,-0.04494473520548479,-0.09785071056121633,-0.045832466920953725,0.06910639130088911,-0.027118776755299893,-0.08137295656525062,-0.03368918400097709,0.06257793306530203,0.06884563904330933,-0.005586268636306815,-0.03884096163765616,0.032501728181764694,-0.03195938113543756,0.00612987648515494,-0.028673703476745593,0.037669306680714,-0.030229774255326778,-0.05568303787967132,0.12126729686766767,-0.01364692095347545,0.07745469985743275,0.07733107654727996,0.015692874711116748,0.003660395803624956,-0.003190636724016266,-0.0020404416541125493,-0.034356906894648286,0.01792213474301933,0.005443862281690052,-0.0276423525268357,-0.16013802823007717,-0.10017412834729075,0.012415576028241965,-0.039136959276803385,-0.053636129173799355,-0.037348060598520576,-0.025460133284464507,0.08509242390681766,0.09698036772920213,0.019602273320297615,0.16240958653030463,-0.045076082103789016,0.03977750531880226,0.04120601516903695,-0.032758601245593294,-0.026571624723997243,-0.14121952857970713,-0.19168268904945043,0.09324863001574937,0.07630320786934613,-0.05057099615905919,-0.1407699146528343,-0.02195735891768901,-0.006074403124604767,0.08729039095908836,0.1897118110516285,-0.1313931175704153,-0.1847719398454439,-0.1799324082123793,0.14073661843887353,-0.16230975625221508,-0.009369376613798695,-0.06181590473641508,-0.18729755143874063,-0.2677473498549908,0.022178616012018593,0.04350539055000849,-0.08590795780727097,0.022164380389190833,-0.08628670560867194,-0.10105499362876481,-0.19012314077043962,-0.0687821711478355,0.030011185164423526,-0.07256671575451862,0.07623841113040841,-0.1563021567840607,0.062378429257486115,0.010608082037842432,-0.03643575161169754,-0.07200009670463502,-0.09927778254895618,0.009748371792103517,-0.12176666314040878,-0.07972352825395566,-0.024243030760757827,0.056980700549574465,-0.0040397422375936685,2
0.058478004765592576,-0.039388277500380424,0.007275942851987662,-0.07098996523614133,-0.033288154293116386,0.011791966455167837,-0.043144019374992265,0.01756193912924676,0.012001336353965312,-0.02400287091515033,-0.017119555635411603,0.027017115253246328,0.03787094157789792,0.054632642166674135,-0.006669557503455321,0.022640721615110805,-0.012534096167781679,-0.11565577196487396,0.0708903746518271,0.09558084728233544,0.05093214477251434,-0.0724025296005804,-0.11735093739493385,-0.02420636737753317,-0.0703445186277065,0.29987907584973994,0.014441115108920972,-0.007570056499781164,0.13163293831991738,0.28810408704605356,0.14710875342183138,0.20760586449454188,0.26844195311240004,0.12073161455629734,-0.22883099799573867,0.2025739133239903,0.0413579980129315,0.1673780739492386,0.07042232840859841,-0.1658530561271821,-0.008671339318506848,0.09861160401982129,0.17362592131532587,0.15710087112618343,-0.035166511579903,-0.163635082311076,-0.026447114817995415,0.027665436533994447,0.04123153121672972,0.04384911645132464,0.0006424313059635227,0.16685223469421584,-0.05296685121271956,-0.0720035562828321,-0.06585303812140848,-0.01975101107904269,0.02293981744288757,0.03170956167067362,0.015495788545573543,-0.030282250664904486,0.03019759771811794,0.016891128612783194,-0.10416995770174074,-0.04443194793610338,0.006667683435287298,0.04558641005718249,-0.031913480944066534,0.0582413629398624,0.08233393547593704,-0.020620254508295997,0.06690010162804233,-0.09541237882609473,0.04714182310383467,0.035237772938544853,-0.08979148148222833,0.042012080353482834,-0.059554508927930315,-0.02915264983878396,0.02006347722368581,0.034420106987631864,-0.023957778477631426,-0.0062135570446998365,0.07389309214741023,-0.013068283931514383,-0.0534317980027669,0.011000313652015434,-0.020604519553174418,-0.0917358248023674,-0.016240358206590373,-0.014013459230566365,-0.044682612852789974,-0.04882771411733053,-0.05871924584637722,0.027509028018643536,0.01319987901259724,0.0014028594745685399,-0.01892129152813248,-0.02027378763084871,-0.013248928847209254,-0.052798957622944565,2
0.07240404628869636,-0.05476808611576841,0.02389565022049812,-0.20590518989271403,0.0003570043210341718,0.021064252368737952,-0.183161465178493,-0.10232247223121904,-0.09995097956963503,0.03500608413890415,0.3032262187126848,-0.07933170198002741,-0.028349873926036558,0.062172513306231254,-0.07123163240165686,-0.06716202903102537,-0.17743878347223901,-0.03897252780033465,0.021816883100006176,-0.004294424103059397,0.0028679532815735044,0.1549730946606067,0.08306893266188292,0.02017093567883319,-0.10055879613296702,-0.02785964294689933,0.05725529121372153,-0.049510262482391154,0.024953587159378298,-0.039735920188949746,0.0366262117602187,0.040501075929137875,0.012616210155889061,-0.06305184642491014,0.07212595491699844,-0.12843275774435728,-0.036193132961906606,0.002140712026474345,0.058364497634426325,-0.13828946622802843,-0.10394504528933547,0.05377155574435141,-0.11809338996617853,0.03231145646171068,0.2655330172923618,0.06003070535815504,-0.10227144351654033,0.01504725117169384,0.05026313235912936,-0.10088847250926172,-0.03051962690841934,0.06334344554795425,0.08108088214780823,0.00808000872886199,-0.011229938753724121,0.021003911642336722,0.0035972711032395206,-0.003339511455236273,-0.06408200169714583,0.02403949746874002,0.03376274204176944,0.03762585673260478,0.06570825337710968,-0.05267028800231746,-0.07394660297819751,-0.09156973732757998,-0.0010838519045253889,-0.1362172911311554,0.02319948516245379,0.08208897387782978,0.05538594207568391,0.09879328762839142,0.020093209365782905,0.06553371165377588,-0.11519161974510603,-0.0435435729239364,-0.08851304031645049,0.03857577564268682,0.09985418571800103,0.06329105978146554,-0.004432864935188223,0.022485544815131424,-0.02122855601618908,-0.0419279772946268,0.06920853538269897,0.0030141473632936213,0.0327162381143995,-0.0768685985432537,-0.08056934519988683,-0.04678934312495077,-0.11076163307714852,0.060584685650986694,-0.06545703873667674,0.015363786678428516,0.0020216861527186996,0.036401838258890706,-0.024101096660398096,-0.006720821289570843,-0.009402357840874747,0.022995202477515794,2
0.051832305095133174,-0.031793005946873905,-0.0025658968357469623,-0.10369636602917688,0.01904396222639831,-0.015171130812671242,0.036986658146460134,-0.030091012705476625,0.01792898394592714,0.03155726780983618,-0.021937872629171764,-0.11989392939820673,0.08588406127236732,-0.18725970554255253,-0.32213691792104565,0.45183804041295617,0.1181543980108555,-0.017995542318624956,-0.2132482189680794,0.3494766517178535,0.07780636009205578,-0.012343820922211108,0.11474658614365443,0.07898420651491077,-0.16803469625462206,-0.00674081247181314,-0.07434400850602126,-0.1046466410009409,-0.20239290134549023,0.06629030067973242,-0.1559921585292068,0.006385017316234376,0.06115537997713747,0.04730727159333933,0.014540762639324798,-0.00826390414550494,0.017734280340444723,0.04217955930051213,-0.04735267994327306,0.08576708225256288,0.004779135986663327,-0.02845515261303257,-0.026334785791801877,0.013672249542699006,-0.044186161988975875,0.002835777521871231,-0.03513211514495888,0.01361874928771087,-0.0009715743619826874,-0.0033699318854977416,-0.0035570925167702733,0.004177608847788447,-0.03265029572039771,0.04988384227762854,-0.008093739085004553,-0.004223834844980236,-0.009910013916900424,0.03211665533137065,0.022634014749922656,0.036554470011497565,-0.022568629140745065,-0.007379194994575262,-0.01561612866847564,0.054720913915123064,-0.04730142398015793,-0.007174969228084796,-0.008899175773373364,-0.0628898854763265,0.015566059752522513,0.06328429183667458,0.07055302988447855,0.00047443364092620714,0.054299881974161385,0.02368775397611983,-0.010121346129530804,-0.0018556948219248118,0.04661622467398763,-0.015415882011886551,-0.019987329680736337,0.013254927313030412,0.015471407176316208,0.04397812026786787,-0.022536242372537825,0.06977691134415018,-0.02415525745745354,-0.04066654509764403,0.00682012140822509,0.022540423570042784,0.028292945440889724,0.045090054961876735,-0.045727058476824366,0.014601281304167045,0.0011961719537150694,0.0012072594356737762,-0.024358463764164062,0.019069540571945737,-0.011285436305800225,0.018665724169713536,-0.04137082697770229,0.018852153890189304,2
0.0923253419484176,-0.0760457629544395,0.019379631487240888,-0.18159781495361524,-0.011459123143552259,-0.013225037655433725,-0.0628461250274961,-0.189869458495995,-0.15931356921312637,0.10475773827157177,0.16568178456080349,-0.014751564256291972,-0.0038437632504514582,0.028187515617135186,-0.10879968235818939,0.10312411388725955,-0.20047310829407647,-0.04909945322488537,0.05085513870073531,0.02887133454777256,-0.12187310488108127,-0.07697562229262528,0.08514877022617226,-0.05463467558062581,-0.04126603593765044,-0.11204802791932945,0.06341815989464943,-0.1766157520255281,0.16546424654837483,0.11483288090081552,0.026863394278887443,0.17860598655279672,-0.13415480454169945,-0.13551863550620208,-0.07857922442587183,0.09069705890294531,-0.022087100330239702,-0.14359786132942037,0.16594687885365586,0.026020728607351943,0.1079131285202293,-0.07342225356910714,0.03236239574894531,-0.21954711843529334,-0.061905005561260294,-0.01584877816078653,0.0629664985086311,-0.11306834599603263,-0.028316440277324852,0.018370602193741918,0.04605820763323675,-0.05058875259749604,-0.05711524173697479,0.08216054996057372,0.04396633413373816,-0.006648582544814638,0.07282193625049625,0.09927929642029233,-0.013584910735740757,0.003645077766377564,-0.03324811114662531,0.0171423451801835,0.0045610911152864815,0.0883487217754995,0.0678246217247787,0.0586806223834488,-0.03138943467779805,0.06156755418357596,0.05187510840704274,-0.06140159660113875,-0.045835200810692124,0.01074424204396915,-0.01621568986284713,0.04857666528885434,0.013036807707865541,-0.07056886009142274,-0.00417783359333925,-0.06338640333531452,-0.07088917084813073,0.029593881601327823,-6.376708678513725e-05,0.003587317642001131,-0.031707308563992356,0.030507257806969033,-0.0022472029295265233,-0.0023867220158136134,0.0361125495875838,0.01322545551224685,0.027873827726457256,0.026101619057879763,0.09087218113815926,0.0066297566318642516,-0.005922599687321073,-0.022274345573524076,-0.05820221187887941,0.026923060122287,0.0068411452321221295,-0.053351574084021615,0.0670283243880914,-0.017749536825407468,2
0.07094495022309696,-0.06846068072863412,0.01904062709234458,-0.17034582623785438,0.020883770619771452,0.023045351519701687,-0.01230099564589428,0.5996158453978349,-0.07785514574107123,0.6515043959258505,-0.1982953302692074,-0.05759717029841056,-0.07162319211430879,0.04941481313422831,0.06728945101730224,-0.027931478010205152,-0.06340583910894854,-0.04081516150010497,0.016013504886732033,-0.0048681370638380085,-0.028520642326760857,-0.03007202231615492,0.004144360181375387,-0.02723264543938194,0.013408101668302745,-0.01853325532155024,0.024645885784003802,-0.040629347228543104,-0.042293753500472604,0.006976627408172123,-0.05814543453557148,0.01912565002288275,0.020522023972886244,0.016104176751720285,0.037957738201984455,0.03072976560301071,-0.05343330727997179,0.0440390740717337,-0.0072008953608965216,-0.0004739981337886669,0.0007237490334829906,-0.005176358501410717,0.006323305200529525,-0.051191774859585024,0.013080769024680961,0.009313938491086398,-0.013258915798864287,-0.004120299322508244,0.03483106398774603,-0.0207624841481053,-0.013939936890715003,0.012706327376969988,0.009265452889585047,0.004970396019343224,0.026542241847764485,-0.010843930962599073,-0.01680813674976949,-0.0028335562597281002,-0.023690844153167363,-0.020017891430048586,0.000765094059392084,-0.007576239314119706,0.04163410555755853,-0.02932101575363841,0.02419486957550268,0.0202270841369882,-0.0019821883333485638,-0.03876956920106824,-0.010103942877880806,0.020255674172832454,-0.0099462775569936,-0.019141086845233402,-0.020471686379159797,0.009508407091815238,-0.004834196244072535,-0.0005394054962635422,0.006905864213239721,0.018954650916929355,-0.012151424537210503,0.0033768250742714444,-0.0009066825508919049,0.006255789938086094,0.002948149010500039,-0.004103975764487691,-0.01823890958859658,-0.012861548265316108,-0.011478458570230669,0.005130518070503482,0.0035555815442061037,-0.0050866589060335555,-0.008821396528702204,-7.728674631755983e-05,0.002567855262919888,0.0053588362261297005,0.013303055755785798,-0.005757674595647314,-0.016459208009323836,0.011856231162863147,0.014643302619971783,0.0004272308219980472,2
0.050084107688720535,-0.05462652523209296,-0.011054747010648564,-0.15726650504490325,-0.04091645080611492,0.0018664632853077816,-0.1409496045372076,-0.014563811257021865,0.0685082828591942,-0.06705754640782419,0.02122840768548459,0.009332397668250926,0.015034627653290266,-0.03139217816309457,0.06226989448808368,-0.013322456945084625,-0.027114375141850493,-0.035290419736915914,0.07253507876282052,-0.07064964732159688,0.01178022235171892,0.028038367562379676,-0.12799323697710469,-0.05207380752937204,-0.02577499391996151,0.10754019682586964,-0.04005363966854567,-0.06124123580476009,0.03320497359790827,-0.001910424228867883,-0.031567711002679265,0.0004985225592609447,0.08746121876295113,-0.011947312846692986,-0.005243357004045918,-0.040022826327698005,-0.0022741780629878545,0.10188042242560968,-0.09274307117433904,0.14987214661396922,0.10128501474907059,-0.22741399581726662,-0.009964819042513258,-0.014282860916883527,-0.020337873914546965,-0.027094929958866556,-0.028692445377087195,0.2697808489974047,-0.16330813218010737,0.007192371979458391,-0.18667072497716866,0.02118838805644497,0.04569657115507438,-0.06187498673672384,-0.11644926158905548,-0.2118790598523704,0.09717676440991639,-0.014567624431774118,-0.14674591422475597,0.030482719492798526,-0.0446580880873474,0.008345329811221266,0.02948429066119143,0.09302618541121843,-0.0030130166828572723,-0.12798843528339945,0.1903393553785654,-0.23656149957637984,-0.0319881995897211,-0.08027264532564826,-0.05308578178216379,0.020479383378762473,0.08495096053019499,0.013936661382031684,0.06493518030175495,-0.15207172993236878,0.09229109103594704,0.02344975588967155,-0.025260789859861715,-0.035728468342522,-0.022916660126757877,-0.09238626604839671,-0.05432341586484238,0.05654724115436569,-0.007873627392547062,-0.019607692024640737,-0.015783055618476604,-0.05568677864625486,0.010024444619352892,0.2119483648487114,-0.06345561510781271,-0.035528264531299036,-0.032544107263774914,-0.06777149748234094,-0.09922341627058649,0.0027630183531490134,0.03468949729829303,0.04327286347179304,0.038733527656538466,-0.03159052142022541,2
0.09124469153096673,-0.056773133838938776,0.017877252693309056,-0.16973126230301697,0.03749075445050669,0.01490338614814642,0.006710506443874335,0.5179172137022436,-0.04582687887237175,0.5811245940524388,-0.18768811011614864,-0.05068038154131947,-0.0774284532576212,0.025737598939947377,0.039566223844579404,-0.021149211085454037,-0.0414901602487486,-0.003404906966102624,-0.008379211975863434,0.012004456584973917,-0.04884288593348109,-0.01726771896813402,0.020886998017460058,-0.027596605782473024,0.03286615301584046,-0.012216084997498646,0.030942250674991467,-0.021857135048794434,-0.02273711666959239,-0.012089794948295167,0.014238991012462482,0.011471769246772739,0.04451027203912687,0.01837460638039248,0.03919513993883361,0.0026523378282473516,-0.033849134805181,0.042779622983639014,-0.0004850696847175216,-0.016545396815525214,-0.005517656914138489,-0.059148499005376665,0.04210935886622087,-0.002648900683301213,0.012452432185690561,-0.005752081111513614,-0.0042269692389204725,0.009456609937856084,0.0037034717386511757,0.005001769617899536,0.01642705709449025,0.029455869595284283,0.0069048181661135735,0.02743211978727737,0.004472746878385615,-0.005752334367005731,0.0077036627447344495,-0.004862257081432972,-0.0006228226302902447,-0.0006814264761254118,0.03970451021286224,0.010101873495612906,-0.004962074677787518,0.005199223751231763,-0.002509056382009829,-0.006314881269409777,0.017811093082256202,0.0023135245161251396,0.007933252645605333,0.004301033122875986,-0.01251334777386307,-0.004151860471919482,0.013464549199583715,-0.0040839796968421965,-0.0037706639934411354,0.012661955979029525,-0.008948356911127463,-0.013073200375149727,0.0103362288422473,0.02217909285174691,-0.023453232389545497,0.015548268687654234,-0.004709192129124371,0.007803221283044941,-0.0035356609005825304,0.0003337846749343206,-0.02130245312845147,0.00875167467302699,-0.021090521132994082,0.01406767703252795,-0.0008931597899886935,0.019464162841840257,-0.019692003530957135,-0.014297722416203872,-0.01544673508553541,0.03735870662230851,0.024919500621866406,-0.039547540938608926,-0.00018124301018172966,0.004888980685017529,2
0.04963312316853145,-0.05237735310025562,0.018365862258940515,-0.12359906710548185,6.246656387643083e-05,0.021767485141970074,-0.049394100559020486,-0.0695786551899244,-0.09489745576766932,0.0524417426534909,0.15341679068761643,-0.0378741782039143,0.028664168446984595,-0.02185715240235644,-0.10993839786398546,0.12219762161980759,-0.14909632672439363,-0.01642891074275903,0.03844101744891384,0.03436220486122541,-0.15387282116478118,-0.05239490591339925,0.09851109784845952,-0.07806754773967571,-0.029237204178689177,-0.09853397437054241,0.0789349886656202,-0.21395528826687749,0.19802452713116997,0.09780525696448734,-0.006706526140017677,0.143698810458375,-0.17854055443685488,-0.16496671228092993,-0.10640139232431173,0.16145064933899858,-0.026920067128041788,-0.14127989718202374,0.15189328844157313,0.03775154835312028,0.1828367034002351,-0.029394131276531555,0.1718696350899135,-0.2076289103954872,-0.14527506492297135,-0.07347967181512623,0.11575952730218787,0.02003246915330906,-0.14310797385028606,0.1290195613575131,0.010612813979104378,-0.09138798469831337,-0.16003216246161117,0.10262569141796546,0.06742264583728845,-0.045380109133858204,0.022612605057743446,0.07969694250852352,0.11397322239190531,0.006595623438146744,-0.010382840855236705,0.0014091582391362629,0.0013703490182792176,0.06085553162056447,0.030609227422940914,0.02260713873410119,0.029231585219834186,0.1714405718577465,0.06534387695261193,0.021985077771332993,-0.028104282640186155,0.0031730119653086,-0.07647678293346076,0.06390737834833075,-0.061277411131181264,-0.005822142152375435,0.0032230733429350037,0.030040414950103272,-0.0465347442358666,0.005190196131637659,-0.06547817048654676,-0.00010634313791665276,-0.0616903998066981,-0.10930732055521553,-0.03829393851200418,0.02160611810157929,-0.015310628733552538,0.0005454167824990737,0.010048943546635491,0.013100789186688644,-0.0714337730638266,0.027278587181528154,-0.01447577346371356,-0.020689936682467835,-0.017186572724504218,0.017579209122643942,0.01754996531839536,0.033359066329606904,-0.006607805168727274,0.05205339327064839,2
0.03282547971930704,-0.017087453554960216,-0.008054401958817561,-0.10352699858064801,0.0480182129560619,0.012265975371695352,-0.03218559106504801,-0.05893779997081295,0.01940290171466465,0.01776936072945015,-0.060138962595721275,-0.09317017517312359,0.09661502725290176,-0.10047375756725752,-0.11499650415366619,0.15492371316755554,0.0395830608686099,0.02536886076455621,-0.046386802735854916,0.004599177545413388,0.04603869756608897,0.06094293543543317,-0.19755115663883066,-0.027680721058902843,-0.010925761597922082,-0.15061421634529878,0.008687568773346971,0.02183920659687417,0.14792204755309504,-0.14901069475258857,0.26156892763370904,-0.06793687651864366,0.05156724636311452,0.047694455100991975,-0.017907067848514112,0.0820431308017045,-0.1280709857748994,-0.19722473635880441,0.022130706174222983,0.07454058977420983,-0.09880310481399361,0.045389940064153755,0.09241156861131769,0.12966793357434603,0.026680811203939545,-0.07916098063094192,0.12050846940895672,0.0632880774669315,-0.005170654163821805,0.0060026536096634345,0.04600438975809409,-0.061574896779459896,0.03758922032599849,0.01707173520781625,-0.002881354240748337,0.0024076604989510257,-0.11195897755491248,-0.021382828065176836,-0.16301733877284105,-0.021908976999441665,0.1287879044535434,-0.037135684971721615,0.08953570455551592,-0.06873616404168603,0.17636715745161488,-0.0051898218574374915,-0.056204766186239416,-0.12322062237385462,-0.021694041423409274,0.0353747204859914,0.0378946281903681,-0.03545857398013599,-0.00038648047498165793,0.026841634718249505,0.03200540219989443,-0.03207397689544693,0.04159890933127617,-0.020388614266993118,-0.15159938322017266,0.06411520291763197,0.033430225335592846,-0.08256132627542477,-0.03593100357041366,0.1273462095980052,-0.09106352658847292,-0.052138051890781786,-0.04396919260938583,-0.02235728140850179,-0.0375148878598148,-0.08073234669122628,-0.04561570373148059,0.12548281499663697,-0.08417633435450261,-0.13060988384241035,0.008899700029701658,-0.1582299197816403,0.16053312414981033,0.0013045015076630128,0.0860898770347719,0.1390550319096338,2
0.0943405759004379,-0.01601297241519359,-0.008308006857224617,-0.08667702852686905,0.09034740764855782,-0.011448698815787256,-0.06422483663594582,-0.06618314988821578,0.13183621061691134,-0.03916943564947249,-0.15701246633607327,-0.16729795953205784,0.11813926091626803,-0.2598436116804817,-0.0793211005019258,-0.11107179443906239,-0.02053656610099193,0.08794398846998132,-0.04549958062166426,-0.09558723858552705,-6.511506936113183e-06,0.018684289768501946,-0.011447166907845143,0.02875928942485509,0.019048974202789015,-0.18834410408555982,0.048263965874558806,-0.041928479574654794,-0.048171747061007665,-0.1651653741016595,0.19657982315052477,0.004779386122691974,0.0913518616084114,0.06283362701621152,-0.001227335995045235,0.051407207107671556,-0.2103920997507325,0.08941355680986605,0.06621029317303381,-0.1286131252306484,0.1530675311483059,0.02342750133625361,-0.01842701832020043,-0.0834622526839336,0.14594950983355254,-0.06338495422395322,-0.017246675895426666,0.03279011958245342,0.04441687788773858,0.020117735061603616,0.13658651288786583,0.11191559248045885,-0.05363819029326478,-0.055835690479325906,-0.05764321074528595,0.09311785540634733,0.10985238854220117,0.04223047435447789,0.12407435533487246,-0.09651097603793334,-0.05358128514994398,-0.009880032185273354,-0.05535652378998326,0.026322531949624948,-0.13183577812602298,0.1226879997645655,-0.046968801157189335,0.02152309629930109,-0.0026090940754642166,-0.05432381372074126,0.019361150405587838,-0.050892622548353125,0.05822579955930857,-0.044474442333891154,0.025356583597326388,0.07992275145855234,0.08018167496117994,-0.06577928465000117,-0.04350390192501059,0.020664908169646334,0.008402083026534534,0.001336607785256779,0.053846723480189554,-0.08107046387285363,0.06272993167229844,-0.04812837968814329,0.040902505875788114,-0.010644091909344044,0.07503159359583399,-0.005807568846650401,-0.09748616102947744,-0.041345743060975944,-0.03248821869233504,0.008162000412681536,0.09114060467645287,0.014939366510569178,-0.047278966558502895,0.13378137458338835,0.06251860751956508,0.021999119797544785,2
0.052411124226884535,-0.0492753530713852,0.01616301768107585,-0.10052680780466494,-0.015725836015604674,-0.027458498422288563,0.06346896806095119,-0.03401275571845194,0.02107109059007229,-0.005000505520518761,-0.030257297297353984,-0.11788514372767867,-0.0589096272645719,0.10077165570816775,-0.01580987741150906,0.03323527499275872,0.05703201871768946,0.1286462161827899,0.03346848590066334,-0.04723461881918598,-0.062126202997424954,-0.04527464441969381,-0.04003860190089488,0.014186894749228393,0.07265680614200117,0.021006627882982874,-0.024030346261995284,0.12346148070004895,-0.11016490234393568,0.02625254598744443,0.021526862147971827,-0.024629095247019332,-0.04683391748437116,0.04471215782096258,-0.08493668741338556,0.262234443948033,0.025501261264537035,0.018073295189453813,-0.007428251170280498,0.0005174402888722023,0.15747132550065696,0.0687516504622867,0.020160208549182858,0.022531581282223264,0.22173882464579825,0.011027472005538705,0.07117782532047015,0.06625984585603509,0.13070016780585988,-0.008188691863069577,-0.0709231729293087,-0.04037285117438823,-0.11474498674865165,-0.031989275295515256,0.09393116364710416,-0.004136820904446248,-0.17392122640226532,0.2629196268400383,0.019997984416422563,0.08957775198980772,-0.09267693969240433,-0.06355461929923863,-0.051595986637164616,0.054630001534057025,-0.1432501035863454,-0.14837213577481626,-0.09503781102739454,0.02793567065157647,-0.12617587399733923,-0.012828421654279595,0.02528074805052362,0.18815591235725213,0.18160517426817632,0.23357460946011643,-0.11016853956132137,-0.09972933392742973,0.19374259497006574,0.038381164336672643,0.09961255135829633,0.014867703123758895,0.15455168078654413,-0.05065257870257116,-0.05456625513196468,0.06279710401628229,0.027237278857912373,0.05837153614260097,-0.0988824914241898,-0.031510958278938364,0.07226868850900417,0.020171064027803012,0.1785556254146194,-0.05859676754893422,-0.0179260067255797,-0.07853517877959505,0.07783482346678823,0.010782483772627515,-0.13092278016703032,0.05247898235887502,0.11317532560612321,-0.04327661451446216,2
0.05463371193725031,-0.026300966005027657,0.02277362216455903,-0.16225242570711246,0.05304150836073002,0.026493017215303012,-0.11166200971944108,-0.07924101590528038,-0.05000396136990764,0.024289657570440396,0.17116088412779373,-0.0635958698289631,-0.04110981514702071,0.00033395296400752224,-0.0697509014433013,-0.061495106378756485,-0.15740147610689806,0.02120599423997406,0.01148629564583639,-0.0055453679263559735,-0.026155923223395664,0.12003377160384199,0.028842879051720935,-0.002914100625539698,-0.0769579341758914,-0.05840043069483727,0.06009776554258347,-0.03607640725381908,0.04660936756208243,0.08097327067253353,-0.05823319904966831,0.018016991523514537,-0.012430904433864444,-0.025357925922696065,0.06681814411565218,-0.08537743304345652,0.01500342452116654,0.020590238319239732,-0.07596000919101391,-0.08479571165794558,-0.06774925201776541,0.12988979194380976,-0.08523247440353776,-0.009062147598459323,0.14214233649321423,-0.025195869375496078,-0.10779292773590356,0.2087835394700321,0.038997260230111866,-0.04267544851580405,-0.21467128664827392,-0.0482166569583925,0.051275390258821475,0.036540268727971024,-0.10826973298392153,0.23177717331805484,-0.20340635523033185,-0.0960226758708447,-0.06057069495646949,0.039686585209524866,0.11519659050337483,-0.0068924525543162685,-0.16559290544614216,-0.10220148613004125,-0.03270542772897056,-0.06808362193396225,0.02642777404968983,0.17797249736173096,0.047504142703310256,0.10411160674931301,-0.017533630690318287,-0.008872366591613412,0.06940554819206483,0.10713909099338204,-0.10709909717008066,-0.06763879659193316,0.025811938943841407,-0.015221272842462209,-0.12286450500535237,0.011449199571686068,-0.035396943093348905,-0.0073124077010127166,0.04822030965752926,0.03240547057299776,0.010942200609353312,0.013078987018297076,-0.02125092811843003,0.06953072494821962,0.038584240733317135,0.0195938978798995,-0.12131620703148185,0.11866240871360012,-0.05596443005368836,0.11344607730379996,-0.07123041756623597,0.055488918493631,-0.06898680509680462,-0.04601716434019347,0.12223949149337292,0.0628543329283466,2
0.03973289154117336,-0.062070536901231335,0.0067844015779913724,-0.12521277836963898,-0.021409695606925946,-0.016430793366288186,-0.0038414704242469766,-0.02049730465754187,-0.09982512236240931,0.019341025478268537,0.009193120711218949,-0.03773598549139472,-0.05008806841817799,0.05181578813537702,-0.04129401004967371,0.033453832480450446,-0.1306987948057653,-0.011346196023053144,0.023529071163773403,-0.05676586232088085,0.10608237368288208,0.018737934581168868,-0.10211038255864735,-0.06255866835140249,0.020852511639035055,-0.08090712140691975,-0.12476538731360191,0.16906219837137443,0.02881959117461852,0.06545003335838535,0.0482051655456064,-0.0494908962661111,-0.0713309259948304,-0.0017408710011757136,-0.09010300610583533,-0.04744105929208556,0.10545596076762416,-0.07265578010858564,-0.027072630506395575,0.11480605232891794,0.04396317802182313,-0.037932836843625264,-0.17456180882543348,0.05350507912063106,-0.042146715600482894,-0.1366845418753938,0.02762388778905432,0.014807431264361421,0.03342379797479206,-0.2740710081271275,0.031001360978815454,0.06174837852156087,-0.12459056392895705,-0.15788591379943612,-0.21968769490138101,0.08293143326993199,0.06560753671512258,-0.10758918095681769,0.08762083769857598,0.058746293197751945,-0.2206216452934712,0.08469734219662395,-0.028741843217777112,0.04175801667468991,-0.17005179161441328,0.07253862074261697,0.17402996398007953,0.08990489587661905,0.06332003497762351,0.043999129944867946,-0.021360747279292793,-0.12249273921666445,-0.028847651478756956,-0.02988377577772607,0.05503018730955592,0.15071042681053362,-0.06392957543104344,0.018509203440993882,0.0681228772759365,-0.001225844878295796,-0.012759008108530874,0.0710382909431856,0.008765564232301947,0.07498520867633766,-0.03877158440038796,0.03392634996647141,-0.0027166178236495246,0.06103966618456228,0.0832081901139204,0.06655347741806202,0.0916721821997276,0.06068908674328058,-0.02720549429236042,0.0009990752757439918,0.03700118837946293,-0.14112684466447267,-0.0509647418174024,-0.12671771510028812,0.03733594480865626,-0.0040702188356941905,2
0.05339717363078964,-0.05843089985854081,0.016203443821403124,-0.1329125762736657,0.006738869950087271,0.011905923130702744,-0.02120168523204716,0.14126724669490895,-0.02716374322871909,0.1280576487879074,-0.03217610048128431,-0.02607238519360048,0.020439465669068242,-0.01646831209238995,-0.0614523442026954,-0.0024547685501803006,-0.018112313737820726,0.022908049419470354,-0.007583988327434847,-0.017541845083519147,0.07293957300380972,0.035480149207503496,-0.13869689881560027,-0.05259981282398938,0.012975126037419026,-0.12515974428723964,-0.05368643272113701,0.16449412279447717,0.04353187730046701,0.03702987283092269,0.1501129841536282,-0.07264895818202183,-0.06356343853411256,-0.03327445026363079,-0.04341164606074008,-0.004685926302609158,0.07899544786306559,-0.18787792167788883,0.0109937894247047,0.11609973226862495,-0.04316255405937356,0.029846233428546563,-0.1019062482469968,0.1896710183810428,-0.08289990229449858,-0.19435483044930021,0.1316183089630849,0.04661117202294834,-0.08578150709898605,-0.08945137584338295,0.04898198105414498,0.023349930327862447,-0.14582329454140627,-0.06460261136455912,-0.0035556159774867515,0.13509126259668075,-0.063257461496433,-0.07417845732826099,0.10852454004704014,0.1360724533486087,-0.06102715105655365,-0.050158877896707484,-0.14351405404369316,0.0970793617071656,-0.2215635116173612,0.06406061013876284,0.18724738936826285,0.10689471008026578,0.08874127169273881,-0.15085183868588817,-0.03977775415542281,0.0894099955181608,0.022986412759695575,-0.05681496344000772,-0.11300990488288927,-0.09139503540220005,0.03286999885457954,-0.028129717868321583,0.10303714709479078,-0.0654559359692685,0.0039261414853576085,0.018240741882122408,-0.07315572849973553,-0.0719566736495757,0.07762045163995673,-0.09131169270742547,0.09744076962422189,0.027064759108310087,-0.12101398994165471,0.09247160610376458,-0.026909891374169385,0.0181704941169675,0.016647008678702318,-0.042142621765328785,-0.10741809194621091,0.03868761086838888,0.11933903940224001,0.07474541016771197,-0.014357197299778749,-0.002872212606457141,2
0.0002703818757287664,-0.029800642023954504,0.012045636495043402,-0.11069081429900118,0.03379021023599265,0.021988388081914688,-0.0010611017824407646,-0.05585794473708908,-0.08266924254210266,0.04697526166498431,0.011552912842205228,0.012395305287053598,0.1420885715036781,0.04448893646398591,0.0025036440041849564,0.01487437842278057,-0.05892685992348697,-0.09298216262372294,0.05165907026837676,-0.03143204256852458,0.027568609350527042,-0.09267061912871613,-0.07327789951976625,0.017048190308590033,0.020305155964839217,-0.053985253605450916,-0.09573422493266215,0.06594439687241391,0.028245048914364457,0.008898146569289249,-0.09338245037934438,-0.08318587183527554,-0.18422730726459777,-0.027202927197233044,-0.16909124686847882,-0.043859001485158096,-0.037127572425159,-0.0549798791569141,-0.0850148162766924,-0.004808212732221511,-0.03025122029616693,0.03807590308511847,-0.07895468963656115,-0.00017655249232105625,-0.020043414621753988,0.02264581523238773,-0.14338730707571803,-0.03681327181088717,0.015818360353232353,0.053274350569090065,0.10775873231447979,-0.06926016210950202,-0.15633977098497856,-0.0746419286494017,-0.15788332759398443,-0.037584402423073114,0.2491554500141,0.09725807873229517,0.022118842145024874,-0.12814967104491912,0.07755580124270837,0.1867595463395641,0.012187660244268901,-0.08357962205346767,0.13346089484923312,0.14039828661540915,-0.06604064641766544,-0.06156481724152644,-0.019542499581984202,-0.02288430464635876,-0.02609350701956188,0.07997710095506348,0.14668305099404916,0.034833085055835426,-0.048028908615228794,-0.11731288729666192,0.07111094405286458,0.18455913062771753,0.05641005864181662,-0.13451467924713337,-0.0570880347339464,0.04856830309160172,0.09139653598663314,0.10157942830667843,-0.0071943664954484945,-0.1208052281992812,-0.14934723763184946,-0.1513246517537909,-0.14988362185947124,-0.020135607365331647,0.012800706529451122,0.03564786963099525,0.005730009426579278,0.016978190725708147,-0.08235895739917738,-0.07417728910040639,-0.234099228543529,-0.007520947389251015,-0.12369678360891885,0.08296002913512844,2
0.11168880025353123,-0.009470447938258937,0.0027097501516914375,-0.12159623358095414,0.0956620646066033,-0.03519376490322343,0.027661781451962963,-0.1309614196428528,-0.011358511150947295,0.04736775910447104,-0.02820635553720749,0.014219421562958967,0.03995139638666468,-0.01148924118109896,-0.04092304866951959,-0.10962458343151021,-0.15394651730257786,-0.013383388928726382,0.04522768794259885,0.0037276893186269913,-0.004744413750558997,-0.13243632106264247,-0.06511411422522065,-0.03315258924014279,-0.008633371371676137,-0.09634599265248986,0.028620598457447164,0.025148274324564814,0.0649954719472826,0.03324629219457722,-0.15404522962443773,-0.09716348026689023,0.08361683346985785,-0.07722415506606847,0.03648047597187912,-0.11218181589823184,0.13513738867616493,-0.0037060459800263056,-0.140756721582606,0.07416953602493491,0.06807930228713988,0.04467683830953247,-0.02429964823442246,0.18726225932150153,0.09300997645392699,-0.08286763244149287,-0.09689370811292566,-0.030420980155641916,0.14787540325900034,0.14048662325426328,-0.0736601284998618,0.07746720864060419,-0.1151445176817605,0.030661505469742473,0.11074458793649113,0.07657660667441041,0.01392298404340143,0.07582490004179594,0.013201876697713248,-0.01960237355150835,0.13872263408541852,-0.11179858520950478,-0.018844581245092955,-0.07628398128183686,0.08047891501283193,0.014612874869568864,-0.11205310250337348,0.04403749522171817,0.031080811128679612,0.04767336430430004,0.10773941326646108,0.011096373397653009,0.05112371310945657,-0.06891940083384161,0.0980290467745547,-0.030272001044038283,-0.084002552101636,0.011420299252219632,0.06032038269194109,0.03773134938235147,-0.17306315008668305,-0.04921301265353831,-0.18162916903508552,-0.08062180733048165,-0.02044647265056306,0.011917447699725326,0.03002709993343299,-0.002497930857126478,-0.04934309911540484,0.1061559994517005,0.09123339841669645,-0.11480052779640965,-0.026161063117080784,-0.008253271989796869,0.08668421297310705,0.06853338093725904,0.0762418823232094,0.11525043910860039,-0.13802392158922797,0.21831292884379241,2
0.04264756989387621,-0.008630205635816441,-0.039278479403184616,-0.04209313062135042,-0.05697051117874848,-0.03896762306656682,-0.026087230520597644,0.03982463912850139,-0.0012176047730874642,0.04873706617822092,-0.010783773208619727,0.03928657823881338,-0.045845146796886616,-0.03060677815213677,-0.03316829938765306,0.02026335313262631,-0.004961987549829378,-0.11623928322474224,0.0985741683601733,-0.11725373874321626,0.1528338146880246,-0.03522592467316059,0.0006576675710947799,0.1382031868568276,0.002877312077330197,0.07137785453159026,-0.04857539392881745,0.033652936356484114,-0.04108481590740237,-0.05960406038575615,0.05345668210949164,0.07360800270173361,-0.02942613299176536,-0.007248534422076022,-0.19804219851639693,-0.055211671403191415,0.08326859723355876,-0.06032125022291146,-0.0661292423446111,0.035414459718332895,0.0072040639691550055,-0.12924165720056005,0.023835008262940348,0.013482646520384702,-0.030223567305150544,0.025596920786621045,-0.0774841635888869,0.02203114432044026,-0.08271302255543717,-0.10135134224727192,-0.005205815360075349,-0.10405214428078462,0.043271182632767115,-0.06582634918921543,-0.12440942958899275,0.08388464569729169,0.08809609763701064,0.13400316822119618,-0.030065460879262217,-0.06019286855685074,0.1697580232575524,-0.06650674251873165,0.21583993893845174,0.06467148559430294,-0.0852780300220097,0.08845030355228188,-0.1227234869484295,0.14452450335945555,-0.05367745941616448,0.2371506092153852,0.09775281112446393,-0.028015637040149734,0.008762171020158891,-0.11243343220438638,-0.053464967870171146,-0.10167566944059936,0.1357821645903686,-0.11361274772675588,0.04163307183832202,-0.10216242725604743,0.21460174810555777,0.05314682642915316,0.07379772853998413,-0.13427056048820163,-0.05998983667885151,0.20045007113639526,0.09718943489729834,-0.02005304352117816,0.18982229170494738,0.00539226454120103,0.03860474050975529,-0.04984652725477103,0.014755306534921544,-0.15333011003110478,0.04647452463466662,-0.0031651858364042783,0.07374326555830546,0.04771086168161166,-0.07645843411936566,0.0009883295636679728,2
0.10740785967073362,-0.02158009810962274,-0.014270429438901843,-0.17357236820442534,0.037329935406196765,-0.014820497841293533,-0.08309202245096561,-0.0952273168004089,0.10723786658403336,-0.0391966778589023,-0.09560579229913481,-0.04845713775964825,-0.0011053560829192204,-0.045554742848734724,0.02167342523569774,-0.0450208174598452,-0.22871336774527298,0.03115494435231005,0.0363016346724525,-0.07832110002639414,0.04574480352209264,0.03723306366384773,-0.06531215434149357,0.059035019746933926,0.0841281707322145,-0.08825606535974681,-0.061559010118818265,0.014124359938804698,-0.008518696718814264,0.2096283343369579,-0.15329971329393968,-0.029493853974154122,0.01271427873952795,0.011423733218319262,0.017621664489316055,-0.011438614158948604,0.018047693379883677,0.052637236319986416,-0.08770448274638531,0.05678255166101262,-0.0076626914624792035,0.017248250657934595,-0.04994640244209693,-0.1060976485870851,-0.04413444600700563,-0.03330114253165248,-0.032599059877669444,-0.047479495183507046,0.09588057486271112,-0.15872212059966934,0.061047964477311235,-0.03795618522491018,0.028336611496411847,0.0638539544747232,-0.045037306188299805,0.11043325190308016,-0.03747352491477831,-0.11936966640744821,-0.08955541203798824,0.014588056588595107,-0.10129265901930612,0.027381278520110075,0.03172001138007788,-0.04057480334512247,0.009916517468321362,-0.07796531882356691,-0.07353497404852319,0.06357072445447194,0.00567077653830429,0.08376126396054011,0.14896718358146144,-0.15516842480160933,0.019834771268538085,0.013662599390215543,0.1534455767574299,0.1401437575324992,-0.02392007776289052,0.06658466311267697,-0.051980725923254395,-0.02100583174201763,0.0296781815626311,0.0036056965543202237,-0.07175896596552031,-0.000666070227846058,0.00033813509844254257,-0.029116611155932698,0.041823192995731354,-0.13973331659551225,-0.01467916110813741,-0.03050990105794286,0.11832562988449864,0.05919551018126974,0.04783214893875069,-0.034931790203299715,0.09383270233078835,-0.2062888135215202,0.010229929527572965,0.18304916041135288,0.08327451320105439,-0.06096385141183616,2
0.04671150909080357,-0.01100443405842088,-0.018616972663598852,-0.1722680932102062,-0.22201604876012712,0.07833704193362356,-0.32351456393976746,0.16261323699269675,0.2642607401579311,-0.2920710937766474,-0.25932716050632837,0.3413703077665018,-0.06758894073125886,0.29074603827209344,0.06756555270705611,0.2642440234599498,-0.02666732305294857,0.16541454345924492,-0.03015845977727196,-0.050971197712377354,-0.17111058860509396,-0.11058564970260519,0.06454049471563475,0.022024157328782726,-0.061313443042561824,-0.16855315015788755,0.045580131146227755,-0.14402143225854505,0.018888494067538574,0.033684105219461,-0.07945070136595027,0.07110211932068547,-0.05185312633209982,0.006102608226351541,0.06474012827454245,0.034284910465080885,-0.08298893572578762,-0.025416311802736062,-0.04691919383349051,-0.017033468857145503,-0.059137626806625626,-0.018899387904441782,-0.07840424235109045,0.16337806979465705,0.13624589789489575,0.03212149645328437,0.045496831856814725,-0.017160944842303596,-0.03294452226721853,-0.004705769067176124,-0.0038289206762328978,0.042303623664114325,0.00784088878845458,-0.03876062403757091,0.01922841817519978,0.032333302159247485,0.03672582274489636,0.021507936984862728,-0.0012419176537568578,-0.02006594125684504,0.029936922335373796,-0.013912920964496523,0.02813580750269579,-0.007969962618272566,-0.027470210928837363,0.051649579802896854,0.025867900963696722,0.04058390820986966,-0.012323797804335273,-0.05061278527727349,-0.022384501508589026,-0.019768939770274396,-0.027403658660538004,-0.03476963560492899,-0.04641842472889484,-0.006552194675135618,-0.001174545170809783,-0.006740229776797761,-0.018971940879906123,-0.039980600440319466,-0.03513927781183245,0.005207916003171044,0.019620832206291492,0.030945934195983914,-0.05166716095702058,-0.005374008851190888,-0.0006759765921018905,-0.016531659303948926,0.022785920891933528,-0.004618266263364054,-0.0009454330942785166,0.008414073237796636,0.03057428573657979,-0.0025590606536127947,0.0695039289020615,-0.013687089372237877,0.019750629215863198,0.015045978750655343,-0.0026235458023398796,-0.015574523671582309,2
0.0650510113112736,-0.024856805928628056,-0.007684810709942734,-0.08292183548895218,0.03255148600799611,-0.018749362226232528,0.03199069089474085,-0.006544298243441612,0.03111391315009325,0.026395498972293346,-0.00908303740201156,-0.12698291751396318,0.07703952105745811,-0.198689074133478,-0.3272499545457522,0.4786364639862587,0.10963251476105819,-0.01747957307851946,-0.21673211865067632,0.3732541839223742,0.0799697464375835,-0.017794314733936813,0.10288672129233034,0.09703687097806632,-0.1246543148085825,0.023516409738692866,-0.09620541078624997,-0.06355499513324189,-0.17696556151604215,0.05582873325027841,-0.1306575846060203,-0.02269795276909201,0.049433520971891895,0.04537255238552407,0.002421725226593363,-0.013117268053230418,-0.0011762094017231564,0.05635794456237441,-0.06682515935538352,0.08450541242251322,-0.004528524049109605,-0.05023633456252901,-0.04095280908486133,0.008757709362942356,-0.03294393126761792,-0.01533999346730087,-0.03962734711942649,0.016698471657863926,-0.008171640572138116,0.0019616469047194665,0.03193619411237749,0.023361582161070312,0.006583086885181718,0.03094557951568433,-0.01877911101431409,0.005032298737113198,0.005262108918946248,-0.01377774110518045,0.016946458490734458,-0.01597003968903707,-0.008934679059997635,-0.03037247622237187,-0.006704711436734067,0.017858843425543034,-0.039584698154765154,-0.008524403876602088,-0.03700397829659512,-0.0709087051538413,0.00881586975400564,0.051839604269535156,0.04166251298617312,0.016624586116956153,0.025050235215205822,0.02806118008665242,-0.012586584383637396,0.022164754755541062,0.021694284912609562,0.02420982645295134,0.014494016158700102,0.0245790866645203,0.004789904495163057,0.06184397607281211,-0.057278517615401994,0.06654330987187976,0.005402253697258144,-0.05401704168627361,-0.017129462091510367,0.035516720636999025,0.010645103810522177,0.017712692096408297,-0.028098535016442355,0.0301448534607405,0.0010344167143371858,-0.015324742293431929,0.013394369650554596,0.03838534461607668,0.006509988921498012,-0.004252257276091528,0.004496824732242909,0.021082447356614062,2
0.008675182998478742,-0.05615768798621369,0.05812548866879292,-0.12651648769740909,-0.03879101082080611,0.07284433660286734,-0.1735548171160335,0.0909301738125346,-0.02495622687989658,-0.03683193288956653,0.19902113301956856,-0.03506013429300017,-0.020266710322039395,-0.03501329991041215,0.06088106769515939,-0.18275126090620591,0.5861288024936817,0.09637265403306694,-0.10257875849900122,0.13154252450062057,0.10679466091951809,-0.34614863899762405,-0.15234962984038447,-0.009892183685974058,0.1083981126356977,-0.2158192902899484,0.03991739106937211,0.014459776856021027,0.10603987110834603,0.14561730876182782,-0.09657099673330871,0.06460834000404463,0.05632570515108249,-0.11834164743215811,-0.023066928908699012,-0.05979492499281686,0.05779790323735931,-0.01486238965745245,0.09537722150683153,-0.04727633524993822,0.06441155254070083,-0.03912973394920329,-0.02668297239150216,-0.11946777678500815,0.03806828510164547,-0.014034996498899275,-0.008565257884138035,0.019171398452777703,-0.01810296750637408,-0.05361057092421823,-0.04335228182753927,-0.0273719275436178,0.005579478285676382,-0.014918521976279813,-0.050330115310316795,-0.025715917904484235,-0.01400782815601271,-0.01745508949123576,-0.02629647115627667,0.008597443317400253,0.011242176108523447,-0.016340915421661117,0.015764593343641303,-0.05018746081453673,-0.014584046214533452,-0.012748723633093486,0.00322681973149401,-0.01731333050984905,-0.0028228265387681057,0.0554759877282668,0.011427917132381109,-0.008133362309445114,-0.0011489308036162912,-0.03787170578565067,-0.010066376471228702,0.023763561642905943,-0.014614559560165625,0.025982034563646905,0.005742478391591879,-0.01270683100191985,0.0022929162644265404,-0.014161783074644628,0.007495248150787019,-0.0019201394973644523,-0.0065680300049818004,-0.019855451080072126,-0.005047027904507821,-0.005205668531891986,-0.01388981831251417,-0.02533458032507863,-0.02622587673191698,0.002496295972541558,-0.004926086183683518,0.008049544215268024,0.01626242172824017,-0.024229301895697518,-0.0004954344338184551,-0.0018217865205225814,0.004600477482705824,0.020542504087429664,2
0.0343863573055547,-0.09355384488983479,0.03315894930285113,-0.2233831488000789,-0.1140995898783916,0.13293361422308686,-0.3446475301959546,0.09737492973263762,-0.09678381928590417,-0.04677907006088149,0.43746140554293605,-0.025441368568203202,-0.13884659727488274,0.0026871291053267186,0.054269989124900594,-0.14153190443272468,0.17535409388347062,-0.0060815544051187245,-0.08667852524282187,0.011840474088484045,0.05649238162469253,0.0771082844767572,0.018217812553984754,0.07343232141164224,0.02873107085892595,0.08973660912193164,-0.08032642364057788,0.03010856299127239,-0.15815375814115684,-0.09634646312220574,0.044625819890592194,-0.07342212160963187,0.02033587782195617,0.17924765473218376,0.060237389678150885,0.013722941008824482,-0.11534489794097957,0.048972814672100844,-0.1170670852595583,0.032651946237014964,-0.0845847139253488,0.08502913453412109,0.08002826492085154,0.11441977150914365,-0.10075569352622608,-0.03398537163831252,0.03063058961366774,-0.126649053840489,0.0391316645932692,0.0472288109013544,0.06960064612089542,-0.016266533580552696,-0.06636669666547358,0.057831509430476484,0.09877756205360853,0.048147571704958446,0.009438643077437974,0.10309499858867471,0.08137463500477624,0.0012964549888238946,-0.01600689484303252,0.01709949836041078,-0.022918716449498635,0.0565302793051628,0.05197317311752028,0.07854910419827713,-0.04482756743234785,0.09388265786779092,0.041027980100412705,-0.04777409205815984,-0.0508518527749408,-0.03939575688423029,-0.04689123530776986,0.02321998098031573,0.06668436890130977,-0.012957973255085487,0.029239179316764306,0.010632490150513966,-0.023472500477327175,-0.008448943208706908,-0.021570839188866747,0.03293888963718363,-0.04875263778002766,-0.00503353539512213,-0.075932485441406,0.027006053343581984,-0.028648048971612557,-0.028518316991210598,0.0431971521034903,0.0951013903578892,0.05322915606909744,-0.018057510879761467,0.00946031772545845,-0.038196824687397116,-0.0577740636270918,0.009820437899517162,-0.011885161339748691,0.003939746248392363,0.030150114302378843,-0.000861552927690573,2
0.06092752931305999,-0.013752902535857557,0.0023903830283362334,-0.12302389859936665,0.11748512244043187,0.02026670633998574,-0.046286367611258566,-0.028493369515381985,0.11791241000097223,-0.04616331779005037,-0.10434030704818424,-0.11556785996168471,0.09544088232234205,-0.2632615269345272,-0.05736517941248381,-0.12275531441877771,-0.06759636988750663,0.17855957398020794,-0.02010196343713891,-0.12444450892277914,-0.06733708986654532,0.007894084672214703,0.2292414277202215,0.11550084770010872,0.23094528948643053,-0.07660688779014183,-0.018443647607089914,0.09669214067440669,-0.0723872275806486,0.2739464367621861,0.008248209430766722,0.14143356895725,0.000244885158920228,0.05584973533246951,0.03234433113907742,-0.005527556807525201,-0.04513618139763469,0.02459518369944279,-0.04816834067577429,0.012804755623710268,-0.11561204147797674,0.06482804501160164,0.019782294426853295,-0.017212139710473914,-0.11095883326861386,0.034502167725773004,0.058589330331152455,-0.14804675260602684,-0.0320621769798793,-0.05303221965725491,0.03668634013715713,0.0653614782754706,-0.012669912463778785,-0.11581056055280085,0.0167903704943501,-0.10478952069775894,-0.1110071755935381,-0.04280214167170644,0.038976472739040174,0.019709717206864992,0.140853270903626,-0.00968980752192131,-0.021220905257978234,-0.03566317822978016,-0.016968346579232404,-0.023118189084583476,0.0795642382372707,-0.07406888910566055,0.014279187563306085,0.01693247373333481,0.028728353987037446,0.14479817572741296,-0.027224938525318584,-0.05132600752223639,-0.04077959981490755,-0.08339184340891338,-0.06149160013220708,0.020891301713833913,0.013069743473538942,-0.06241119993924776,-0.07853107063091264,-0.07821812569376686,0.0807830611192196,0.09806550250524029,-0.008225891061109278,0.08134150983587128,-0.0015247436209763438,-0.06651676674365334,0.05384460081051984,0.09867333352041475,-0.02657545578518713,0.04392666767415906,-0.0493184338121486,-0.05993255775291629,-0.02409029345403892,0.053436434852328726,0.019590768443584247,-0.09883857114305275,-0.10381654038715847,-0.032450567253948834,2
0.09696216694254667,-0.06252962027210823,0.0034029833159457653,-0.20585382298078347,-0.0824689559121206,0.058342340450316145,-0.2999863814731929,0.036808154521979594,0.21601122123190003,-0.21575478863409406,-0.20563120764838733,0.05493940137294442,-0.009186159708082215,0.03521886438045169,0.1564830655091716,0.018432337464387664,-0.06155294116013891,-0.035197445727131633,0.01382030212099814,-0.0011286665283267887,-0.04691849478477455,0.07511020556689404,-0.0653097977976739,-0.04264524892276975,0.10841971174886306,0.09824431431413917,-0.021922462598645134,0.029037570752987622,-0.1305346939922655,0.053047056699905684,-0.06970969365912555,-0.009047679883919262,0.029777176356650083,-0.006157109152322727,0.06128599329283538,0.02711954967272043,-0.00841423172942973,0.009023842770016421,0.018767150297011106,0.09697557621820298,0.019289318198433287,-0.08795051882899983,0.0896845314247508,-0.13527845108283085,-0.16989835715842327,0.027025257022370252,-0.11142190857363293,0.05154858949525164,0.05497400569234155,-0.03043002703396651,-0.011634002851103699,-0.13193804088498065,-0.010395279670066582,0.13507989145761246,-0.04385875362904728,-0.017625463884785728,-0.07034565090861408,0.03878646648626653,-0.048894612691250554,-0.001145407059444148,-0.06258589693071344,0.06210435808038167,-0.0021399984411505733,0.01877378795437342,0.04859465875619351,0.004923562472424663,0.004751120836437189,-0.14602073611921135,0.056522600603581184,0.0898490627456017,0.03921033369125251,-0.005659241495927805,0.0033418981252289525,0.09027573860134212,0.0029638799195171807,0.010308232449803983,-0.06564878112696726,0.01015776962494903,0.005320863004142333,0.10127421399130379,-0.0033700856825050526,0.10986292738815989,-0.01284028945298343,-0.18149133545316046,0.018597511358593388,0.01543664611990169,0.07014881550874451,-0.011236284323718395,-0.02875721700734503,0.009530746195339453,0.009047199159899806,0.048813634482946344,0.02285768564684866,-0.1358336995763222,-0.10580399338932749,-0.01654604477480861,-0.05740552624138993,-0.016226931889533693,-0.026592674994814065,0.057984775047221396,2
0.09463301145592186,-0.08846215119319273,0.031332747612566166,-0.2981670518026273,-0.11624666680176272,0.07490605920017847,-0.35563147598287614,0.037570104220424914,-0.07964688503468265,0.010790476514051772,0.4225439150345602,-0.010301292293331545,-0.16467190602362425,-0.022183742211228926,0.050605089964935755,-0.023813073286703904,-0.15150027950117909,-0.05294751036657107,-0.006326508987632503,-0.04163220326620034,-0.012746485525916266,0.1579982308901208,0.07348701505117983,0.033251492095565376,-0.025843761147097213,0.04044462389045384,-0.043569670414725,0.00897458013281854,-0.06246135031902047,-0.10052163955129813,0.018062134232200648,-0.05731418584436278,-0.0220405505611847,-0.0024579773837064877,0.006671753615456016,0.01764473858997322,-0.01703644151534322,0.05993389734610981,-0.04856924505900476,0.06211752041703084,0.05502333338512824,-0.01809614871661712,0.00703972008584965,-0.011109080493120777,-0.01333713337775994,0.024876630128091107,0.004982866650717348,0.04263533740587784,-0.05447593423717123,0.023669645298227012,-0.008330536972396607,0.08119284233534775,-0.034325542258960284,-0.10171677410219701,-0.07123343999302431,-0.08461259481805135,0.0184345095941683,-0.07020554647445676,-0.04028341742665066,-0.002979502274774855,0.002385928594199468,-0.015085457693266573,0.04337957156755694,-0.027554415886038762,-0.01856130103769255,-0.09844320509979737,0.019365610434765868,-0.07862603931668607,-0.08365791921121125,0.041027604658013854,0.0811084232457618,-0.013213196323624058,0.05681897402369068,-0.07086172032562922,-0.014363529702708929,0.0851407453362507,0.005345084345000642,0.006550324008643431,0.03323417226677542,-0.026140663110173976,0.02206491232984527,-0.07997344263132519,0.057293812119609475,0.01377086897417189,0.038038036271963116,-0.018637696348810608,0.0067462131091326075,-0.009464355386141574,-0.03627799348528398,-0.09606320987958074,0.00167930451348973,-0.017212269515168913,0.0581941237132183,0.04542185477364008,0.0944555974377888,-0.06733667330547467,-0.01303425407617464,0.029395305037341852,-0.046999779473944174,-0.014551610561086746,2
0.019038883059679244,-0.04063232507404633,-0.0014022902623833586,-0.0774017313760559,0.004523725369122131,0.015696391884015084,-0.035175373503614264,0.007524396181991684,-0.005458860461589033,0.017771486599278557,-0.05962357740366,-0.046768028369326343,0.06290775646254997,-0.05877850459069216,-0.08085856801427738,0.10217060505069947,0.06907953489694973,-0.007388513240142922,0.0009170318298921783,0.03669003125942723,0.04667007676881019,0.047223821107818226,-0.17219336752198475,-0.036140408638266945,0.030280862390932615,-0.0837967255090495,-0.04576204981736073,0.08178522920306207,0.12515825402268413,-0.08102911210231943,0.25658845681861064,-0.012009174037642093,-0.06946761392099166,-0.0006568651705652288,-0.022750940782455965,0.062005741921406794,-0.07746214635471203,-0.28642348498398024,0.04469981690571497,0.11890858909948034,-0.08306800165445792,0.10401797735842572,0.05523418198748896,0.23523026236083136,-0.04481021007121063,-0.09618474870515802,0.17114166398648076,0.08731004866172526,-0.011047987382163331,-0.0981608321969477,0.005189329880435778,-0.058038920899546105,-0.03159875066346663,-0.05762028070002202,-0.043736452143984375,0.09379890844839342,-0.14585533022378197,-0.10793946204559902,-0.18840707754493768,0.052202849811709265,0.06801497919352531,-0.016181189409005058,0.08817211426916234,0.05158383031193357,0.3206929759574077,0.030537672822432985,-0.04611605556807923,-0.20751451126979464,0.07214831597738901,0.025166557842922318,-0.03591131440080518,0.0018379868115055112,-0.018198417231958867,0.02488143262162611,-0.039219553920617246,0.007244878815428809,-0.02442505398989292,0.003987743446820321,-0.0011342477843742577,-0.03422799023528241,-0.046572422551748746,0.07519811396953457,-0.02328324140291167,-0.07038190783407597,0.0743224136149636,0.10021230075354073,0.018912507707278082,-0.05435563520342242,0.06689400805572529,-0.036374321954375795,-0.00435218865736475,-0.10455257756007115,0.03191375631469621,0.14427572195964586,0.035499282156929934,0.13880917957153002,-0.14622888310285148,0.05533781555794081,-0.057614334456197326,-0.1216070516563296,2
0.08627927862819279,-0.06907802654569889,0.04582879861013188,-0.1006913643084174,-0.0023796160325726193,0.021833087323788112,-0.045553776523419395,0.014489007834682847,0.017963529771129128,0.023974579728846104,-0.030696896606087567,-0.048913056859687276,0.037324389971867995,-0.16588655052220108,-0.01960026347659353,-0.05413339763816259,-0.05902750082497775,0.08848570821908626,0.012789524649485368,-0.1246690181724832,-0.022786841950807338,-0.006251321766642796,0.027388168160072734,0.03038170451952105,-0.03353472694155716,0.012511879717830998,-0.025067968438873718,0.01381785580926058,0.005672300667341162,0.09723125745231474,-0.1255571133676342,-0.008551759583538834,-0.0678263336728398,0.0006798920532410126,-0.036429597519239486,-0.04313458564542935,0.008814458303218349,-0.015455363072136994,-0.09277777252023323,-0.0682181099975226,-0.01138520951411145,0.12261460072319366,0.07925230963962361,-0.029451978570302212,0.02262262105311789,0.021478791613497528,-0.07640102207264633,0.32140852549465737,-0.16898717813016065,0.10865367087630166,-0.11291394901354497,-0.24689219776455362,0.11602400028111658,-0.021493035015739445,-0.15485741621499005,0.2608948721962189,-0.039994462553519586,-0.04362088916911554,-0.09238345280843603,-0.04418500990938533,-0.05630766339390789,0.016484972135137825,-0.16979018579146882,-0.07817560894190313,0.11494651296995854,-0.10383544549062651,-0.1415617923071253,0.23842407036957056,-0.009427348854412156,-0.10469641151767947,-0.07071861580701624,0.015666469229941544,-0.014348470139593658,0.06930290213701212,-0.0110612910600665,0.06960291049532795,0.037095387480905,0.006061156354862835,0.008017428583044835,0.0348328146867934,-0.07094379349497656,0.06896188230427279,0.06156925249795685,0.06192819822254449,-0.05233917854448547,0.012308051060861261,-0.019266584582215498,0.02303457202430537,0.05066202526884657,-0.0015115270852940847,-0.004217287727827731,-0.1169974912896018,0.14158193966733862,-0.08399957709554867,0.019412869190565795,0.01439658821442023,0.10647989374107063,-0.0713563402318367,-0.1553042932448539,-0.07576085518807221,2
0.08495305969291392,-0.037825014595460955,-0.0038313466690206703,-0.06478019395649832,-0.01071651967491387,-0.03849826595863065,0.030220442773013587,0.001886975572497298,0.027862426515435034,0.07346627659456653,-0.06401826092702484,-0.0751410035321509,0.041510613010418466,-0.09783096850134984,-0.16869147764120251,0.23996512606059756,0.06466420112707014,-0.09130308409446607,-0.10346590036668707,0.2426288536275464,0.08503560569103558,0.014122573520711681,0.01936475144590481,0.07265020440693595,-0.1246037422653975,0.01684991107028208,-0.032392414951816086,0.016817469225933968,-0.14504108045521008,-0.0005764796972238585,-0.07409355827298968,-0.01089336919817483,0.04102606189878867,0.010280743145443656,0.05477035761419386,-0.10449807250398893,0.062196681881142794,-0.0187027945337906,0.04777225945066931,-0.04698303535812952,0.024919303671387037,0.045876177068761646,-0.0778807577720357,0.06691099966774813,0.017332502779757997,0.03426244359084573,0.011460798556535229,0.0011085906199723185,0.085751014195333,-0.018347384167311433,-0.04973969614021963,-0.03586503379674948,-0.0274073434781882,-0.008318116698354437,-0.028954556634708938,-0.0606804139985303,0.016385917629724953,0.11624332770212888,-0.03292021865015439,0.021190772289152723,-0.08715998638316268,0.10653552004296678,-0.011785273771848915,-0.0404660041176388,0.11257201539963135,-0.07089502167616497,0.08014283536600612,0.17584962955176098,0.0866631302364302,-0.056935675448988796,-0.076553874252422,-0.15609756026123334,-0.061144787877556776,-0.031016963347905328,-0.01759838287434816,-0.04783753523928335,0.06386629650499208,0.018409179083591912,-0.054679930017869756,-0.1607394096114283,-0.08539517745246905,-0.3026561937929464,0.11379387413423256,-0.16927523552761217,0.07171486865698377,0.10851290182620482,0.10371358645688152,-0.13237392635382764,-0.016628555523072124,-0.06814337890897246,0.08107024479994897,-0.05280949895990022,-0.00991714848704009,0.11398315062413523,-0.007816817602934806,-0.065817166857963,0.03409366947448391,-0.003289863645397178,-0.004936082571089818,-0.04470390262470633,2
0.16218902071614674,-0.05332832774441961,-0.0006266894501756533,-0.017213001119273586,0.03372824475025122,-0.029376890935647174,-0.01960718418018691,-0.05769121564779303,0.1057306883312998,-0.024744113552196648,-0.09496934340627823,-0.09747876663296211,0.10490827025137202,-0.2649768996239047,-0.05488665927068109,-0.13941871689930962,-0.026649021102786153,0.13772800660710116,0.03642902726496147,-0.18977876634482743,0.07757169946225775,-0.0620427428566818,-0.04008845750879166,0.07971612354847575,-0.1203110462217428,0.07976810630207919,-0.014782953076782896,-0.06223993017296657,-0.06458293562684003,-0.05453989963705146,-0.036550199914202,0.02014480486885648,0.07211006050280575,0.04807208499855158,-0.0002284950812202475,-0.01720481846882867,-0.11284811709385854,0.03881291392182304,0.0058767122691786135,-0.06026323994069558,0.10677629626086146,0.011398351117085558,-0.06025019067263863,0.042735844935645896,0.18429495978196186,-0.08270456558368958,-0.04618095007886545,0.16750412281943092,-0.1209103463723461,0.010920439071975306,-0.005843548475855293,-0.07375786701810202,-0.055141573632048344,0.0403200672324775,0.049542827641521216,0.009523323729854864,0.1850727495851118,0.13783514089868676,-0.05769512137014133,-0.03379670435418193,-0.2182298107106244,0.029528855220772282,0.1550351503175604,0.1014183932336507,0.05982046521432764,0.05189269661039326,0.0918274718867653,-0.06781205465612508,-0.07159404140601619,-0.10631291502256997,-0.07478645954944878,-0.06954217378408423,-0.0640016608528705,-0.031534354577248395,0.04437043739425571,0.021594663196749454,0.004393571617445275,0.007464245858136576,0.01303335188138728,0.14149657096506965,-0.038815683826969,-0.0026395887444704983,-0.061684627819321665,-0.08269183286347506,0.08543973607861065,-0.037651471419065816,0.0330812248127527,0.05676423282814417,-0.03957869387414369,0.04533300216098274,-0.017001922488813964,0.03270418677206532,-0.0019066333214538263,0.07018431564736952,-0.03740771344037976,0.0365054581800218,0.03489399849075558,-0.020686352763433766,0.05282203843481709,0.015367656738865481,2
0.059941846117077945,-0.04828990977366102,0.0004077307043015726,-0.14474716050636688,-0.020960238686535324,-0.04364995695759044,-0.018874549849023058,-0.052760959057573775,0.02482848017854186,0.042479258088884676,-0.09106939697897616,-0.057921722863335655,-0.009827527301459566,0.11265523985042378,0.030307927194523854,0.01777531732032182,0.00019135489754582144,-0.0272205951707312,-0.005243626380892273,0.0016723471588239076,0.05199377564067668,-0.01563523665436157,-0.11231882968250062,-0.04098664870286749,0.014789182771728224,-0.013821580610547163,0.004151574079571691,0.010632206441970911,0.08508862053882803,0.06935123759550796,0.009251373696527884,-0.04815778041292641,0.024173897021050272,-0.02817819966160156,0.016942446346539044,-0.1259663897866073,0.08421523014696296,0.044382962151470695,0.0485587317627831,-0.07282896888314985,-0.12698925135356995,-0.06933988791807663,0.05067957990746254,0.043145809678220993,-0.11231903871723398,-0.047652181844956606,-0.07261291564894874,-0.07061986112168912,-0.15362085568853937,0.1101249413803275,0.23300201699994527,-0.10111603741037035,0.1797308642974464,0.09032937846368429,0.3032565031742323,0.21303360129163115,0.2556377710571203,-0.046109934287190076,-0.12390436342578409,0.15492214533343002,-0.02426812158705274,-0.11107270193557171,-0.16270649277764512,0.16682930275436722,-0.05817466923024771,-0.13562291439727447,0.09851210173708319,-0.04918210275837445,-0.08837094615471104,-0.003223110897539869,0.03072594152699252,0.009064392312214698,0.11531303206735923,0.03614388571126734,-0.013302534732969582,0.07056865927567452,0.10428656811750091,-0.005033913944085711,0.06536670150852898,-0.10437590899224673,0.019392718531200153,-0.023251658183768634,0.04606445230742948,-0.005546252191392519,0.006167565921151963,0.0625166100056718,-0.06609828988493352,-0.022058679239408418,0.03179881710553931,-0.058845735071177296,0.034852275201753435,0.037683789410363766,-0.05371703675040411,0.08346217177506102,0.001410160612516532,-0.011989666421428615,0.005270698858460001,-0.08215057876289056,0.046261278365119014,-0.002873491656880416,2
0.07991615834976257,-0.02592429150163805,-0.017393261123694062,-0.15642387990429354,-0.03435490044701423,-0.004079956336289639,-0.13086883488496504,-0.04129328412754687,0.0996297489462289,-0.06396373028972796,-0.15619862644374702,0.01457561813150846,0.033385201638619896,0.024831424729502158,0.12865762032226957,0.007640922396227064,-0.04508726715499068,-0.20850404227417677,0.007483866929355465,0.14909514282452452,-0.03417705022837954,0.06455906791162784,-0.02755870876384642,-0.056274013336604096,0.06803037955966547,0.06903908567868243,-0.02388356900081135,0.14487768781772725,-0.0647823373164697,-0.0847114058497411,-0.05303722039515384,-0.07205096903378172,-0.02451012991832986,-0.1969040909782022,0.000590542335662015,-0.14260409964949936,0.0469466758832054,0.048242144579906686,0.042768258608164675,-0.14460088252265288,0.11201198356435693,0.12515403018820678,0.23932774156352593,-0.056995752303785514,0.0844827733272055,0.02309707840817319,0.09188241030987465,-0.06376478138844073,-0.024721421990957594,-0.20288500453190117,0.10174938398122681,0.0666178440095817,0.010531978213603741,-0.061877365415808544,-0.025311719834390962,-0.03560441580668401,-0.02044496287797631,0.13130349007387918,0.03171361940094731,-0.014190009722595544,0.013373733853482282,-0.001121444773327708,-0.03294043768551068,0.01966898318987146,0.08058108517670858,-0.048417410314589855,0.06681967135865209,0.013412771688128867,0.04660177909161557,-0.03632719112030212,-0.0024362068597904326,0.09809573866536418,-0.033958774325117326,-0.008565538562129252,0.01407214699161651,-0.04180272413768575,-0.04096688527674233,-0.031338039406026176,0.01337666117158267,-0.0176274028614214,0.026677755040635263,0.030735274009230516,-0.1063553432258049,0.09167389216259808,-0.020759173536975362,-0.0075193000940191376,0.049669118678713056,0.018855841797080053,0.06991694877946376,-0.02133147312023076,-0.09296583745357268,0.03368962363658491,-0.01682569545028603,0.12204131983059724,0.014962694601724636,-0.027672436034010352,0.00950678027622662,-0.08560553710050375,-0.004924762881344641,0.1750983741704718,2
0.1343631390776694,-0.062299297258225125,-0.005965068165013912,0.022988995444155207,-0.1571425348261007,-0.14708636695464394,0.20989104763748748,0.0017013632334327313,0.0494428266294255,-0.06808603560518671,0.08624986777846219,0.04284359108011273,-0.059105421529821726,-0.09319250766774644,0.057779271313103724,-0.012851068958534193,-0.05287397251787207,-0.10101491555816007,0.058472059787309,-0.049250924288467966,0.05324356738296257,-0.017538660003539673,-0.08010700358098442,0.008265316788957268,0.022973053059104534,-0.004323914443962584,0.03026478656757391,-0.09698408715440435,0.021624179986657825,-0.02958576200200543,0.08572995428310125,0.12386543838844488,0.10161296179927448,0.026931502224509015,0.03564247004167499,-0.14705600193315266,-0.030779583960225922,0.03809868074160389,-0.12889730988042433,0.1452003583100681,-0.037119845180853595,-0.1230592995019887,-0.07471154358259381,-0.13377099868186607,-0.033115811832662496,0.03994046589686747,-0.02092669518145232,-0.0006623242858242869,-0.05347530074499508,-0.0840019067004591,-0.05977794283219779,0.09070737396030265,-0.032854135764511724,-0.013230599781931366,-0.07022378288968142,-0.016149308105110442,-0.03679436554944052,0.12315910331361803,-0.13122054530377916,0.0051266159732638655,0.08076220968485502,-0.059492528320750596,-0.06712559100834858,0.12528724797083673,0.02357396203347149,0.06339475253669925,0.11612807576365115,-0.043825664701913576,-0.0006199062141690142,-0.08273748480179337,-0.009831872665447598,-0.03361921112390783,0.0786247407998638,0.04776893462972499,-0.07364273936302175,-0.06007939898334124,0.0502044497481025,0.0508074069546031,0.00915354960916783,-0.12391318238740373,0.06079890186248142,-0.11025758938385662,-0.030456592573691293,0.038242136503202004,-0.19600540275041742,-0.05228815228595952,-0.1117671194434802,-0.013951859034663047,0.07505545449489505,-0.00361688671990489,-0.09327323427249391,-0.061640475001898044,0.033797851703310414,0.008034885029794813,0.16266337345022897,0.08915900405062853,0.0634146329080762,0.027729163259780615,0.04939119936300786,0.012277758986849678,2
0.1674231778935903,-0.11222684377584159,0.0203849321783238,-0.012174842321782378,-0.23331859921346065,-0.16450586456246957,0.2679519817646235,0.030929684583134425,0.01227240566213734,-0.041504915587862595,0.12059133532226603,0.022172421822266027,-0.047046247709094796,-0.043818972102688314,0.10706394644004605,0.05789910643347538,-0.04630578770279967,-0.01353275757347742,0.028153649285565956,-0.0016890561335230075,-0.03866504443852865,-0.04999634429220984,-0.009669781680386643,-0.015428955117348889,0.036612691963282505,-0.035043628455735845,0.009106603572110298,-0.014960156523817592,0.05970790323203592,0.01405742932188822,0.003384782694828939,0.0006820213601302067,0.006661187333303092,-0.011532329565328986,0.04088817527039942,-0.06856492452400184,-0.042671540264259455,0.032351441198297026,0.02126532590733051,-0.05296362877214074,-0.11422503385373453,0.0319427896871951,0.015203334280497697,0.012095150359507695,-0.0917994289652302,-0.02547129149801753,0.003923473451492221,-0.06539099316768947,0.0507777216078855,-0.10914303907300588,0.016337553684588633,-0.036234171798118,0.017136233617332818,0.03532857399433226,-0.0375985101635914,0.0033542225671477277,0.11376527679113194,-0.07302835678983395,0.028094176900920535,0.06280067598684724,-0.04448742801774696,0.10466538545052502,0.04839713559206938,0.01052946479118582,0.052230452966448834,0.003136103578759878,-0.07855154411730865,0.04370166309448463,0.07930322759967726,0.09367613571221571,-0.05750006878336802,-0.09927252759673227,0.1109992012710413,-0.03418323595741156,0.11345347957229308,-0.03750441364775153,0.11001906750193435,-0.13388654481309614,-0.13829766829516899,0.06273902916411885,-0.015131730719275448,-0.06765569921386491,0.08423373549984163,0.049431714958597106,-0.14095560726999942,-0.05283972918602463,0.05776054278987881,0.20630400931367662,-0.05246360497336245,0.20394410869766846,-0.01917612949376849,0.06910731419157363,-0.028260312958894356,0.058700545540416,0.06545917924910687,0.16551842422816718,-0.12466197348511844,0.12834182703287328,-0.14439942839691638,0.020446655289038235,2
0.05049985578264641,-0.049574528562377145,0.014188329797180037,-0.11773041018752571,0.010623301050955065,0.004254175095969583,0.07400179230656295,-0.0379393115339319,-0.20100313018944516,-0.03675193234360247,0.09930076487750317,0.1124868044713857,0.44676590462005267,0.2681235474132921,-0.21088287443483295,-0.09255763421018921,-0.15519984253803443,-0.17489806186886395,0.04387084826531708,0.055014888424860284,-0.16358592053536228,-0.4077909123171915,0.036685441145730496,-0.06529270633643221,0.16734158837718616,0.049820410717242254,0.056980422838112485,0.04087413936328005,-0.1459577690709537,-0.1252656256696778,-0.0031489723075839924,0.026403914711675854,0.12069350038041056,0.06251789389979559,0.0633472455647305,-0.017931233516353173,-0.14094762645205458,-0.02210291281159106,-0.04494634451410591,0.040830197600386725,0.044467394702545106,0.023689881636232923,0.013602121537318417,0.016933488463949032,-0.012737547165783717,-0.02826425538765572,-0.012464942980913718,-0.00030256819796890767,-0.0141621529662068,-0.05794864104660119,-0.024979471602178262,-0.08234969043259759,0.05180479955256006,0.039693780678384215,-0.06337539100277281,0.020283903681130373,-0.025426555297581106,-0.05971356801246832,0.0543462503603678,0.025262953589638343,0.03979717916412715,0.04365516682764731,-0.04656546308755196,0.022074157145703623,-0.017130830367208277,-0.020755805771385197,0.03223126252290763,-0.051853696925998866,-0.07991193220327013,-0.026847014653406814,0.016229173809831247,-0.012018820236258882,-0.06060258584669557,-0.010805023206062822,0.0009656375555616738,0.03190994540063918,0.03402384587250988,-0.02639546000851332,-0.007872105143342774,-0.036597014755321663,0.030481133179421277,-0.038205455529394444,0.028131430900304268,-0.0017203319445763116,0.03431161582354084,0.0005346781789589496,0.012570836744782028,0.013510231306817779,0.007117243882378737,0.0016564353683206489,0.021820735008115037,-0.03756800913019846,-0.008374102075382642,0.007707143246679952,-0.003437675191812368,-0.019221956137435922,0.014693541490971214,-0.01736188742484198,-0.007354892317981328,-0.019482071295426433,2
0.0399141749357941,-0.03566148484985648,-0.005152046990955361,-0.12431938871293309,0.04697970121042013,-0.0020185107502128925,0.006133722627808033,-0.04725247662675653,-0.012151309277765617,0.035924607261492734,-0.017948351130019444,-0.07657397612607819,0.06470346726162303,-0.060868282609100065,-0.10740578641087509,0.1244090589610408,-0.006202476515597686,0.07156056921908578,-0.04297890585323996,0.0021092928975159765,-0.009197601297522614,0.02961805409783605,-0.08954658941798034,-0.014237850187584297,0.015807337354877857,-0.16529375693276993,0.018009279601206223,-0.0050580320068643846,0.17415156994821782,-0.02302567141497651,0.10742135404224776,-0.04151423003726708,-0.002091525687768829,-0.0009304522144854345,-0.07118627631360505,0.018070129669846925,-0.039760294689487226,-0.10512048149699141,-0.03590379173011788,0.08406209630152894,-0.11871102917351849,0.1325186018213336,0.2992811529454914,0.07177622522178051,-0.0527238179292559,0.16812266195375783,-0.07210907539186046,-0.054266569036802326,0.06028135475704954,-0.04836873780049442,-0.13464716783296968,0.05861274788671019,0.06534707740470085,0.15162309981768204,0.016312031313941933,-0.09926138364844667,0.015820633631738214,0.09223044171874836,-0.09634000459903605,-0.13916994965135085,-0.03710475879960928,0.050699813345438056,0.03864670196831654,-0.09744939402935919,-0.24379377366205426,-0.0004758639083057001,0.16887230626682093,0.07909605470793542,-0.10389625109337149,-0.005579840679488527,0.04142102089610537,0.09036996227599689,0.05554765925153642,-0.030203395177558153,0.19446061396560288,-0.014278023195892676,0.06842968434405525,-0.042654873476164354,0.05853095305249418,0.23066803112174977,0.0018454184416931347,-0.04540256904665239,0.06583571534805809,0.054483107220962224,-0.08517588035434864,-0.0020745992267009183,0.05943382737327813,0.092523833817706,-0.09308004202050126,0.09694801979432556,0.06998980111771587,-0.1370477095906335,0.06792078784428356,0.030081832850511074,0.0978425315470305,-0.13936985186772294,-0.05667681453407287,-0.11590194785242347,0.0012836286037353137,0.06065614050875186,2
0.09214021208032291,-0.004728164948170118,-0.0478785576263914,-0.057639709876478123,-0.046581801125793354,-0.0523979838412972,-0.008971326595113646,-0.0714509011282611,0.016307511798763028,-0.007055778997509253,-0.13428891562137782,0.04186953764383754,0.041409115606029334,-0.05668627629811309,0.04567078106095056,0.023474428434317098,-0.0022610777089383327,-0.14769242343998046,0.005226042353316585,0.17153721702211208,0.01665742501811932,0.11673388659344877,0.07081370272562236,0.0789674088014665,0.10560538372039811,0.07555167745333435,-0.0881982055712801,0.1360160337343967,4.431910287740397e-05,-0.03872405721488449,-0.07940114209869066,-0.057908817024599046,-0.07386657787601518,-0.12826485148367336,-0.02184042482043464,-0.13407530960291367,-0.04239548746225268,0.008499929104058869,0.03112693452393453,-0.02834259578911533,0.030034686154760012,0.23572783525149324,0.019669553632589883,-0.12398096128313525,0.0498286750504565,-0.02778999426132737,0.08401674737664286,0.007502130147915348,-0.10773914161291827,-0.05065567831161189,-0.064274277339606,-0.06242416899672975,-0.028889467364514552,0.020510936979630814,0.1197800062209856,0.013167941750112922,-0.03470527472803692,-0.0737120315299538,-0.04279246848759866,0.014250579594004109,-0.09145058281517768,-0.060425716251737184,0.05228031835552954,-0.023493820648545653,0.06811052921968044,0.030488697047774193,-0.08965043449752343,0.043870655263672925,-0.08642755650346595,0.03835828468091657,-0.11529336336250562,-0.13277201768455105,0.03104225787977006,-0.19000968611759425,-0.08308823784059521,0.0690903876795816,-0.0030732655641665533,0.06688051223444172,-0.033946345813767924,-0.0499041310452161,-0.00687721248485572,-0.07178337680486424,0.04761917973618306,-0.011224514850514082,0.07549744293841502,-0.09511024186559014,-0.1246200790056537,0.02774373232337014,-0.05947636064250056,-0.004412569617797868,0.13491727807714288,-0.07581310526495923,-0.006683515325207474,-0.19485517407266292,0.08408214060757112,0.18209258480223012,-0.010544643433883777,-0.025474668900061198,0.11869434882168657,0.04610058848567031,2
0.043415972466231974,-0.052332954967298256,-0.012648379042163312,-0.10078520533260313,0.0011422456440906288,-0.026732017926948726,0.17306850632351659,0.09623718817145661,-0.15381672210159358,-0.09024346513560946,0.03780489780760122,0.2434315484190553,0.3816984165096852,0.21049401492016862,-0.18175859356764626,-0.21457745829125371,0.04778188947627679,0.2174511650791645,-0.12952284933714636,0.054410464892942066,0.07945010698542337,0.34246792846283175,-0.05134867814671394,0.05995728101915775,0.006188007447153613,-0.035507814208826406,-0.03324023499508725,-0.02474281573427499,-0.041102296974048776,0.046252127822589285,-0.03530264562191587,-0.018172913737771048,-0.09727073474711224,-0.03445765953591142,-0.0506139256165267,0.14940024789396428,0.061978530194986066,0.10804593342949795,0.03972125818614378,-0.019566317307588725,0.12906663440035807,-0.15619166033065818,0.08096787960436107,-0.03965866659433737,-0.013459670065729314,0.03431186045327658,-0.03330426437413029,-0.03061130444436302,0.11802913937791443,-0.0074533407245238655,0.035970680611144015,0.07708908199013417,0.08555996509244002,-0.10634843828656758,0.06764065898174025,0.11675153837225777,-0.0017376714084186818,-0.031142400456484635,-0.10235490259438139,-0.0591516304519404,0.01104618953630963,-0.023900744788853324,0.11341081073756643,0.012292357811513114,0.04893955741590076,0.01799591967709821,0.06393828337418826,0.027118657782210766,0.023773140330141555,0.0013338050901979585,-0.05516528428841049,-0.03549170052403518,-0.004093543203270199,-0.006102927372992446,-0.008234640568061266,-0.04261471049614053,0.04629592494294685,0.028513639351010613,-0.01390676511364296,0.007156913708733604,-0.033185931590382176,0.0013764071907898857,0.0051913758730203425,-0.011194699848177352,-0.040029429699154184,-0.024144916815027076,0.006114452644238859,0.019987679412418167,-0.02159467292595938,0.02840200492378524,0.018584308501757036,-0.002149508318904773,0.015012442978646977,0.019540898097908484,0.013185045799972216,0.030920539344473676,-0.00415621903663863,-0.017324435234192092,-0.007589412718892961,-0.0031952022222615155,2
0.04960629618579025,-0.040352653455235164,-0.002652779749013657,-0.11717992291924967,-0.0031959310183461184,-0.02376140018898788,0.15951534035982554,0.08479834696261072,-0.1454764501326131,-0.06833401016893649,0.055551647055310724,0.2621453814431309,0.41107158959114815,0.21773442105134427,-0.20430435634967561,-0.22352850925053172,0.031760334829152054,0.22546197588718198,-0.134168449265543,0.06781889820714149,0.06841355881558005,0.3127737557311575,-0.05303592754167762,0.03962341347892001,0.02088183431258757,-0.027167417182595556,-0.013256608993115647,-0.011738312902646294,-0.05854029611520074,0.03328921354744698,-0.03611440430844448,-0.018834644972161828,-0.0892475218109122,-0.02302640874910201,-0.05465781706452822,0.1442912898733608,0.033933077378897336,0.10149781289511432,0.015989501262384923,-0.004273223609990273,0.13927462581126893,-0.14844536881880682,0.095709205403986,-0.020101339070214108,-0.017517739794204054,0.041418444028901984,-0.05361952624709728,-0.028958009088104465,0.12401749065740214,-0.026464936502662403,0.0440368335200901,0.054038046894299585,0.08616248520582649,-0.10681624860551792,0.016145145389048474,0.12377028904852393,0.01883865163385211,-0.034279300564195515,-0.07576498688091579,-0.03397136969521912,0.018156664779978772,-0.012319595034351722,0.0821022532776742,0.010065342020143328,0.05905803397410606,-0.0026295635885345142,0.07014401139594634,0.00012416523787923194,0.009349010112787139,0.003146432085812582,-0.055844448173914575,-0.04775614823234209,-0.01605626976523123,-0.005427352150733584,-0.04520525611024468,-0.02604506486384771,0.03562986465866575,0.022408877700589143,-0.03314179981669178,-0.02051496852516376,-0.00511445322912838,-0.011161383534062402,0.0012885745032478072,-0.010257960684730902,-0.042877986282648974,-0.008413367229312197,-0.01988323846471322,0.02124181122443537,-0.0063254135754829644,0.015868957946891277,0.017879444514370773,-0.0072426575940000406,-0.008713998266029808,0.01388755850198162,0.014484748640893549,0.04511223416896121,0.0255584376311519,0.01609818638132199,-0.00565805107733126,0.008166890864570179,2
0.20180151279143704,-0.12130420165483477,0.01834138998064901,-0.0004598775959633493,-0.2836085764093398,-0.22971854698100266,0.37807493608482085,0.018111399436132363,0.05820710558102591,-0.05556900498790007,0.1550556012918606,-0.10496006952441289,-0.17741250931727076,-0.0037466960518536215,0.1391040282995055,0.1267528651729272,-0.014803713836285672,0.10924463601886447,0.04650485340111148,-0.04385352929569461,-0.09155979271140113,-0.0719767802189119,-0.052862417905316,0.020261177687717655,0.1310209972685962,-0.02790649077207365,-0.04962065246106274,0.1432988472382481,-0.12172541710601266,-0.0051314420260676116,-0.05678772117833405,-0.06409130627502903,-0.06876352068836966,0.07112283218896154,-0.09365964784072246,0.28662896629063994,-0.020946818902203384,-0.0031671546289530994,0.025248560257551088,-0.038630192333739544,0.07280630293028813,0.06872868568325863,-0.02466403879121421,-0.014032817260014334,0.19268612048165626,0.02280163235791953,0.011719478294037923,0.016816364683143088,0.0613487923657342,-0.07900556645491696,-0.003073998804446706,-0.07388561842394115,0.031178826294575947,0.08888979101261847,0.05867560382500301,-0.0043630210583059876,0.031274067317308404,-0.008891800665075309,-0.03983125468468901,0.06052359814978203,0.014630944546645281,-0.031939570691738604,-0.03898366838018322,0.0004635899646909179,0.034393439102937726,0.0012521315847693313,0.06017107729381708,-0.0733581315125023,0.006057297580761323,0.0153125303128292,0.04202288151589025,-0.030008115257334676,-0.015451501604278944,-0.010431634704944695,0.048440307970964776,0.0015711545773372442,-0.04710210338248402,-0.021719375522412245,0.0055969948731940744,-0.06782921522573557,-0.05643160318221364,-0.024712004962051077,0.035637996017474444,-0.03619899052207716,-0.07418506818775951,-0.017184477251627972,0.03918738985881943,-0.007179269087032562,-0.056986017881116735,-0.05784535362238826,-0.027819336538749094,-0.01446086194360202,-0.024352357726579843,-0.0021112418706855625,-0.08170702534443637,0.005926063885991396,0.06809130775597537,-0.05848998483516019,-0.030183358586334454,0.02426487173563964,2
0.0341755614095779,-0.05079424349840587,0.014376134218341594,-0.09052150683798,0.01434179989612585,0.030314426555693892,-0.028832113246606773,0.06241119687171321,0.02468669541407858,0.017947549328439862,-0.03948980381781459,-0.04346337433607663,0.10648454329418058,-0.09975365322267511,-0.07849844455120523,0.005184865363728788,0.1224992909225462,0.12880738677742873,0.09052157474832427,-0.24145850447688563,-0.015482653709202618,-0.14559266787458242,-0.08075538222431741,0.0702719525383616,-0.2930737111897082,0.3920000012164223,-0.07875126565089775,-0.0679121149469109,0.09401621863427151,-0.1817761440116693,-0.14202108309086664,-0.021276209967331698,-0.14450527020992196,-0.10212791735259175,-0.055677354477264115,0.04840722846959091,-0.0024747633565505773,-0.08186029973251617,0.1092246621065852,0.007867895673829308,-0.02303131743812675,0.024970510145752117,-0.03457351591557378,-0.009204122744816077,0.014246725283996512,-0.008878321815547496,-0.004361429124362503,-0.10288167766897692,0.07208836704662994,-0.09003543031720074,-0.04821238499963067,0.07567778019015468,0.025665825897208457,0.06568151008053727,-0.006977666253451934,0.006853314507941778,-0.04346997395583183,-0.03172886019061251,0.02954132100050348,0.06517390312034153,0.034232490119729515,0.008540987650689556,-0.03985059688180168,0.02388305120757442,-0.01134408410419824,-0.024377730497215446,0.04201168758503601,-0.038857810755821405,0.02477253593123428,0.005681563433418783,0.061108999601060913,0.006358523191356163,-0.011594420098117285,-0.0029623787419190413,0.020591280050671866,-0.021366033127726402,0.008030821522493016,0.014365271977793035,-0.019219661308673655,-0.11039975275363384,-0.05448692659611111,-0.07393952543077714,-0.04658742298181487,0.058570013259644546,0.06956680089388671,0.11665116940699892,-0.0753462448049574,-0.013200611096402555,0.048905951922679845,-0.01659138057003466,0.01298158279544586,0.10096644418358894,-0.0026895756439682234,-0.12117081957327006,0.007643521906524812,-0.09292928399678176,-0.036366148406389,0.05379074213242632,-0.05288295684085062,-0.02626977498201347,2
0.2137080233220937,-0.11489014372025547,0.04218059235299157,-0.017850703028755126,-0.18790693963713387,-0.16095966472666468,0.29869954775953317,0.025966640263251965,0.03846627830561986,-0.05990275769064207,0.1355691661346393,0.020301884962186652,-0.03007175048410413,-0.13826598471270454,0.07658615047378832,0.05552210900935099,-0.05744577180436412,0.050002689570210035,0.005935858491562776,-0.003754885225794935,-0.10775093770500409,-0.043336279920644385,-0.0443028821029185,-0.10117576436513566,0.0011446546203611083,-0.05906689003773959,0.08565541434443844,0.01797960156718015,0.0876247873920867,0.008060168947759648,-0.051030449693333646,-0.032424029247486524,0.07441486217363241,-0.05061621963960118,0.16267972466320932,-0.1107284195526605,-0.04959026325898905,0.057534435763453295,0.07685465969870532,-0.10982446536318824,-0.09653184090681635,-0.016967722181512573,0.11078906873816216,0.0643092357856252,-0.08318582523824618,-0.04229856964012546,-0.04229121635787223,0.025366085969747418,0.01583950723849199,0.061450982756168636,0.04591702831780782,0.08573958195096608,-0.06313226983484023,-0.05164578595913407,0.02657938431835766,0.06563261734193393,-0.05787238225645022,-0.04682371628702561,0.07682049229770889,-0.06071637842381241,-0.001454098390313051,0.06907380028663707,0.26069064671830344,0.060692674008387494,-0.09433471831148524,-0.046380364959547477,-0.03739124611839352,0.04853776284334622,-0.0269190452949985,0.01781022982590406,-0.11392030918548189,0.008160169009370132,-0.059863677723160785,0.01303164040923054,-0.09378981012181936,-0.0167823873055238,0.11112619516853162,0.12323312146712988,-0.004793363028390642,0.08621332560030773,0.026472295171251745,0.0220124011418303,-0.12333411617790653,-0.04652620289961231,0.2087213241741461,0.04639031545794292,-0.08332586676380248,-0.12881310307000737,0.11212134076141317,0.02647846201074942,-0.015337765541111867,0.043394012556611815,0.04991047075189016,-0.042876408495661225,-0.005057012991307605,-0.07868563835600587,0.03321172666159526,-0.013424677230651747,-0.005954353125781836,-0.0003479685316620643,2
0.1662935314683018,-0.06362471966579827,2.012070827539374e-05,0.01180859522944112,-0.1795144645418671,-0.15207138921492008,0.2562518947773859,0.06943366888884824,-0.016255093580448313,-0.056028815498327465,0.041421033240319656,0.18479060610260412,0.08683339680731736,0.027099102313912993,-0.020360512340556185,-0.09263855309313106,0.03620694955249783,0.02800645255324924,-0.06305736353387598,0.023777259580408997,0.07541284246117233,0.17326850488503548,0.001580070407380629,0.01655251193782609,-0.023420192596751564,0.03489022274903316,8.142536150940874e-05,-0.06294576327849842,-0.024132729563846197,0.031392429773123696,0.07756304033905358,0.05061090654474945,0.057747688237692094,-0.028218369112397224,-0.01252316836244731,-0.10891078118921135,-0.019405795822549768,-0.06734318339718033,0.0023073678371270273,0.045785196026372495,-0.02058374515994104,-0.037540862798018826,0.048946866074437316,0.013413539711138948,-0.012223315092172003,-0.0193240293769339,-0.06905703526416593,0.060007736533015665,-0.08753262899773813,-0.03950674541964819,-0.030604249672222156,-0.029287041958796913,-0.07875762196184277,0.08051031927762035,0.03213827523916799,-0.04337672032761092,-0.11393264392109234,0.11108321277697132,0.1377756738595037,0.036971089657620346,0.06779883426518392,-0.049082097025794996,-0.03244071637864133,-0.11503316839353314,-0.011978832661284326,0.07465482018947436,-0.01325450874440058,-0.04982025640911671,-0.039593960142501945,0.10752732907203012,0.05957874216751562,-0.027094308474991717,0.023444058523661628,0.018863151299513582,-0.11777976867020565,0.11318773891928621,-0.08868119670488046,-0.03672343301134841,0.06771798787478941,-0.057516674968478565,-0.028646367862905812,0.06368511007367064,0.09677161631192445,-0.0040818219630836886,0.02368131308012189,0.02233793183382133,0.015107885181358255,-0.0776248154440104,-0.03232448184630978,-0.03892612926171338,0.0167181695914202,0.13640179947848163,0.15830300177235945,-0.11746704860051205,-0.00851820082872883,-0.0841906259035724,0.07495930473128368,-0.047950245658704836,0.1368896122592414,0.1333360146997892,2
0.08054615403545304,-0.07612005261871051,0.03727859002679511,-0.07731047898110606,0.022794962167334464,0.036354586959542266,-0.05015181728280287,0.03799212890559115,0.044123663021507144,0.0004632147362277502,-0.045415478015335235,-0.07441466519118882,0.12661862569254342,-0.20344119560930096,-0.07096192578778443,-0.07349540236633663,0.10836186069105493,0.18985672131115144,0.0693065624505702,-0.30498759919080654,-0.019759901481757068,-0.16897538310960578,0.0005410250405686438,0.14617891166846556,-0.23871403285080597,0.3226133245976698,-0.0586387641601213,-0.07220135652696626,0.014412311709302055,-0.1445631586229064,-0.12078541649435093,-0.004866285487854175,-0.08409020426130923,-0.05302049608812672,-0.027777176060946308,0.006456896468802954,0.0061547339524465755,-0.08197844352295608,0.1023758702685753,-0.0365826171996786,-0.05138610908575487,0.021736598499688457,-0.021134620376985228,0.038296500702038876,-0.003931142094592175,-0.03285235571167394,-0.0029585730972793017,-0.008745365134340828,-0.03265026097600711,-0.03823125183523072,-0.029730027995297316,-0.013747222956947648,0.08161584221525081,0.029549347569974627,-0.03645333298628011,0.05195672352282387,0.09005356579724523,0.04917281168190952,-0.025943926519709486,-0.02980572948208375,-0.004737469117205437,0.023647334703406967,-0.018007530338601113,0.008870953424863605,0.039006031320705,0.038764284182391744,0.02339705024668619,-0.013148493256847953,0.029291664349340267,-0.01460043666871223,-0.07613275731162561,-0.017702213919911086,-0.07396107135084243,-0.0006308638843052699,-0.07178777314406311,-0.03296200751444042,0.06468790061750136,-0.04884249555769633,0.04835705173934244,0.030602685679025715,0.08895903524727132,0.11516308138336008,-0.03844131733208567,0.059143900162143256,-0.0694984935110292,-0.048853676874127644,-0.012564842255089078,-0.017468365242473437,-0.11832946117922577,-0.10537060277584415,0.10961338037772707,0.023838296537252068,-0.0008324298662139328,0.1679267867483601,0.02350664884625302,0.03406989508226734,0.0107856547836214,0.0037805060132715886,0.012045556484617456,0.10101853128362609,2
0.033015004617769475,0.009328898574997291,0.00334899685795689,-0.13618905679644944,0.054838441252590485,0.07087962326588639,0.014653918254208026,-0.0831403149118602,-0.022202225856267764,0.053340407240873466,-0.03117427007866614,0.008842032854225633,0.14145024316106647,0.03338059892350126,0.009954716697991781,0.027139181963272554,-0.09581696666732761,-0.007901513258629797,0.038665314703714794,-0.06997382036921233,0.05220317423588252,-0.09306820915051185,-0.10879345420941353,-0.12726368596743295,0.03147348205345717,-0.08788108517606573,-0.08111400152434395,0.05427366817205298,0.09652077792004306,0.04883137837360778,-0.09908119438045883,-0.16393221027317675,-0.1461002463403804,0.02425026712359152,-0.1262180203192011,0.005092448223130403,-0.0054186890842719175,0.09635322876396508,-0.12314732625260823,-0.07411840829023279,-0.11014306233411686,0.04081014474609593,-0.14549556464818975,0.011452832692881476,-0.05540384786598798,-0.007718734215240181,-0.15770824422053448,-0.10265798305428747,0.03381852868823726,0.13448759155342843,0.24283976531863366,-0.0440225049207982,-0.2150773454783338,0.0013840025636168278,-0.08423953026327445,-0.06423641420493463,0.08830129919299666,0.089251078548055,0.04874690485022905,-0.054475049598872366,-0.00792134638355943,0.06138979341950052,-0.04239983510886363,-0.11935826742404608,0.11346535858817865,-0.06876284071127949,-0.09046977484987699,-0.08484006910019931,-0.032202831055145556,0.04287731623923508,-0.06016358730516187,0.017244627805313446,0.1274207776016285,0.010007991044960403,-0.008842438838082525,-0.06378429501535927,-0.07583902251998954,0.030388108151774874,0.008663246408132564,-0.04387705692098578,-0.004314478780951036,-0.02016469165799756,-0.06662698092938887,0.023288934685213706,-0.04080617336845441,-0.05969201372935889,-0.0024715920750156195,0.12399731994479637,0.10398106677357508,-0.010541983011418858,-0.08135156726981256,0.020187860981246235,0.06084340869321568,-0.05806496488510768,0.01066517105304317,0.04670128576669572,0.2374650504794524,-0.06381205438680584,0.17463636131455135,-0.13504890954146406,2
0.2050987263289375,-0.13287431340640288,0.020011852544771357,-0.005913376243590701,-0.233276520225835,-0.19880262790360093,0.3369268630267737,0.07367272525925055,0.07360162697105446,-0.07338856401438895,0.127807135983459,0.0003710298719661399,-0.08099708818013288,-0.12024230178395101,0.11464297967793849,0.06838974290424021,-0.01691048107414377,-0.0021963369569446257,0.0048861860958785,-0.027710004604185073,-0.06427771900525713,-0.04412653866335621,-0.058955183421279145,-0.08403066700799754,0.03156742708997918,-0.026736140650883852,0.08833301849403787,0.01294170017710995,0.049526948332256474,-0.012165956217683615,-0.017978553775164077,-0.0240246856638645,0.07702010535771497,-0.01944115902849082,0.16799842398240333,-0.13862597004099575,-0.023223628679310767,0.06074151160825216,0.10930699756039713,-0.1356367364049713,-0.05208848317760448,-0.04282516291664487,0.08016454338724824,0.07901035665132931,-0.12615666819610388,-0.0007613474670252573,0.007121933904002056,-0.0417329443415561,0.04722767238059028,0.07303445849083644,-0.004672095367671999,0.03263106588205007,-0.012338597101750151,-0.08245524021381745,-0.10020754485251562,0.0259109649474063,0.0220193932950625,-0.059111555045944196,0.03161338565244426,-0.01979304351255876,-0.014119007099293082,0.10231421141454451,0.16499722901556346,0.023392020584888804,-0.014642757756100534,-0.07077813531757397,0.005323229780293225,0.07009621328909507,0.006022621130456753,-0.010738245372191682,-0.08307406528741751,0.02362370453837102,-0.020092356780239025,0.07716201828069556,-0.013974420820245928,-0.061812836778779565,0.08687238345662798,0.06671149863039165,-0.020805622159094223,0.03018498270585309,-0.020341435878292725,-0.03358880791163306,-0.024383834104054508,0.021375121229733434,0.11272661665912802,0.04792671605263676,-0.007505648018488273,-0.12295490328183174,0.0878401973569246,-0.00474671588020624,0.035689018643897376,0.009505594705998297,0.0320890041971642,-0.012404279678558222,-0.037539263916253264,-0.05184679374752902,-0.028553288112553685,0.054468600015612184,-0.03598000946782144,0.07011314362704302,2
0.08342049531769573,-0.029940721863082085,-0.0056951876859400044,-0.19277145413580488,0.07339274035813066,-0.09139720353249765,0.08122461360549432,-0.30723283333714474,0.008648650351687139,0.09360739378747816,-0.12013992393063577,-0.33615419153498804,-0.17052164812587634,0.4543999163357018,-0.0715826227940596,-0.0088691461104256,0.07786045092358063,0.16386282477094358,-0.04417104167856407,-0.09495698855145625,-0.01768726444599659,0.013734895200420545,-0.05453389569793361,0.0808655188295454,-0.03393840381538766,0.04837607465651326,0.0006225163708704106,-0.007474977097587061,-0.015571797966763678,-0.00267127836648137,0.005201311816800422,0.011149320002423822,0.02320880597592674,-0.0071229238512114,0.059902153872446705,-0.08849356746285464,-0.04797852225150617,0.06080200555366556,-0.10523331914811614,0.07399998154969147,0.06619237388621783,0.0002514544956143549,0.03754253633701568,-0.03316925815527475,-0.06808033150636887,-0.03327214888175241,0.013463193315902606,0.02670766110543864,-0.06326904931961017,0.0418833279599321,-0.019150221009999475,0.08275300043767041,-0.04741332504481351,-0.04868528893800833,-0.047487566891792954,-0.03708336521959561,-0.06312168511913442,-0.028674592088280645,0.053011361944502546,-0.06716527169908089,0.07463953323248372,0.029053567687906658,0.04078973773957983,-0.05714770335700465,0.018649690850091084,0.019974633084373774,-0.0545215081666757,0.010164519578220777,0.0394487758499512,-0.0029578003111679365,0.030299796598257562,0.029554117085570153,-0.04456611842884979,-0.1206311165835395,0.019865334755541048,-0.0011487201939495116,-0.0039031575634951338,0.0032191812878128545,-0.00823203973984453,0.06373564769575985,-0.052755435548856006,-0.04189987640467474,-0.03208056116713537,-0.027686323084919914,0.032832329043320264,-0.005749591508852571,0.022363366684760917,0.05516289135307411,-0.020206248402669304,0.018256856649843247,-0.0618391840688819,0.03508654417450208,-0.0015954786134365338,-0.03327665256418573,0.005308795249122535,0.04788943289185305,0.0013831468062806083,0.03359343910918415,-0.03321276227780977,0.013210234041318299,2
0.48111621986238995,-0.17345197855377215,0.1585624698348304,0.4766233340621922,0.11384211891152451,0.06742802246283298,-0.05918097732723819,0.028151938203479325,0.02022339649682614,-0.053486287827960145,0.003877778532181708,-0.04359422305809375,0.03478098470084045,0.007990866045933543,-0.0063326937663788375,-0.03066177062632244,-0.02335536653789238,0.05802812251977332,-0.023816218097962683,-0.04868267684429256,0.010412859268541182,0.010558681349164746,0.01858230645785923,0.04216696399235558,-0.009360164300787037,-0.007160669648094331,0.016137659309001347,-0.02291537562473944,0.000853613754175323,-0.021932630014363384,-0.008472272062062941,0.006153441644359675,0.030211996796026843,0.006743379406244057,0.048059630171883354,-0.05418273710587007,-0.05016475505400133,0.0037123266297348625,-0.01126118221671909,-6.069649435999441e-05,0.010577473175692638,0.002367714181418669,0.008685272646399253,-0.024017629991093043,-0.0073940768941529135,-0.015218815160437502,-0.03826618196901081,0.009835919584667273,-0.00011990355387920888,-0.03316663417794596,0.026332649183307796,0.005251983176722487,-0.026515389313405156,0.04263092940300434,-0.012043459098325989,-0.008799605108263785,-0.012532985488689122,0.04597371099572029,0.055661304731750696,-0.017990846724261593,-0.021939296528493964,0.032314438700255875,0.020777578293263998,0.031159793410802293,0.018139768989647462,0.0008674232040423312,0.016848399642971315,0.002757075614434202,-0.005272992579986131,-0.00641006699851018,0.03690355072474624,-0.04156535784354086,0.0009506915690392591,0.02310496081260597,-0.03840735570743448,0.015296365143072137,0.036942500323395855,0.002346637747179377,0.07039013072337828,0.056706188636820344,-0.018520003187881422,-0.013046477353996258,-0.01606108168249833,-0.026339471906096642,-0.07930148561011806,-0.03946282176412111,-0.017727361199567047,0.014987256786484585,-0.03055490401564167,-0.08259067461212552,-0.015227080187588176,0.01643053085667073,0.011356409365353535,0.08931103743518438,0.007401849506884571,0.003168836126448041,0.05075849909714528,-0.03647332765620026,0.05662741906796644,-0.04971960099601893,2
0.07047592261609506,-0.019585221318449586,-0.007162587918457514,-0.17998126522577207,0.06746528325224968,-0.0679975141316347,0.039430970198060855,-0.2360383023395799,0.02650463043547698,0.06695015711159163,-0.09741567893565946,-0.28956111638191184,-0.1037928133982562,0.3333042134462222,-0.08239914146597428,0.012764480079636077,0.03604737327288353,0.10756485714294423,-0.0408745996776113,-0.06345020409931375,0.008757408964285595,0.0230025408304343,-0.06386385947826481,0.05610488606609962,-0.025674787662848208,-0.024456078844947892,0.01397222653029566,-0.002939151038791257,0.05079302196625559,0.021969041960907824,0.026276216814385953,-0.024626180350069325,0.03458592374309093,-0.05862389461002734,0.060659964868400244,-0.14789526416143092,0.02132242030897421,0.039276913938808486,-0.0025034210465098472,-0.027210425498563204,-0.08553703579780124,-0.016853291633686547,0.0709039125110016,-0.014376724143687786,-0.09030517466542834,-0.054871629456576615,-0.020780005385786292,-0.04192341977802338,-0.11064893620121273,0.08816272265110048,0.15247785109336437,-0.03188909807923119,0.10171744761819801,0.11534198890307115,0.19675641378535594,0.1175937940575939,0.15301999244952302,-0.046075866917181074,-0.06584519191467637,0.02448352485103417,0.017741605868458063,-0.08267453935741666,-0.08878072408006984,0.027712157958501835,-0.04466495288818575,0.0007263776488142887,0.04402746342329529,-0.06968320709183232,-0.028322236707175593,0.04035502100683435,0.06329504626869127,-0.02205712940870816,-0.021202857478531494,0.0186828832176642,0.008049610395678378,0.06671287886076163,0.05099021529942304,0.015807180706831937,0.01825574726548767,-0.02339703081193835,0.009372770842403823,-0.044915054735011395,0.07661025148156532,-0.03526477667414906,-0.027992833756531152,0.0011816331552782756,-0.02234869715604879,-0.06611592931314478,0.0006189611474549489,-0.042392384968956504,-0.055724641196471754,-0.07157294055897727,0.018379313653099565,-0.03488165222762501,-0.016065564741477845,-0.031383259599537104,-0.09791172909967481,0.07223153972403128,-0.010431775767926432,-0.033045541653204016,2
0.07081029391936733,-0.04695990140675764,-0.007819169900175536,-0.15478723735220787,-0.05021537621240978,0.010325013930638548,-0.14915689901491366,0.019457676240845368,0.13096591785825235,-0.1252476031538091,-0.17223920608785695,0.012755124623840998,0.032281747451802865,-0.020946799750397437,0.08970954912683562,0.05069778985009984,-0.027445873430603555,-0.12630567581120225,-0.02481036922329019,-0.0034598571968320235,-0.0052811643830422824,0.09721144640926933,-0.1038050344147522,-0.057841956818011166,0.12033360059305806,0.019983055786913322,0.04212247228713273,0.07489272264734856,-0.08603807547726856,-0.11210103388984455,0.14834108126372703,-0.04099058426615455,0.11540308988604084,-0.017601715840292294,0.0498384264353519,-0.011334525455146273,-0.008009676724267391,-0.05920422397996943,0.1516406020863834,-0.02062446868424928,0.11247676502665539,-0.14224107398403532,-0.07421986201201926,-0.17787506581213977,-0.02820988658835301,0.0317776506819838,-0.0670505700666251,-0.018687771379487034,0.11608664325902525,0.14445719518674924,-0.03613263159694262,-0.056765252116718,0.03763466736735708,0.002469239671186277,-0.015119003291805214,-0.10171662776629146,-0.03415966054793175,0.04726307993759731,0.011834926099237393,0.0064968938139529885,0.04312417668962949,0.007438818564124178,-0.07777146352084004,-0.046592209631951695,-0.06556489195246712,-0.07586207017086084,0.09734714495892886,0.1561532127890518,0.10061067228860204,-0.01067959655527269,0.05058691364095079,-0.07197206734074693,0.06196843919926106,0.002452640820956817,-0.06081719849352123,-0.00043433511027405496,0.1094583077836506,0.002800715768741397,0.07229116272355145,-0.10357927792683344,-0.04273581906029851,0.12212802288175478,-0.04569158412385542,0.17408247986993602,0.06046055962661012,0.03463817733378469,0.027688429552702207,0.11258915032889934,-0.06657181453867499,-0.08812560336672545,-0.014257784434872913,-0.026796738233596976,-0.031969457067270654,0.04455801079244097,-0.0670055092305984,0.14242199667191832,-0.01478862949350029,0.05728524214643632,-0.06433089793806482,0.05950539598403422,2
0.057358294881063594,-0.01915100799303017,-0.007666472465177192,-0.11584963964166353,-0.04133056539502881,-0.0055185900124363795,-0.11973445821336236,-0.044250802461043307,0.11898844532108149,-0.07241633458429239,-0.19986131115657563,0.0011037798311229292,0.049797657705819766,-0.04468284923019449,0.13932981664017202,-0.028830459033096268,-0.009225922429216457,-0.1488456959676054,0.013354847704045984,0.1868769529330561,-0.03172693426078356,0.08292221245790322,0.04053442366451527,-0.014828458876738247,0.023400541223437352,0.04300698307294886,-0.050507512569224006,0.05177940317041844,-0.057686047096392946,-0.09824232943905828,-0.08005301655159891,-0.06150938569299542,-0.06940651678553725,-0.19053743635718218,-0.033112932513474594,-0.1387007288516695,-0.02612689234822832,0.09104235380189489,0.021431666173672384,-0.09481368179647623,0.09011305548594593,0.19154566767046835,0.28735150914274155,-0.14891784471555367,0.06259566690886659,-0.05521710241156681,0.12716289654033944,0.021737644258006127,-0.04991243917249471,-0.2436257661765046,0.11935272952573946,0.08317162214859636,0.01097903290902708,-0.10953796399170912,-0.0022502528761648346,0.08927374441803994,-0.013306280599813284,0.047321061437138184,0.042472884073472876,-0.02556027816852173,0.05894796547538702,-0.08813966545325508,-0.026189147696926974,-0.01571095472684769,0.04716480105594619,-0.02228484997492582,-0.033890469620472014,-0.014799074341141902,-0.021503863093092632,-0.05794096783692928,-0.019008193743730323,0.13865172432782472,-0.021524719029814336,-0.0801438909308866,0.07361794104287389,-0.11588909379710921,0.032900371021253476,-0.06865460309453685,0.03449144943481656,-0.009635068965447378,0.06747458663517511,-0.03141979251031275,-0.054766216501456404,0.020687550688561783,-0.05016572857214368,-0.0650518155625597,-0.047828601586171735,0.014432550263535784,-0.0041751650089600625,0.018122946849462664,-0.06338686764187194,-0.01616459639690363,0.08508030730817802,0.07167110070148765,-0.04041974170153758,-0.10739204782929597,0.06083687453630966,0.07323508858818589,-0.015501470125723456,-0.10421769063093349,2
0.08015679774856715,-0.027690275659971654,-0.0016125979170556045,-0.09984852141302274,0.01265906830709576,-0.008469167420007806,-0.025178027170299763,-0.006112133792006604,-0.011000693589845432,0.02573354994892856,0.032075825077298954,-0.04276062202099133,0.06449537905607536,-0.011489081976554063,-0.0327457816514797,0.030179666995216715,-0.07691678917288836,-0.07783429430929795,0.01841018064830271,0.015047623804095347,-0.025375998934583473,-0.03388280646862977,-0.015005652271156793,0.02674761082379371,-0.001230737858667784,0.016913965338513966,-0.02641486398747109,0.17179364244536066,-0.03893723872148305,-0.05716095827071912,-0.0388373524443025,-0.07829366546765801,0.06173408099158817,-0.16106404348081352,-0.04387762375937915,-0.12468269408677442,0.2049203741900994,-0.013328955803546589,0.10185576088022677,-0.12422230118429618,0.0702924472382763,-0.0016475951545615022,-0.005892538125940524,0.18552174101390273,0.13817271814902352,-0.054385812788836,0.12614307984047216,-0.05301107264338426,0.004005610278176063,0.14761304685874516,-0.06903729201788492,0.1157344176741504,0.11279497851919265,-0.10754409333265998,-0.030929186438413928,-0.23238259070630124,0.1092296222388071,0.06192371853353302,0.0011644873456577358,-0.06728902487587123,0.12250253974193799,-0.12941578221109165,-0.1115790411853302,0.075665965488064,0.09520993673192618,-0.031799544842694996,0.1262998441239883,0.03880410898293318,-0.05355828861456128,-0.09938127818022334,-0.036658417669822585,-0.15460879623026288,-0.025666988038444395,0.012964789714895331,0.1413985814402085,0.09390687154053046,-0.026341483428637538,0.005805383099485297,-0.14571003270399763,0.12710353577427358,-0.05898847951335187,0.15594977418903852,0.09983974962835776,-0.03357384537903893,-0.14213311389817415,0.12029520514216602,0.018465799722778096,-0.053841023063720184,0.09248204846892903,-0.032233445992072514,0.01142746763441743,0.15126728122141656,0.055933022067264006,-0.23892286296939394,-0.0704958349258122,0.05851932855983331,-0.1254130214502087,-0.056204435656729605,0.05143818955934028,-0.026723622272915172,2
0.20520511910716746,-0.11581577849557291,0.010610422563512167,0.007912910598584334,-0.286026310892699,-0.23674384307673316,0.37981243925892233,0.010465661874246602,0.06798928772329195,-0.06503596516234168,0.14619779211560438,-0.09928724804155546,-0.18830030682234702,0.013051788455816931,0.13670169897075535,0.09462373962845307,-0.022307288161694902,0.08571611381301987,0.050642945988377264,-0.042009134957455375,-0.06260194589200939,-0.06279904631156158,-0.03702145401059381,0.02391589807473683,0.14041837376492838,-0.03764925913656984,-0.04778637425055903,0.13829075235279903,-0.11815011623085796,0.01190066743162023,-0.04918470744846837,-0.05065172497197536,-0.07340981147796255,0.061674144038496116,-0.10911133984677523,0.2709833010690187,-0.015105978636285027,-0.005763808103695222,0.029239279953998002,-0.03703132177339713,0.07319271329990533,0.07369415858112181,-0.02718802693917776,-0.013117937907196371,0.1748632085585335,0.01519586144807743,-0.009524371623227983,0.024558867125700677,0.05459189759717287,-0.08152856237601322,-0.01806852284740985,-0.07940188575915375,0.02705957880451122,0.11832922044828785,0.0763117695828598,0.00869206027372085,0.02929076129284432,0.01366242112569675,-0.017520839650385422,0.061154005419695,-0.01572666985762327,-0.019767135841814883,0.0018966454721223238,0.013671744093210165,0.03092764540629015,0.004739960669815867,0.045637709860829566,-0.08374675228389489,0.014577739682821807,0.04102774208453443,0.040885364500014086,-0.04291501345709191,-0.012059254272033752,-0.03792431651601648,0.05787259356852494,0.01949839593898783,-0.034217238723906016,-0.009631346875038298,-0.0192658433125948,-0.06433748731647602,-0.07701934179054358,-0.043596459826246596,0.022740433408873235,-0.014335515512125674,-0.06508035477348917,-0.03317864830270695,0.04823772752756257,-0.01867090658897371,-0.06333501163237072,-0.03186320594914243,-0.03709502952476457,-0.0016174640211867434,-0.007584533391452628,0.013390382329599075,-0.08610736976501464,-0.004192700487716233,0.06669430165640551,-0.04134424777517739,-0.03805969705400587,0.04047802132458432,2
